descripcion_limpia,categoria
Té,Alimentacion
Natacion,Ocio
Examen laboratorio,Salud
Servicio streaming,Servicios
Pago crédito hipotecario,Vivienda
Reloj,Ocio
Tienda de abarrotes,Alimentacion
Medicinas,Salud
Servicio streaming,Servicios
Reparacion tuberia,Vivienda
Farmacia Similares,Salud
Pago universidad,Educación
Colonia,Ocio
Reparacion de plomeria,Vivienda
taxi sitio,Transporte
Fibra optica,Servicios
Examen medico,Salud
Cablebús,Transporte
Te y galletas,Alimentacion
Servicio Didi,Transporte
Examen de laboratorio,Salud
Pan dulce,Alimentacion
Pago telefonía,Servicios
Tanque de gasolina,Transporte
Compra de comida,Alimentacion
Antibiotico,Salud
transporte publico,Transporte
DIDI,Transporte
didi,Transporte
Factura agua,Servicios
Reparacion casa,Vivienda
Abono hipoteca ,Vivienda
Suscripcion Disney,Ocio
Renta mensual,Vivienda
Servicio cable,Servicios
recibo de luz,Servicios
Boliche,Ocio
Colonia,Ocio
Supermercado,Alimentacion
Medicamento,Salud
Panadería,Alimentacion
combustible,Transporte
Gasolina magna,Transporte
Autobus,Transporte
Parking,Transporte
Desayuno,Alimentacion
Factura agua,Servicios
Compra de comida,Alimentacion
Baile,Ocio
Gas natural,Servicios
Pintura,Vivienda
Compra farmacia,Salud
Boleto teatro,Ocio
farmacia similares,Salud
Análisis Laboratorio,Salud
Combustible,Transporte
stream,Ocio
Clases privadas,Educación
transporte publico,Transporte
Ciclismo,Ocio
Mensualidad gimnasio,Servicios
Didi Food,Alimentacion
Carga gasolina,Transporte
servicio streaming,Servicios
dentista,Salud
Transporte público,Transporte
Taxi de sitio,Transporte
Reparación casa,Vivienda
Laboratorio medico,Salud
Mantenimiento edificio,Vivienda
Útiles escuela,Educación
Lentes para sol,Ocio
Pago limpieza,Servicios
Te,Alimentacion
Clases idiomas,Educación
Compra medicamentos,Salud
Electrodoméstico,Vivienda
senderismo,Ocio
galleta,Alimentacion
Medicamento,Salud
Comida rapida,Alimentacion
Antibiotico,Salud
Utiles escuela,Educación
Pago gimnasio,Servicios
Recarga Metro,Transporte
Obra de teatro,Ocio
Cómic,Ocio
PEMEX,Transporte
Colegio,Educación
Cafe,Alimentacion
Decoración casa,Vivienda
Pago escuela,Educación
Reparacion casa,Vivienda
Pago luz,Servicios
Accesorios,Ocio
DOCTOR,Salud
Curso inglés,Educación
Gorra,Ocio
Pollo,Alimentacion
Psicologo,Salud
Set de ducha,Ocio
Adornos hogar,Vivienda
Pastilla,Salud
FERRETERIA,Vivienda
Comida restaurante,Alimentacion
Surf,Ocio
Estudio medico,Salud
Pago mensualidad escolar,Educación
combustible,Transporte
Gasolina magna,Transporte
Utiles escuela,Educación
Estacionamiento vehiculo,Transporte
Antibiótico,Salud
Cartera,Ocio
Gimnasio,Servicios
sacmex,Servicios
Tacos restaurante,Alimentacion
Cena,Alimentacion
Medicamento,Salud
Seminario académico,Educación
Pago celular mensual,Servicios
senderismo,Ocio
Electrodomésticos,Vivienda
fruta,Alimentacion
uber,Transporte
Gorra,Ocio
TAXI,Transporte
Decoracion casa,Vivienda
Pago luz,Servicios
Viaje transporte,Transporte
Seminario,Educación
Autobus,Transporte
Material educativo,Educación
Estacionamiento vehiculo,Transporte
Decoracion casa,Vivienda
Universidad,Educación
Lentes de sol,Ocio
Libro escolar,Educación
Consulta dental,Salud
Camión,Transporte
Cómic,Ocio
Consulta medica,Salud
Curso inglés,Educación
GYM,Servicios
laboratorio medico,Salud
stream,Ocio
Laboratorio,Salud
Curso ingles,Educación
Despensa mensual,Alimentacion
Inscripcion escolar,Educación
Netflix,Ocio
Juego,Ocio
Festival,Ocio
Pollo,Alimentacion
Pago caseta,Transporte
Reparación electrodoméstico,Vivienda
Farmacias Guadalajara,Salud
CFE pago,Servicios
Cuota autopista,Transporte
MEDICINA,Salud
Compra farmacia,Salud
Pago combustible,Transporte
Taxi sitio,Transporte
Estudio médico,Salud
Certificacion,Educación
Material escolar,Educación
Te y galletas,Alimentacion
Curso virtual,Educación
Pago colegiatura,Educación
tren suburbano,Transporte
Entrada teatro,Ocio
Material de estudio,Educación
autobus,Transporte
Dentista,Salud
Delivery de comida,Alimentacion
Hospital,Salud
Congreso academico,Educación
laboratorio,Salud
Comida rapida restaurante,Alimentacion
Seguro de gastos médicos,Salud
Pago seguro vivienda,Vivienda
Medicamento,Salud
Consulta medica,Salud
Credito hipotecario,Vivienda
Servicio agua,Servicios
Tenis,Ocio
servicio streaming,Servicios
Pago de servicio,Servicios
Mueble para sala,Vivienda
Taller idiomas,Educación
Gasolina Magna,Transporte
Autopista,Transporte
Frances,Educación
pastilla,Salud
Conferencia académica,Educación
Examen laboratorio,Salud
Mensualidad universidad,Educación
Conferencia academica,Educación
Receta médica,Salud
Decoración hogar,Vivienda
Consulta nutricional,Salud
Recarga Metro,Transporte
Karaoke,Ocio
ferreteria,Vivienda
cafe,Alimentacion
Pago inscripción,Educación
Museo,Ocio
Servicio de internet,Servicios
Francés,Educación
Servicio cable,Servicios
Consulta doctor,Salud
Estacionamiento vehiculo,Transporte
Urgencias medicas,Salud
Servicio de internet,Servicios
Suscripcion Netflix,Ocio
certificacion,Educación
Television por cable,Servicios
Servicio mantenimiento,Servicios
Servicio de cable,Servicios
Pemex,Transporte
Pago de luz,Servicios
Metro,Transporte
Boleto tren,Transporte
Mensualidad escuela,Educación
Mantenimiento departamento,Vivienda
Clases de ingles,Educación
Pago escuela,Educación
servicio streaming,Servicios
Obra de teatro,Ocio
Recibo de servicio,Servicios
Clases privadas,Educación
Clases idiomas,Educación
Uber Eats,Alimentacion
combustible,Transporte
Delivery de comida,Alimentacion
DIDI,Transporte
Taxi de sitio,Transporte
Clases de idiomas,Educación
curso en linea,Educación
Inscripción curso,Educación
Mensualidad universidad,Educación
doctor,Salud
Pasaje urbano,Transporte
Perfume,Ocio
Uber,Transporte
Compra utiles escolares,Educación
Clases de inglés,Educación
Credito hipotecario,Vivienda
Clases de matematicas,Educación
Analgesico,Salud
Estacionamiento vehiculo,Transporte
Servicio de internet,Servicios
Transporte urbano,Transporte
Gasolina Premium,Transporte
Plan internet,Servicios
Odontologo,Salud
Curso inglés,Educación
Inscripcion escolar,Educación
Fragancia,Ocio
Paramount,Ocio
Compra en supermercado,Alimentacion
dentista,Salud
laboratorio medico,Salud
Electricidad,Servicios
Servicio gas,Servicios
vegetal,Alimentacion
Internet,Servicios
vegetales,Alimentacion
Despensa mensual,Alimentacion
Compra medicamentos,Salud
Servicio de cable,Servicios
Compra libros escolares,Educación
Boleto de autobus,Transporte
Gas Natural,Servicios
Television por cable,Servicios
Transporte urbano,Transporte
Mantenimiento departamento,Vivienda
Uber,Transporte
Hospitalizacion,Salud
Mochila,Ocio
Recibo CFE,Servicios
Ingles,Educación
Nutriologo,Salud
Útiles escuela,Educación
gasolina,Transporte
Pago de television por cable,Servicios
Comida rapida,Alimentacion
Suscripcion Netflix,Ocio
Pastillas,Salud
Senderismo,Ocio
Estacionamiento vehículo,Transporte
suscripcion netflix,Ocio
COLEGIATURA,Educación
Seguro de gastos médicos,Salud
Matcha latte,Alimentacion
farmacia,Salud
Comision Federal de Electricidad,Servicios
Clases de inglés,Educación
Paramount,Ocio
Psicologo,Salud
supermercado,Alimentacion
Telefonía móvil,Servicios
Botanas,Alimentacion
Paseo,Ocio
cablebus,Transporte
Pago Telcel,Servicios
Pago gas natural,Servicios
Pintura casa,Vivienda
Urgencias médicas,Salud
Antibióticos,Salud
Crédito hipotecario,Vivienda
renta,Vivienda
Museo,Ocio
vegetales,Alimentacion
Tanque gas,Servicios
Material didactico,Educación
Despensa,Alimentacion
Seguro médico,Salud
Analgésico,Salud
MEDICO,Salud
Videojuego,Ocio
Té y galletas,Alimentacion
Medicamento,Salud
Recarga de gas,Servicios
Consola videojuego,Ocio
Laboratorio médico,Salud
Limpieza del hogar,Vivienda
Vestido,Ocio
Recibo de gas,Servicios
Libro escolar,Educación
Recarga tarjeta transporte,Transporte
Mensualidad escuela,Educación
panaderia,Alimentacion
Plomeria,Vivienda
Collar,Ocio
Clases idiomas,Educación
Compra en mercado,Alimentacion
Uber eats,Alimentacion
Estudio medico,Salud
walmart,Alimentacion
Paramount,Ocio
Viaje Didi,Transporte
Curso de internet,Educación
PERFUME,Ocio
Hamburguesa,Alimentacion
Clases de inglés,Educación
Combustible,Transporte
Muebles para sala,Vivienda
Desayuno,Alimentacion
Uber,Transporte
Taller de idiomas,Educación
Electrodoméstico,Vivienda
Credito hipotecario,Vivienda
Muebles,Vivienda
Curso ingles,Educación
Servicio de agua,Servicios
Recarga tarjeta transporte,Transporte
Tienda de abarrotes,Alimentacion
Medicina,Salud
Carga gas LP,Servicios
ciclismo,Ocio
curso,Educación
Artículos limpieza,Vivienda
renta,Vivienda
Muebles,Vivienda
Recibo gas,Servicios
GAS LP,Servicios
supermercado,Alimentacion
Consulta medica,Salud
Compra en supermercado,Alimentacion
Estudio médico,Salud
UBER,Transporte
Viaje Uber,Transporte
pemex,Transporte
Pago colegiatura,Educación
Servicio cable,Servicios
Plomería,Vivienda
MEDICINA,Salud
Gimnasio,Servicios
walmart,Alimentacion
Artículos limpieza,Vivienda
Pago de hipoteca,Vivienda
pintura,Vivienda
Material ferreteria,Vivienda
Servicio gas,Servicios
Collar,Ocio
Cablebus CDMX,Transporte
Carga Gas LP,Servicios
Matcha latte,Alimentacion
Vestido,Ocio
Mensualidad renta,Vivienda
Videojuego,Ocio
Francés,Educación
Cita médica,Salud
Diplomado profesional,Educación
medicina,Salud
Estudio medico,Salud
Cuota de mantenimiento,Vivienda
Fotografia,Ocio
Pago caseta,Transporte
Despensa,Alimentacion
Pago escuela,Educación
Servicio Uber,Transporte
Limpieza casa,Servicios
Uber viaje,Transporte
Visita guiada,Ocio
Pedido de comida,Alimentacion
Odontólogo,Salud
Pago de Agua,Servicios
escuela,Educación
Yogur,Alimentacion
Material educativo,Educación
Tren suburbano,Transporte
suscripcion netflix,Ocio
Terapia fisica,Salud
Pastillas,Salud
verdura,Alimentacion
Pago hipoteca,Vivienda
Reloj,Ocio
Útiles escuela,Educación
Boleto de autobús,Transporte
Mantenimiento casa,Vivienda
Gasolinera,Transporte
Pago cable,Servicios
farmacia,Salud
Seguro casa,Vivienda
Mensualidad hipoteca,Vivienda
Tarjeta movilidad,Transporte
Cafeteria local,Alimentacion
surf,Ocio
Matcha latte,Alimentacion
Farmacias Guadalajara,Salud
Dentista,Salud
Pasaje tren,Transporte
Pastilla,Salud
Curso ingles,Educación
Mensualidad Netflix,Ocio
Curso virtual,Educación
Ferretería,Vivienda
Cómic,Ocio
Pago telefonia,Servicios
Museo,Ocio
Artículos para hogar,Vivienda
Pago escuela,Educación
Spa,Ocio
Pago inscripcion,Educación
Pago cable,Servicios
Electrodomestico,Vivienda
Odontologo,Salud
Autobús,Transporte
Compra ropa,Ocio
Mensualidad Netflix,Ocio
Pago limpieza,Servicios
Pasaje urbano,Transporte
Clases de matemáticas,Educación
Decoracion casa,Vivienda
Limpieza casa,Servicios
Tren Suburbano,Transporte
Pintura casa,Vivienda
Carnicería,Alimentacion
Decoracion del hogar,Vivienda
uber,Transporte
MEDICINA,Salud
Gasolina premium,Transporte
Boliche,Ocio
Boleto teatro,Ocio
Odontólogo,Salud
Juego,Ocio
Compra útiles escolares,Educación
taxi sitio,Transporte
Pago de internet,Servicios
NETFLIX,Ocio
Mercado,Alimentacion
Consulta doctor,Salud
Antibiotico,Salud
tortillas,Alimentacion
Paramount+,Ocio
Carga gasolina,Transporte
Consulta con doctor,Salud
Pago de internet,Servicios
Comision Federal de Electricidad,Servicios
Consulta dental,Salud
Artículos de limpieza,Vivienda
cartera,Ocio
Libro de texto,Educación
netflix,Ocio
Terapia física,Salud
Clases de matematicas,Educación
Mensualidad universidad,Educación
Pago seguro medico,Salud
Libros escolares,Educación
cfe,Servicios
Comida en restaurante,Alimentacion
mantenimiento edificio,Vivienda
Reparación tubería,Vivienda
Hipoteca,Vivienda
Bolsa,Ocio
Compra en mercado,Alimentacion
Boleto evento,Ocio
Festival,Ocio
TIANGUIS,Alimentacion
doctor,Salud
Comida rápida,Alimentacion
Pago gas,Servicios
Medico,Salud
Fibra óptica,Servicios
Artículos de limpieza,Vivienda
Matcha latte,Alimentacion
Kit de ducha,Ocio
Farmacia Guadalajara,Salud
Pago de gimnasio,Servicios
Curso ingles,Educación
comida,Alimentacion
Pago de hipoteca,Vivienda
Pago telefonía,Servicios
Medicinas,Salud
SACMEX,Servicios
UberEats,Alimentacion
Tortillas,Alimentacion
Consulta nutricional,Salud
Tanque gas,Servicios
FERRETERIA,Vivienda
Libros escolares,Educación
Pintura para casa,Vivienda
Estacionamiento vehículo,Transporte
limpieza,Servicios
Crema corporal,Ocio
Cafetería,Alimentacion
Analgésico,Salud
recarga telcel,Servicios
Tutorias,Educación
Compra en tianguis,Alimentacion
Examen laboratorio,Salud
streaming,Ocio
Consulta dental,Salud
Adornos hogar,Vivienda
cafe,Alimentacion
Transporte por aplicación,Transporte
Gasolinera PEMEX,Transporte
Streaming,Servicios
Viaje transporte,Transporte
Material didactico,Educación
Pago inscripción,Educación
Desayuno,Alimentacion
medico,Salud
Matcha latte,Alimentacion
Certificación profesional,Educación
Fragancia,Ocio
comida rapida,Alimentacion
Conferencia académica,Educación
Pintura,Vivienda
Tour por ciudad,Ocio
Superercado,Alimentacion
Receta médica,Salud
Servicio celular,Servicios
Curso en línea,Educación
Senderismo,Ocio
Plan de internet,Servicios
Herramientas hogar,Vivienda
Articulos para hogar,Vivienda
Pago de escuela,Educación
Urgencias medicas,Salud
Farmacias Guadalajara,Salud
Metró,Transporte
Artículos para hogar,Vivienda
Pasaje de autobus,Transporte
paramount,Ocio
Combustible,Transporte
Recarga Metro,Transporte
Refrescos,Alimentacion
Cablebus CDMX,Transporte
Urgencias medicas,Salud
Compra útiles escolares,Educación
Articulos para hogar,Vivienda
Clases privadas,Educación
Credito hipotecario,Vivienda
Vestido,Ocio
doctor,Salud
Suscripción Paramount,Ocio
Pago de hipoteca,Vivienda
Estacionamiento vehiculo,Transporte
Lentes para sol,Ocio
TAXI,Transporte
Pasatiempo,Ocio
MEDICINA,Salud
Pintura casa,Vivienda
Recibo gas,Servicios
Servicio telefonico,Servicios
RECIBO CFE,Servicios
Despensa quincenal,Alimentacion
Mantenimiento hogar,Vivienda
Recibo de luz,Servicios
paramount,Ocio
DiDi,Transporte
examen medico,Salud
TIANGUIS,Alimentacion
Seguro de vivienda,Vivienda
Gasolina Premium,Transporte
Pollo,Alimentacion
Inscripción escuela,Educación
Compra combustible,Transporte
Pintura,Vivienda
Pago de luz,Servicios
surf,Ocio
Congreso academico,Educación
Recibo de agua,Servicios
Abarrotes tienda,Alimentacion
cablebus,Transporte
Antibióticos,Salud
Servicio medico,Salud
taxi sitio,Transporte
Festival,Ocio
Uber,Transporte
pantalon,Ocio
Recarga tarjeta metro,Transporte
Pago gas,Servicios
Telcel,Servicios
Boleto cablebus,Transporte
Pintura casa,Vivienda
Medicina,Salud
Servicio de internet,Servicios
Pescado,Alimentacion
Mensualidad del gimnasio,Servicios
verdura,Alimentacion
walmart,Alimentacion
ropa,Ocio
doctor,Salud
Compra ferreteria,Vivienda
Tanque de gasolina,Transporte
Boleto cablebus,Transporte
Sombrero,Ocio
Material didáctico,Educación
Gasolinera,Transporte
Recarga de gas,Servicios
Electrodomesticos,Vivienda
pastillas,Salud
Comisión Federal de Electricidad,Servicios
HIPOTECA,Vivienda
Articulos de limpieza,Vivienda
Credito hipotecario,Vivienda
Tren suburbano,Transporte
Superercado,Alimentacion
Certificacion,Educación
Boleto tren,Transporte
Novela,Ocio
Servicio de cable,Servicios
Cita medica,Salud
MEDICINA,Salud
Recarga tarjeta transporte,Transporte
Útiles escuela,Educación
Muebles sala,Vivienda
Compra pintura,Vivienda
Pastillas,Salud
Servicio de mantenimiento,Servicios
Estudios de laboratorio,Salud
Entrada teatro,Ocio
Pasaje tren,Transporte
Servicio de plomeria,Vivienda
Cablebus,Transporte
Material escolar,Educación
Libros de texto,Educación
paramount,Ocio
Pago de television por cable,Servicios
Pago de internet,Servicios
dentista,Salud
taxi,Transporte
joyeria,Ocio
gorra,Ocio
Mensualidad universidad,Educación
Telcel,Servicios
Lácteos,Alimentacion
Pago de servicio,Servicios
Taxi de Sitio,Transporte
DIDI,Transporte
Plomeria,Vivienda
CFE pago,Servicios
Servicio de cable,Servicios
Alquiler vivienda,Vivienda
PERFUME,Ocio
MEDICINA,Salud
Abono hipoteca ,Vivienda
Articulos limpieza,Vivienda
Clase particular,Educación
cafe,Alimentacion
FERRETERIA,Vivienda
laboratorio,Salud
Mensualidad universidad,Educación
ciclismo,Ocio
Transporte publico,Transporte
Certificación profesional,Educación
Gas LP,Servicios
Servicio de internet,Servicios
Pago de escuela,Educación
Parque diversiones,Ocio
playera,Ocio
DIDI,Transporte
Pago de celular,Servicios
Galletas,Alimentacion
Servicio Didi,Transporte
Artículos limpieza,Vivienda
supermercadoDESPENSA,Alimentacion
Reparación electrodoméstico,Vivienda
Fibra óptica,Servicios
renta,Vivienda
Boleto de autobús,Transporte
Pescado,Alimentacion
Fotografía,Ocio
Hospitalización,Salud
Servicio spa,Ocio
Servicio de internet,Servicios
Agua potable,Servicios
Festival,Ocio
transporte publico,Transporte
Servicio gasolinera,Transporte
Recarga tarjeta transporte,Transporte
Rappi comida,Alimentacion
Tren Suburbano,Transporte
Pago de luz,Servicios
Reparación electrodoméstico,Vivienda
Inscripcion curso,Educación
GAS LP,Servicios
WALMART,Alimentacion
Falda,Ocio
FERRETERIA,Vivienda
Servicios de reparación hogar,Vivienda
Decoración del hogar,Vivienda
Reparacion tuberia,Vivienda
Material de estudio,Educación
Laboratorio medico,Salud
tren suburbano,Transporte
metro,Transporte
Inscripción curso,Educación
Inscripción escolar,Educación
Despensa,Alimentacion
Compra libro escolar,Educación
Pago mensualidad escolar,Educación
cablebus,Transporte
Pastilla,Salud
Curso idiomas,Educación
Antibióticos,Salud
Clases particulares,Educación
Recibo CFE,Servicios
Compra electrodomestico,Vivienda
SACMEX,Servicios
Suscripcion Netflix,Ocio
Inscripcion escolar,Educación
Productos de limpieza,Vivienda
Suscripción de streaming,Servicios
Pago de gimnasio,Servicios
crema,Ocio
Alquiler,Vivienda
Compra de alimentos,Alimentacion
Servicios de reparación hogar,Vivienda
Didi food,Alimentacion
curso en linea,Educación
GASOLINA,Transporte
Gas Natural,Servicios
Transporte urbano,Transporte
Accesorios,Ocio
Jeans,Ocio
Ferretería,Vivienda
Boleto de autobús,Transporte
Clases de matemáticas,Educación
Analgésico,Salud
Hospital,Salud
gasolina,Transporte
Cuota mantenimiento,Vivienda
didi,Transporte
Medicamentos,Salud
Farmacia Guadalajara,Salud
Reparación plomería,Vivienda
Estacionamiento,Transporte
Juego,Ocio
Pago limpieza,Servicios
Te,Alimentacion
Medico,Salud
Ingles,Educación
Boletos cine,Ocio
Didi food,Alimentacion
Pago luz,Servicios
Pago telefonia,Servicios
Camion,Transporte
Servicio caldera,Servicios
Pintura para casa,Vivienda
fruta,Alimentacion
Pintura,Vivienda
Matcha latte,Alimentacion
Estudio médico,Salud
Despensa quincenal,Alimentacion
Abono hipoteca ,Vivienda
Servicio de mantenimiento,Servicios
Farmacia Guadalajara,Salud
Inscripción universidad,Educación
Pastilla,Salud
gas lp,Servicios
Material ferreteria,Vivienda
Compra de despensa,Alimentacion
Recarga tarjeta metro,Transporte
comida rapida,Alimentacion
spa,Ocio
Farmacia Similares,Salud
Utensilios cocina,Vivienda
Servicio telefonico,Servicios
recibo de luz,Servicios
Alquiler vivienda,Vivienda
ciclismo,Ocio
Streaming,Ocio
Terapia física,Salud
despensa,Alimentacion
Mercado,Alimentacion
Television por cable,Servicios
Compra muebles,Vivienda
Hospitalización,Salud
Utiles escuela,Educación
Farmacias Guadalajara,Salud
Certificación,Educación
Urgencias medicas,Salud
recibo de luz,Servicios
Doctor,Salud
internet,Servicios
Seguro médico,Salud
Cafeteria,Alimentacion
hipoteca,Vivienda
Examen certificacion,Educación
Pago de luz,Servicios
Transporte urbano,Transporte
Tacos restaurante,Alimentacion
Cuota de mantenimiento,Vivienda
Ropa,Ocio
Clases de matemáticas,Educación
Mueble para sala,Vivienda
Pizza,Alimentacion
Servicio de limpieza,Servicios
MEDICINA,Salud
Juegos,Ocio
Pago television por cable,Servicios
autobus,Transporte
Servicio de mantenimiento,Servicios
Pago mensualidad escolar,Educación
Ferretería,Vivienda
supermercado,Alimentacion
Botanas,Alimentacion
farmacia,Salud
Adornos para casa,Vivienda
Té y galletas,Alimentacion
Caseta,Transporte
pago agua,Servicios
restaurante,Alimentacion
Telefonía celular,Servicios
Gasolina,Transporte
Inscripción curso,Educación
Viaje en taxi,Transporte
Huevos,Alimentacion
Ingles,Educación
Peaje,Transporte
Hospitalizacion,Salud
pastilla,Salud
doctor,Salud
COLEGIATURA,Educación
Pago limpieza,Servicios
Verduras,Alimentacion
restaurante,Alimentacion
COLEGIATURA,Educación
Curso de internet,Educación
ESCUELA,Educación
Consulta nutricional,Salud
Cafe,Alimentacion
Productos limpieza,Vivienda
recibo CFE,Servicios
Visita turística,Ocio
Yogur,Alimentacion
Análisis Laboratorio,Salud
Ingles,Educación
Taxi Didi,Transporte
CURSO,Educación
Escuela,Educación
Boleto autobus,Transporte
Compra ferreteria,Vivienda
Reparacion electrodomestico,Vivienda
Tortillería,Alimentacion
Boleto evento,Ocio
Pago Netflix,Ocio
Pago telefonia,Servicios
Autopista,Transporte
Curso en línea,Educación
Hipoteca,Vivienda
Recibo CFE,Servicios
Lacteos,Alimentacion
Nutriologo,Salud
Pago telefonia,Servicios
Material didactico,Educación
Cita médica,Salud
Taxi,Transporte
Examen certificación,Educación
Compra útiles escolares,Educación
Comida para llevar,Alimentacion
Escuela,Educación
Recibo CFE,Servicios
pintura,Vivienda
Pago caseta,Transporte
Frutas y verduras,Alimentacion
Karaoke,Ocio
Gasolina,Transporte
Colegiatura,Educación
hipoteca,Vivienda
Medicina,Salud
Laboratorio,Salud
Pasaje de autobus,Transporte
Ferreteria,Vivienda
Compra de ropa,Ocio
Clases de idiomas,Educación
Tour ciudad,Ocio
pastillas,Salud
Material escolar,Educación
Consulta doctor,Salud
Taxi,Transporte
pastillas,Salud
Compra muebles,Vivienda
Curso idiomas,Educación
Utiles escuela,Educación
Servicio cable,Servicios
Electrodomesticos,Vivienda
Pago gimnasio,Servicios
Carga gasolina,Transporte
certificacion,Educación
Conferencia académica,Educación
Inscripción universidad,Educación
Recarga gas,Servicios
Material de estudio,Educación
Té,Alimentacion
Alquiler vivienda,Vivienda
Teatro,Ocio
Gas LP,Servicios
Recarga de gas,Servicios
Pago universidad,Educación
Cuota autopista,Transporte
Inscripción universidad,Educación
Compra electrodomestico,Vivienda
Carga Gas LP,Servicios
Consulta nutricional,Salud
Gasolina Premium,Transporte
Utiles escuela,Educación
Jugo,Alimentacion
Supermercado,Alimentacion
Cablebus CDMX,Transporte
alimentos,Alimentacion
Taxi,Transporte
Decoración casa,Vivienda
paramount,Ocio
PREMIUM,Transporte
MEDICINA,Salud
restaurante,Alimentacion
Alquiler,Vivienda
Urgencias médicas,Salud
Tanque gasolina,Transporte
DIDI,Transporte
Pago cable,Servicios
Botanas,Alimentacion
Suscripción Disney,Ocio
Seguro de vivienda,Vivienda
Tacos restaurante,Alimentacion
Conferencia academica,Educación
Consulta medica,Salud
Pasaje de autobus,Transporte
Pasaje urbano,Transporte
Tanque gasolina,Transporte
Servicio de limpieza,Servicios
Telefonía celular,Servicios
Pago Netflix,Ocio
Comic,Ocio
Analisis de laboratorio,Salud
Cablebus,Transporte
gasolina,Transporte
SACMEX,Servicios
Zapatos,Ocio
Compra despensa,Alimentacion
Metró,Transporte
Pago de colegiatura,Educación
Carga gas LP,Servicios
Compra medicamentos,Salud
Queso,Alimentacion
Cafeteria,Alimentacion
COLEGIATURA,Educación
Libro de texto,Educación
Pago inscripción,Educación
Pasaje de autobus,Transporte
Clases de matemáticas,Educación
Uber viaje,Transporte
transporte publico,Transporte
spa,Ocio
Pago de celular,Servicios
Cafeteria,Alimentacion
Compra videojuego,Ocio
Tienda de abarrotes,Alimentacion
Material educativo,Educación
Pollo,Alimentacion
Botanas,Alimentacion
Carnicería,Alimentacion
Servicio cable,Servicios
Compra de despensa,Alimentacion
Frutas y verduras,Alimentacion
Mensualidad Netflix,Ocio
Tarjeta Metro,Transporte
concierto,Ocio
metro,Transporte
Comida en restaurante,Alimentacion
Senderismo,Ocio
Laboratorio médico,Salud
Carga gasolina,Transporte
Pasaje tren,Transporte
walmart,Alimentacion
Tianguis,Alimentacion
Clases de idiomas,Educación
Consulta dental,Salud
Senderismo,Ocio
Internet,Servicios
Pago inscripción,Educación
colegiatura,Educación
Medicinas,Salud
Taxi de Sitio,Transporte
MAGNA,Transporte
Pago cable,Servicios
antibiotico,Salud
Abarrotes,Alimentacion
Pasaje de autobus,Transporte
limpieza,Servicios
PREMIUM,Transporte
Pago celular mensual,Servicios
Comida rapida restaurante,Alimentacion
Muebles para sala,Vivienda
Compra libro escolar,Educación
Refrescos,Alimentacion
Boleto parque,Ocio
MEDICINA,Salud
Abono hipoteca ,Vivienda
Tanque de gas,Servicios
Pago de television por cable,Servicios
tortilleria,Alimentacion
Didi food,Alimentacion
Festival musica,Ocio
Netflix,Ocio
Abarrotes,Alimentacion
Falda,Ocio
Pasaje urbano,Transporte
servicio streaming,Servicios
Conferencia academica,Educación
Laboratorio medico,Salud
Material ferreteria,Vivienda
Terapia fisica,Salud
Servicio telefonico,Servicios
Evento,Ocio
Articulos limpieza,Vivienda
Telefonía celular,Servicios
Cafe,Alimentacion
Tutor,Educación
Útiles escuela,Educación
camiseta,Ocio
Plan de internet,Servicios
Compra limpieza hogar,Vivienda
Pago telefonía,Servicios
Uber eats,Alimentacion
Tour turístico,Ocio
Viaje transporte,Transporte
Gasolina premium,Transporte
Medicamento farmacia,Salud
Material de estudio,Educación
gas natural,Servicios
Tortillas,Alimentacion
Pago inscripción,Educación
Suscripcion Disney,Ocio
Pedido de comida,Alimentacion
medicamento,Salud
Uber viaje,Transporte
Compra de ropa,Ocio
Medicina,Salud
Jeans,Ocio
Visita turistica,Ocio
Streaming,Ocio
Te,Alimentacion
Yogur,Alimentacion
Té y galletas,Alimentacion
Compra utiles escolares,Educación
Transporte urbano,Transporte
Analgésico,Salud
Internet hogar,Servicios
Boleto tren,Transporte
paramount,Ocio
HIPOTECA,Vivienda
Examen certificación,Educación
Material didáctico,Educación
Parque de diversiones,Ocio
NETFLIX,Ocio
Pago electricidad,Servicios
Pago mensualidad escolar,Educación
Superercado,Alimentacion
Libros escolares,Educación
Alquiler,Vivienda
Telefonia celular,Servicios
Hospitalización,Salud
Pescado,Alimentacion
Walmart,Alimentacion
Farmacia Guadalajara,Salud
Consulta doctor,Salud
medicamento,Salud
netflix,Ocio
Mantenimiento de caldera,Servicios
Decoración hogar,Vivienda
Servicio de plomería,Vivienda
Matcha,Alimentacion
Estudios de laboratorio,Salud
Accesorios,Ocio
Farmacia del Ahorro,Salud
Hamburguesa,Alimentacion
Pago de luz,Servicios
Servicio limpieza hogar,Servicios
Examen laboratorio,Salud
Compra medicamentos,Salud
Analisis Laboratorio,Salud
natacion,Ocio
Viaje Didi,Transporte
Mensualidad universidad,Educación
Inscripcion escuela,Educación
Ingles,Educación
Recibo de servicio,Servicios
Metro,Transporte
Matcha,Alimentacion
Fibra óptica,Servicios
Compra medicamentos,Salud
Transporte público,Transporte
Compra medicamentos,Salud
Gas Natural,Servicios
Tienda de abarrotes,Alimentacion
Almuerzo,Alimentacion
Compra medicamento,Salud
Pago SACMEX,Servicios
Accesorios de moda,Ocio
Entrada concierto,Ocio
Jugo,Alimentacion
Disney+,Ocio
Servicio gas,Servicios
Inscripcion escolar,Educación
Libro de texto,Educación
Autobús,Transporte
Compra comida,Alimentacion
Reparacion casa,Vivienda
dentista,Salud
Viaje en taxi,Transporte
Pastilla,Salud
Comida para llevar restaurante,Alimentacion
Reparacion de plomeria,Vivienda
crema,Ocio
Entrada concierto,Ocio
Nutriólogo,Salud
Recibo gas,Servicios
Tortilleria,Alimentacion
camiseta,Ocio
ropa,Ocio
Renta,Vivienda
Examen laboratorio,Salud
Clases de inglés,Educación
Compra electrodoméstico,Vivienda
Estudios de laboratorio,Salud
Restaurante,Alimentacion
Cablebús,Transporte
Compra alimentos,Alimentacion
Servicios de reparacion hogar,Vivienda
Gas,Servicios
farmacia,Salud
Inscripción escolar,Educación
Colegiatura,Educación
Despensa mensual,Alimentacion
Herramientas hogar,Vivienda
medico,Salud
Servicio gasolinera,Transporte
Plomeria,Vivienda
Camiseta,Ocio
Servicio de agua,Servicios
Decoracion del hogar,Vivienda
Decoracion casa,Vivienda
Servicio streaming,Servicios
medico,Salud
Comida,Alimentacion
Consulta médica,Salud
CFE pago,Servicios
Recarga tarjeta metro,Transporte
gas lp,Servicios
netflix,Ocio
Clases idiomas,Educación
Compra farmacia,Salud
Pago renta,Vivienda
Recibo de servicio,Servicios
Material didáctico,Educación
Telcel,Servicios
Libros escolares,Educación
Pago telefonía,Servicios
Materiales escolares,Educación
Servicio de plomeria,Vivienda
Recibo de agua,Servicios
Tacos,Alimentacion
Farmacia similares,Salud
WALMART,Alimentacion
DIDI,Transporte
Natación,Ocio
Desayuno,Alimentacion
Adornos para casa,Vivienda
farmacia similares,Salud
Artículos para hogar,Vivienda
Mensualidad Netflix,Ocio
Conferencia académica,Educación
Autobús,Transporte
Taxi Didi,Transporte
certificacion,Educación
Clase particular,Educación
Pollo,Alimentacion
Reparación de plomería,Vivienda
Consulta con doctor,Salud
Cartera,Ocio
Abono hipoteca ,Vivienda
Seminario,Educación
Transporte publico,Transporte
Internet hogar,Servicios
Pago Paramount,Ocio
Juego,Ocio
pago cfe,Servicios
Pasaje urbano,Transporte
Pago de hipoteca,Vivienda
Muebles,Vivienda
Decoración casa,Vivienda
Reparacion caldera,Servicios
Universidad,Educación
Mantenimiento casa,Vivienda
Cena en restaurante,Alimentacion
MEDICINA,Salud
Curso en línea,Educación
Curso de idiomas,Educación
Videojuego,Ocio
Articulos para hogar,Vivienda
Electrodomestico,Vivienda
restaurante,Alimentacion
Seminario,Educación
cfe,Servicios
Refrescos,Alimentacion
medico,Salud
Servicio de cable,Servicios
Pastillas,Salud
Libro,Ocio
tren suburbano,Transporte
recarga telcel,Servicios
renta,Vivienda
Material educativo,Educación
Herramientas,Vivienda
Hipoteca,Vivienda
Recibo de luz,Servicios
Mensualidad hipoteca,Vivienda
Tour turístico,Ocio
LIBRO,Ocio
Boleto teatro,Ocio
servicio streaming,Servicios
Reparación casa,Vivienda
Compra de ropa,Ocio
Combustible,Transporte
plomeria,Vivienda
Materiales escolares,Educación
Decoración del hogar,Vivienda
Pintura para interiores,Vivienda
Boleto concierto,Ocio
Mercado,Alimentacion
Decoración casa,Vivienda
Accesorios,Ocio
Senderismo,Ocio
Pago inscripcion,Educación
Mochila,Ocio
Inscripción escuela,Educación
Carnicería,Alimentacion
Servicio telefonico,Servicios
Compra útiles escolares,Educación
Renta,Vivienda
Reparación de plomería,Vivienda
Ropa,Ocio
Superercado,Alimentacion
Servicio limpieza,Servicios
Obra de teatro,Ocio
Útiles escuela,Educación
Curso de internet,Educación
Mantenimiento casa,Vivienda
Despensa Walmart,Alimentacion
Decoración hogar,Vivienda
fruta,Alimentacion
comida,Alimentacion
Cita médica,Salud
Examen certificación,Educación
Análisis Laboratorio,Salud
Pago de universidad,Educación
Pasaje,Transporte
Parque de diversiones,Ocio
Seminario academico,Educación
Gasolina premium,Transporte
Seguro casa,Vivienda
Concierto,Ocio
Farmacia similares,Salud
universidad,Educación
renta,Vivienda
Comida restaurante,Alimentacion
Comida rápida,Alimentacion
comida rapida,Alimentacion
Panaderia,Alimentacion
Reparación de plomería,Vivienda
UBER,Transporte
Pago de servicio,Servicios
Cita médica,Salud
Urgencias medicas,Salud
Paseo turístico,Ocio
Comida en restaurante,Alimentacion
Fotografía,Ocio
Abarrotes tienda,Alimentacion
FERRETERIA,Vivienda
stream,Ocio
Pago de renta,Vivienda
Recibo de luz,Servicios
Desayuno,Alimentacion
Compra videojuego,Ocio
Despensa quincenal,Alimentacion
Mensualidad escolar,Educación
Pan,Alimentacion
Pan dulce,Alimentacion
UNIVERSIDAD,Educación
Fibra óptica,Servicios
Panadería,Alimentacion
Clases particulares,Educación
DOCTOR,Salud
senderismo,Ocio
Entrada museo,Ocio
Viaje Didi,Transporte
panaderia,Alimentacion
Peaje,Transporte
Servicio gasolinera,Transporte
Farmacia similares,Salud
pago cfe,Servicios
Telefonía móvil,Servicios
Antibiótico,Salud
Pago internet,Servicios
Servicio gasolinera,Transporte
Receta médica,Salud
Libro,Ocio
Pago de escuela,Educación
Carga gasolina,Transporte
Latte,Alimentacion
LABORATORIO,Salud
comida rapida,Alimentacion
Paramount,Ocio
escuela,Educación
Compra útiles escolares,Educación
Festival,Ocio
Yogur,Alimentacion
Servicio mantenimiento,Servicios
RENTA,Vivienda
Rappi comida,Alimentacion
Visita turistica,Ocio
Médico,Salud
Aretes,Ocio
Pago Telcel,Servicios
Libro de texto,Educación
Reparación tubería,Vivienda
Gym,Servicios
Compra de ropa,Ocio
Inscripcion escolar,Educación
Pasaje tren,Transporte
Cablebus,Transporte
Cursos,Educación
Yogur,Alimentacion
Senderismo,Ocio
laboratorio medico,Salud
Congreso academico,Educación
Cómic,Ocio
Pan,Alimentacion
dentista,Salud
Productos limpieza,Vivienda
Pintura interiores,Vivienda
laboratorio,Salud
Spa,Ocio
Servicio telefonico,Servicios
Compra pintura,Vivienda
Tienda de abarrotes,Alimentacion
Consulta dental,Salud
Entrada museo,Ocio
Crema facial,Ocio
Streaming,Servicios
Cafeteria local,Alimentacion
gas,Servicios
Compra ferreteria,Vivienda
Inscripcion escolar,Educación
laboratorio medico,Salud
Recarga de gas,Servicios
Gas Natural,Servicios
Abarrotes,Alimentacion
Antibiótico,Salud
Hospitalización,Salud
comida,Alimentacion
Consulta dental,Salud
pantalon,Ocio
CAMISETA,Ocio
medico,Salud
Conferencia academica,Educación
Psicólogo,Salud
Tanque gasolina,Transporte
Mantenimiento departamento,Vivienda
fruta,Alimentacion
Pago SACMEX,Servicios
pastillas,Salud
Boleto autobus,Transporte
Examen laboratorio,Salud
Compra ferreteria,Vivienda
CURSO,Educación
Crédito hipotecario,Vivienda
Boleto concierto,Ocio
Uber eats,Alimentacion
Productos de cuidado personal,Ocio
Certificación,Educación
Cablebús,Transporte
LABORATORIO,Salud
Mantenimiento edificio,Vivienda
Servicio internet,Servicios
Panaderia,Alimentacion
Tutor,Educación
Café espresso,Alimentacion
pantalon,Ocio
Peaje,Transporte
Reparacion caldera,Servicios
Antibiótico,Salud
Seminario,Educación
Electrodoméstico,Vivienda
PREMIUM,Transporte
Paramount+,Ocio
Suscripcion Netflix,Ocio
Autobus,Transporte
Mantenimiento del edificio,Vivienda
Servicio de limpieza,Servicios
Dentista,Salud
Cita doctor,Salud
Entrada cine,Ocio
Cafeteria local,Alimentacion
DIDI,Transporte
muebles,Vivienda
Set de ducha,Ocio
playera,Ocio
Internet,Servicios
Odontologo,Salud
Entrada cine,Ocio
Suscripción Paramount,Ocio
Clases de idiomas,Educación
Material de estudio,Educación
Alimentos,Alimentacion
Crema,Ocio
Transporte urbano,Transporte
Pago colegiatura,Educación
Comision Federal de Electricidad,Servicios
Consulta especialista,Salud
Factura de agua,Servicios
Pintura para interiores,Vivienda
Ropa,Ocio
Mantenimiento edificio,Vivienda
Tanque gasolina,Transporte
verdura,Alimentacion
Credito hipotecario,Vivienda
Carnicería,Alimentacion
Pan,Alimentacion
Te y galletas,Alimentacion
Compra muebles,Vivienda
Electrodoméstico,Vivienda
Gasolina magna,Transporte
Alquiler vivienda,Vivienda
Pintura,Vivienda
Suscripción Disney,Ocio
Clases de idiomas,Educación
Boliche,Ocio
laboratorio,Salud
Boleto teatro,Ocio
Pintura casa,Vivienda
Suscripcion Paramount,Ocio
spa,Ocio
Material didáctico,Educación
Paramount+,Ocio
Boleto de autobus,Transporte
Recibo de luz,Servicios
Recarga Metro,Transporte
Comida para llevar,Alimentacion
Certificación profesional,Educación
Odontologo,Salud
Productos para hogar,Vivienda
Artículos de limpieza,Vivienda
Vitamina,Salud
Panadería,Alimentacion
Examen médico,Salud
Material educativo,Educación
Compra de comida,Alimentacion
Servicio caldera,Servicios
Farmacia similares,Salud
Mensualidad hipoteca,Vivienda
panaderia,Alimentacion
curso,Educación
Lentes para sol,Ocio
Uber,Transporte
Electricidad,Servicios
Material didactico,Educación
Pago servicio,Servicios
RESTAURANTE,Alimentacion
Examen médico,Salud
Pantalón,Ocio
Uber,Transporte
Tarjeta Metro,Transporte
Cafeteria,Alimentacion
Uber,Transporte
Servicio telefonico,Servicios
Joyería,Ocio
HIPOTECA,Vivienda
Carnicería,Alimentacion
Transporte urbano,Transporte
Visita turística,Ocio
Juego,Ocio
restaurante,Alimentacion
Servicio de plomería,Vivienda
Ferretería,Vivienda
Ferretería,Vivienda
Materiales escolares,Educación
Pintura hogar,Vivienda
Taxi de Sitio,Transporte
Concierto,Ocio
gasolina,Transporte
Paramount Plus,Ocio
supermercadoDESPENSA,Alimentacion
Tarjeta Metro,Transporte
Lacteos,Alimentacion
Transporte por aplicación,Transporte
Carga gas LP,Servicios
Utensilios de cocina,Vivienda
Pago de renta,Vivienda
Comida rápida,Alimentacion
Fragancia,Ocio
Materiales escolares,Educación
Agua embotellada,Alimentacion
Servicio internet,Servicios
Entrada concierto,Ocio
Recibo servicio,Servicios
Telefonia celular,Servicios
electricidad,Servicios
Taxi Didi,Transporte
Taller idiomas,Educación
Credito hipotecario,Vivienda
Antibiotico,Salud
Vitamina,Salud
Pago credito hipotecario,Vivienda
uber,Transporte
Servicio spa,Ocio
Pasaje,Transporte
Cablebus,Transporte
Laboratorio,Salud
Verduras,Alimentacion
Inscripcion universidad,Educación
Material escolar,Educación
Reparación de plomería,Vivienda
Diplomado,Educación
Boliche,Ocio
curso,Educación
Lentes,Ocio
Reparacion casa,Vivienda
Reparacion hogar,Vivienda
Seminario academico,Educación
Cena,Alimentacion
Medicina,Salud
Mensualidad escuela,Educación
didi,Transporte
Servicio Uber,Transporte
Clases de matemáticas,Educación
Pintura para casa,Vivienda
Recarga Telcel,Servicios
Mercado,Alimentacion
Compra de despensa,Alimentacion
taxi sitio,Transporte
renta,Vivienda
PEMEX,Transporte
ferreteria,Vivienda
cfe,Servicios
taxi,Transporte
Compra en farmacia,Salud
Uber viaje,Transporte
MEDICO,Salud
Compra de alimentos,Alimentacion
Servicio médico,Salud
Videojuegos,Ocio
Clases de matematicas,Educación
Pago servicio,Servicios
Farmacia Similares,Salud
Consulta medica,Salud
Supermercado,Alimentacion
gas natural,Servicios
Festival,Ocio
Servicio Uber,Transporte
Utiles escolares,Educación
Servicio streaming,Servicios
Bolsa,Ocio
Gas LP,Servicios
Disney Plus,Ocio
Mantenimiento hogar,Vivienda
Medicamento farmacia,Salud
Despensa,Alimentacion
Estudios de laboratorio,Salud
cafe,Alimentacion
Examen laboratorio,Salud
Matcha latte,Alimentacion
CFE,Servicios
LABORATORIO,Salud
Clases de inglés,Educación
Compra pintura,Vivienda
Reparacion casa,Vivienda
laboratorio,Salud
Examen certificación,Educación
Accesorios,Ocio
UBER,Transporte
Pan,Alimentacion
Pintura,Vivienda
Recarga Telcel,Servicios
Suscripción de streaming,Servicios
Pago servicio,Servicios
Electrodomestico,Vivienda
Didi,Transporte
Urgencias médicas,Salud
sacmex,Servicios
Análisis de laboratorio,Salud
Televisión por cable,Servicios
Análisis de laboratorio,Salud
Disney plus,Ocio
Analisis de laboratorio,Salud
Libro escolar,Educación
Consulta con doctor,Salud
UBER,Transporte
Cuota autopista,Transporte
Cablebus CDMX,Transporte
RECIBO CFE,Servicios
Viaje en taxi,Transporte
Autopista,Transporte
Transporte público,Transporte
gas natural,Servicios
Clases privadas,Educación
Clases particulares,Educación
Certificación,Educación
Clases privadas,Educación
Antibiótico,Salud
Panaderia,Alimentacion
Uber viaje,Transporte
Ropa,Ocio
cine,Ocio
Receta médica,Salud
Concierto,Ocio
Mantenimiento casa,Vivienda
Laboratorio médico,Salud
Certificacion profesional,Educación
Estudio médico,Salud
renta,Vivienda
recibo CFE,Servicios
Cablebús,Transporte
Suscripción de streaming,Servicios
curso,Educación
Masaje,Ocio
Herramientas,Vivienda
TIANGUIS,Alimentacion
Pago cable,Servicios
Verduras,Alimentacion
Inscripcion escolar,Educación
Entrada concierto,Ocio
Boleto parque,Ocio
Compra útiles escolares,Educación
GYM,Servicios
Festival musica,Ocio
MAGNA,Transporte
Pago agua,Servicios
Clases idiomas,Educación
Compra combustible,Transporte
Frances,Educación
uber,Transporte
Pago agua,Servicios
Estudios de laboratorio,Salud
recibo de luz,Servicios
plomeria,Vivienda
Electricidad,Servicios
Taxi sitio,Transporte
Pago CFE,Servicios
Transporte urbano,Transporte
Cartera,Ocio
Inscripción escolar,Educación
Tortilleria,Alimentacion
Pastilla,Salud
Recibo gas,Servicios
Pago de luz,Servicios
Diplomado profesional,Educación
Análisis Laboratorio,Salud
Mercado,Alimentacion
Nutriólogo,Salud
electricidad,Servicios
Examen de laboratorio,Salud
pintura,Vivienda
walmart,Alimentacion
Pago seguro vivienda,Vivienda
Televisión por cable,Servicios
renta,Vivienda
Abono Hipoteca,Vivienda
Decoracion hogar,Vivienda
Servicio de cable,Servicios
Curso de internet,Educación
Inscripción curso,Educación
Utensilios cocina,Vivienda
Reparación casa,Vivienda
Gasolina Premium,Transporte
Cena,Alimentacion
Consulta doctor,Salud
didi,Transporte
Cafeteria,Alimentacion
Gasolina Premium,Transporte
Compra en supermercado,Alimentacion
Pago mensualidad escolar,Educación
Decoración hogar,Vivienda
Compra supermercado,Alimentacion
Taxi de sitio,Transporte
Curso ingles,Educación
Renta mensual,Vivienda
Lentes para sol,Ocio
Dentista,Salud
Análisis de laboratorio,Salud
Suscripción Netflix,Ocio
Credito hipotecario,Vivienda
Compra electrodomestico,Vivienda
Mantenimiento hogar,Vivienda
Nutriólogo,Salud
Servicio telefónico,Servicios
Pintura,Vivienda
Servicio limpieza,Servicios
Pemex,Transporte
Boleto de autobus,Transporte
Recibo servicio,Servicios
Desayuno,Alimentacion
Karaoke,Ocio
Pago renta,Vivienda
gimnasio,Servicios
Boleto de autobús,Transporte
Tacos restaurante,Alimentacion
Curso inglés,Educación
RECIBO CFE,Servicios
cablebus,Transporte
Útiles escolares,Educación
Servicio médico,Salud
Reparacion caldera,Servicios
Pantalon,Ocio
Jeans,Ocio
Gym,Servicios
Estacionamiento vehículo,Transporte
farmacia similares,Salud
despensa,Alimentacion
Pasaje autobus,Transporte
Electrodomesticos,Vivienda
Baile,Ocio
Servicio limpieza,Servicios
Decoracion casa,Vivienda
Abono Hipoteca,Vivienda
Servicio streaming,Servicios
Compra medicamentos,Salud
Cine,Ocio
Pintura casa,Vivienda
Certificación profesional,Educación
Hospitalización,Salud
Pago de luz,Servicios
Pintura casa,Vivienda
transporte publico,Transporte
Electrodomésticos,Vivienda
gimnasio,Servicios
Huevos,Alimentacion
Pago de servicio,Servicios
Bolsa,Ocio
Renta,Vivienda
Mensualidad escolar,Educación
Colegiatura,Educación
surf,Ocio
Consulta medica,Salud
Pasaje urbano,Transporte
autobus,Transporte
Inscripcion universidad,Educación
Pastillas,Salud
Combustible,Transporte
Accesorios,Ocio
Alquiler vivienda,Vivienda
Seguro de gastos médicos,Salud
Tren suburbano,Transporte
Paseo turistico,Ocio
Superercado,Alimentacion
Recarga tarjeta transporte,Transporte
Combustible,Transporte
Taxi Didi,Transporte
Joyería,Ocio
Clases idiomas,Educación
Estudio médico,Salud
Carne,Alimentacion
Análisis de laboratorio,Salud
Comida en restaurante,Alimentacion
Superercado,Alimentacion
Metro,Transporte
taxi sitio,Transporte
Antibiótico,Salud
Taller de idiomas,Educación
Tutorias,Educación
Tianguis,Alimentacion
Restaurante,Alimentacion
HIPOTECA,Vivienda
Hospitalización,Salud
Pasaje autobus,Transporte
Factura de agua,Servicios
Nutriologo,Salud
Despensa Walmart,Alimentacion
Seguro de vivienda,Vivienda
TIANGUIS,Alimentacion
Decoración hogar,Vivienda
Clases idiomas,Educación
Conferencia academica,Educación
Cafetería,Alimentacion
Recibo de gas,Servicios
Mensualidad universidad,Educación
Consulta medica,Salud
Pago de colegiatura,Educación
Compra libro escolar,Educación
Servicio de limpieza,Servicios
Compra combustible,Transporte
Recibo CFE,Servicios
universidad,Educación
WALMART,Alimentacion
Carga de gasolina,Transporte
Recibo CFE,Servicios
Gym,Servicios
Transporte publico,Transporte
Pago telefonia,Servicios
Urgencias médicas,Salud
Gym,Servicios
Compra comida,Alimentacion
HIPOTECA,Vivienda
Recibo de gas,Servicios
metro,Transporte
Compra libro escolar,Educación
Clases de matemáticas,Educación
Hospital,Salud
GYM,Servicios
Mensualidad universidad,Educación
Clases idiomas,Educación
Odontólogo,Salud
despensa,Alimentacion
patinaje,Ocio
Compra farmacia,Salud
Limpieza casa,Servicios
Boleto evento,Ocio
Libros escolares,Educación
electricidad,Servicios
Entrada evento,Ocio
Mantenimiento hogar,Vivienda
cafe,Alimentacion
transporte publico,Transporte
Farmacia similares,Salud
Mensualidad renta,Vivienda
Paseo turistico,Ocio
Cafetería local,Alimentacion
Gas,Servicios
Seminario academico,Educación
Pan dulce,Alimentacion
Camion,Transporte
Gas natural,Servicios
Taxi Didi,Transporte
Electrodomésticos,Vivienda
Inscripción curso,Educación
pastillas,Salud
Combustible,Transporte
Pago de colegiatura,Educación
Taxi Didi,Transporte
Almuerzo,Alimentacion
Videojuegos,Ocio
Frutas y verduras,Alimentacion
Consulta medica,Salud
curso,Educación
Hospitalización,Salud
Recibo de luz,Servicios
Reparación de plomería,Vivienda
Servicio medico,Salud
Pago electricidad,Servicios
Carga gasolina,Transporte
Medicina,Salud
Urgencias médicas,Salud
Medicamento farmacia,Salud
Caseta,Transporte
Crema,Ocio
Curso de internet,Educación
Compra ferreteria,Vivienda
Estacionamiento,Transporte
Paseo turístico,Ocio
Pescado,Alimentacion
Compra medicamento,Salud
Pago de servicio,Servicios
Senderismo,Ocio
combustible,Transporte
Recarga Metro,Transporte
Mensualidad escolar,Educación
Taxi de Sitio,Transporte
Metró,Transporte
Carga de gasolina,Transporte
Compra utiles escolares,Educación
Cablebús,Transporte
Obra de teatro,Ocio
Limpieza casa,Servicios
Inscripcion universidad,Educación
Camión,Transporte
Parque diversiones,Ocio
Credito hipotecario,Vivienda
camiseta,Ocio
Viaje Uber,Transporte
MEDICO,Salud
Pasaje autobus,Transporte
Transporte por aplicación,Transporte
Carga gasolina,Transporte
paramount,Ocio
gasolina premium,Transporte
Mantenimiento servicio,Servicios
Artículos de limpieza,Vivienda
Collar,Ocio
Taxi de sitio,Transporte
Libro,Ocio
Pago limpieza,Servicios
muebles,Vivienda
Consulta con doctor,Salud
Disney Plus,Ocio
Latte,Alimentacion
Jarabe,Salud
Recarga Metro,Transporte
Compra de tortillas,Alimentacion
Te,Alimentacion
Lentes para sol,Ocio
Fotografía,Ocio
Didi,Transporte
Carga gasolina,Transporte
Cita medica,Salud
ciclismo,Ocio
Clases de ingles,Educación
Compra supermercado,Alimentacion
Inscripcion universidad,Educación
Jarabe,Salud
Pastilla,Salud
Pago SACMEX,Servicios
Utensilios de cocina,Vivienda
Transporte público,Transporte
Cuota escolar,Educación
senderismo,Ocio
Compra libros escolares,Educación
Consulta dental,Salud
Certificacion profesional,Educación
Viaje en taxi,Transporte
Nutriologo,Salud
Compra combustible,Transporte
Plomeria,Vivienda
Mantenimiento del edificio,Vivienda
colegiatura,Educación
Pan dulce,Alimentacion
Hospitalizacion,Salud
Cuota autopista,Transporte
Libros escolares,Educación
Seminario academico,Educación
combustible,Transporte
Entrada concierto,Ocio
comida,Alimentacion
Plan de internet,Servicios
Panaderia,Alimentacion
Analgesico,Salud
Servicio limpieza,Servicios
analisis laboratorio,Salud
Pintura interiores,Vivienda
WALMART,Alimentacion
Inscripcion universidad,Educación
Refrescos,Alimentacion
comida rapida,Alimentacion
Servicio telefónico,Servicios
Boleto cablebus,Transporte
Curso online,Educación
Ropa,Ocio
Entrada teatro,Ocio
certificacion,Educación
Clases de inglés,Educación
Adornos hogar,Vivienda
Frances,Educación
Carne,Alimentacion
Pago celular,Servicios
Cuota de mantenimiento,Vivienda
Transporte publico,Transporte
Vitamina,Salud
electricidad,Servicios
supermercado,Alimentacion
Taller de idiomas,Educación
doctor,Salud
Mensualidad escuela,Educación
uber,Transporte
Ferreteria,Vivienda
Ferreteria,Vivienda
Diplomado,Educación
Fragancia,Ocio
Videojuego,Ocio
Analgesico,Salud
Uber,Transporte
Pasaje urbano,Transporte
Pan dulce,Alimentacion
Inscripción universidad,Educación
Huevos,Alimentacion
Entrada cine,Ocio
Consola videojuego,Ocio
Compra farmacia,Salud
Vitaminas,Salud
Mantenimiento caldera,Servicios
Suscripcion Netflix,Ocio
dentista,Salud
transporte publico,Transporte
Fisioterapia,Salud
galleta,Alimentacion
Pago gimnasio,Servicios
Telefonía celular,Servicios
UberEats,Alimentacion
TAXI,Transporte
Taller idiomas,Educación
Muebles,Vivienda
Productos limpieza,Vivienda
Servicio gasolinera,Transporte
GASOLINA,Transporte
Viaje en taxi,Transporte
Inscripción escuela,Educación
combustible,Transporte
Seguro vivienda,Vivienda
Matcha,Alimentacion
Urgencias médicas,Salud
Pizza,Alimentacion
Peaje,Transporte
Hospitalización,Salud
Entrada teatro,Ocio
Hospitalizacion,Salud
delivery comida,Alimentacion
Gimnasio,Servicios
Plomería,Vivienda
Pago inscripción,Educación
Matcha,Alimentacion
Sombrero,Ocio
medico,Salud
Carnicería,Alimentacion
Seguro de gastos médicos,Salud
Analisis de laboratorio,Salud
Estacionamiento vehiculo,Transporte
Analgesico,Salud
Recarga de gas,Servicios
Falda,Ocio
Pago de renta,Vivienda
Alquiler,Vivienda
Boleto cine,Ocio
Camión,Transporte
Análisis Laboratorio,Salud
Cable,Servicios
Joyería,Ocio
Boleto tren,Transporte
Uber viaje,Transporte
Disney Plus,Ocio
Pago internet,Servicios
Ropa bazar,Ocio
Decoración casa,Vivienda
Abono Hipoteca,Vivienda
dentista,Salud
Lentes de sol,Ocio
servicio streaming,Servicios
Consulta con doctor,Salud
Consulta medica,Salud
Reparacion de plomeria,Vivienda
Clase de baile,Ocio
Pago gas,Servicios
pemex,Transporte
tortillas,Alimentacion
Cocina,Vivienda
Metró,Transporte
Diplomado,Educación
GASOLINA,Transporte
Boleto de cine,Ocio
Cita medica,Salud
Material ferreteria,Vivienda
Abono hipoteca ,Vivienda
cablebus,Transporte
transporte publico,Transporte
Mantenimiento departamento,Vivienda
didi,Transporte
Compra ropa,Ocio
CAMISETA,Ocio
Uber viaje,Transporte
Telefonía móvil,Servicios
Tanque gas,Servicios
Boleto parque,Ocio
pemex,Transporte
Abarrotes,Alimentacion
Reparacion hogar,Vivienda
Museo,Ocio
Gas LP,Servicios
Pago de universidad,Educación
Servicio celular,Servicios
medicina,Salud
Servicio Didi,Transporte
Recarga tarjeta metro,Transporte
Pantalon,Ocio
Pan,Alimentacion
Gas,Servicios
Tarjeta movilidad,Transporte
hipoteca,Vivienda
mantenimiento edificio,Vivienda
Inscripción curso,Educación
Laboratorio medico,Salud
Taxi Didi,Transporte
Compra medicamento,Salud
Estudio medico,Salud
Taxi Didi,Transporte
Cafetería,Alimentacion
Consulta doctor,Salud
Paseo,Ocio
certificacion,Educación
Recarga tarjeta movilidad,Transporte
WALMART,Alimentacion
Didi Food,Alimentacion
Pintura para interiores,Vivienda
Pago CFE,Servicios
RECIBO CFE,Servicios
Compra pintura,Vivienda
recibo CFE,Servicios
Transporte por aplicación,Transporte
Comida rápida,Alimentacion
Hospital,Salud
tortillas,Alimentacion
Concierto,Ocio
Pago SACMEX,Servicios
delivery comida,Alimentacion
CFE pago,Servicios
Crema facial,Ocio
Inscripción curso,Educación
Inscripcion escolar,Educación
libro,Ocio
Suscripcion Netflix,Ocio
Farmacias Guadalajara,Salud
MEDICINA,Salud
Boleto de cine,Ocio
Compra libro escolar,Educación
Clases de ingles,Educación
Compra de tortillas,Alimentacion
laboratorio,Salud
Pago gimnasio,Servicios
Obra de teatro,Ocio
Examen medico,Salud
Tutor,Educación
Odontologo,Salud
Congreso académico,Educación
Tanque de gasolina,Transporte
Pasatiempo,Ocio
Alquiler vivienda,Vivienda
GORRA,Ocio
Bolsa,Ocio
Examen certificación,Educación
Laboratorio medico,Salud
natacion,Ocio
Ropa bazar,Ocio
Supermercado,Alimentacion
Clases idiomas,Educación
universidad,Educación
Medicamentos,Salud
GASOLINA,Transporte
Pintura interiores,Vivienda
Inscripción curso,Educación
Ciclismo,Ocio
Videojuego,Ocio
MAGNA,Transporte
farmacia,Salud
Gym,Servicios
alimentos,Alimentacion
Inscripcion escolar,Educación
stream,Ocio
Compra libros escolares,Educación
recibo CFE,Servicios
Artículos para hogar,Vivienda
Alimentos,Alimentacion
analisis laboratorio,Salud
Pago de escuela,Educación
Pista de hielo,Ocio
Cuota mantenimiento,Vivienda
Internet hogar,Servicios
Mantenimiento hogar,Vivienda
Lacteos,Alimentacion
Compra libros escolares,Educación
Compra electrodoméstico,Vivienda
playera,Ocio
Combustible,Transporte
Jarabe,Salud
Mensualidad universidad,Educación
Taxi de Sitio,Transporte
NETFLIX,Ocio
Bolso,Ocio
doctor,Salud
articulos de limpieza,Vivienda
Servicio de plomeria,Vivienda
Comisión Federal de Electricidad,Servicios
Paseo turístico,Ocio
Servicio caldera,Servicios
Limpieza casa,Servicios
Antibiotico,Salud
Suscripcion Paramount,Ocio
Reparacion plomeria,Vivienda
Evento,Ocio
Pago celular mensual,Servicios
Paseo turistico,Ocio
Gasolina Magna,Transporte
Carniceria,Alimentacion
Curso en linea,Educación
Te,Alimentacion
articulos de limpieza,Vivienda
Compra en farmacia,Salud
Abono hipoteca,Vivienda
Servicio Didi,Transporte
Dentista,Salud
Análisis de laboratorio,Salud
Cablebús,Transporte
Reparacion casa,Vivienda
Cablebús,Transporte
Tarjeta movilidad,Transporte
netflix,Ocio
Camion,Transporte
Clases idiomas,Educación
Mensualidad universidad,Educación
crema,Ocio
Transporte público,Transporte
Pago de escuela,Educación
Gimnasio,Servicios
GYM,Servicios
Seguro de casa,Vivienda
gas lp,Servicios
Certificacion,Educación
Certificacion profesional,Educación
Viaje Didi,Transporte
Boleto de autobús,Transporte
Rappi comida,Alimentacion
Medicina,Salud
Carnicería,Alimentacion
Farmacia,Salud
farmacia similares,Salud
cine,Ocio
Pastilla,Salud
Suscripcion Netflix,Ocio
Seguro vivienda,Vivienda
Compra de muebles,Vivienda
Camiseta,Ocio
Inscripción universidad,Educación
Compra libro escolar,Educación
Videojuego,Ocio
farmacia,Salud
universidad,Educación
Certificación profesional,Educación
Botanas,Alimentacion
Material de estudio,Educación
Compra electrodoméstico,Vivienda
Tutor,Educación
Reparacion plomeria,Vivienda
dentista,Salud
Viaje,Ocio
tortillas,Alimentacion
Material didactico,Educación
Examen medico,Salud
Visita guiada,Ocio
Didi Food,Alimentacion
Taxi sitio,Transporte
Pago de television por cable,Servicios
Examen médico,Salud
Compra muebles,Vivienda
Seguro de gastos medicos,Salud
Mueble para sala,Vivienda
Seguro de vivienda,Vivienda
Reparacion tuberia,Vivienda
Boleto autobus,Transporte
Analgésico,Salud
Receta medica,Salud
concierto,Ocio
Cafeteria,Alimentacion
Suscripcion Netflix,Ocio
Artículos limpieza,Vivienda
PREMIUM,Transporte
Examen laboratorio,Salud
renta,Vivienda
DiDi,Transporte
Analgesico,Salud
reloj,Ocio
Taxi Didi,Transporte
Pago inscripción,Educación
Seguro de vivienda,Vivienda
Frutas y verduras,Alimentacion
Abono Hipoteca,Vivienda
ciclismo,Ocio
Paramount Plus,Ocio
Boleto cine,Ocio
Pasaje urbano,Transporte
perfume,Ocio
Curso de internet,Educación
Pago de hipoteca,Vivienda
Libro,Ocio
Análisis Laboratorio,Salud
Electrodomestico,Vivienda
Compra medicamentos,Salud
Compra libros escolares,Educación
gasolina magna,Transporte
Limpieza casa,Servicios
Pago inscripción,Educación
Recarga tarjeta transporte,Transporte
Cine,Ocio
Pago mensual renta,Vivienda
Pago television por cable,Servicios
Compra de despensa,Alimentacion
SACMEX,Servicios
SACMEX,Servicios
Estudios de laboratorio,Salud
Comida,Alimentacion
Galletas,Alimentacion
Seguro medico,Salud
Cuota escolar,Educación
Nutriólogo,Salud
Taxi sitio,Transporte
Telefonía móvil,Servicios
Abarrotes tienda,Alimentacion
Pago de renta,Vivienda
Pago CFE,Servicios
Articulos de limpieza,Vivienda
Antibiotico,Salud
Peaje,Transporte
Television por cable,Servicios
Ingles,Educación
sacmex,Servicios
Servicio cable,Servicios
Pago crédito hipotecario,Vivienda
Conferencia academica,Educación
Carnicería,Alimentacion
Compra libros escolares,Educación
Carga de gasolina,Transporte
Compra pintura,Vivienda
comida,Alimentacion
Pago crédito hipotecario,Vivienda
Reparacion casa,Vivienda
Análisis Laboratorio,Salud
Pago inscripción,Educación
Leche,Alimentacion
Fibra optica,Servicios
Libro de texto,Educación
Utensilios cocina,Vivienda
Curso inglés,Educación
gasolina premium,Transporte
Gas natural,Servicios
disney,Ocio
Farmacias Guadalajara,Salud
UBER,Transporte
Seguro vivienda,Vivienda
Mensualidad escuela,Educación
Telefonía celular,Servicios
Congreso academico,Educación
Seguro de vivienda,Vivienda
Pago limpieza,Servicios
Cafe de cafeteria,Alimentacion
Hamburguesa,Alimentacion
Superercado,Alimentacion
Televisión por cable,Servicios
Seminario academico,Educación
Pago agua,Servicios
COLEGIATURA,Educación
Material escolar,Educación
Inscripcion curso,Educación
Cartera,Ocio
Universidad,Educación
Reloj,Ocio
Útiles escuela,Educación
taxi,Transporte
Boleto de autobus,Transporte
Mantenimiento edificio,Vivienda
Inscripción escolar,Educación
Diplomado,Educación
Conferencia academica,Educación
Gasolinera,Transporte
Compra farmacia,Salud
Certificación,Educación
Crema facial,Ocio
Inscripción universidad,Educación
Pago electricidad,Servicios
Herramientas,Vivienda
Baile,Ocio
Carga de gasolina,Transporte
Inscripcion escuela,Educación
Mantenimiento de caldera,Servicios
Fibra óptica,Servicios
Clases de idiomas,Educación
Lacteos,Alimentacion
Articulos limpieza,Vivienda
Carga gas LP,Servicios
Parque de diversiones,Ocio
Universidad,Educación
Factura agua,Servicios
Abono hipoteca ,Vivienda
Recibo gas,Servicios
Cena,Alimentacion
Verduras,Alimentacion
Recarga tarjeta movilidad,Transporte
metro,Transporte
Carniceria,Alimentacion
FERRETERIA,Vivienda
Festival música,Ocio
Taxi de Sitio,Transporte
Tren Suburbano,Transporte
Cafetería local,Alimentacion
Autopista,Transporte
GYM,Servicios
Psicologo,Salud
Curso inglés,Educación
Pago celular mensual,Servicios
Combustible,Transporte
Ropa bazar,Ocio
Pago crédito hipotecario,Vivienda
Recarga tarjeta movilidad,Transporte
Francés,Educación
hipoteca,Vivienda
Tren suburbano,Transporte
Agua embotellada,Alimentacion
Pago electricidad,Servicios
Gorra,Ocio
Seguro casa,Vivienda
Restaurante,Alimentacion
RESTAURANTE,Alimentacion
Adornos para casa,Vivienda
Suscripcion Paramount,Ocio
Verduras,Alimentacion
Entrada concierto,Ocio
Urgencias médicas,Salud
Libros escolares,Educación
Farmacia similares,Salud
Compra de despensa,Alimentacion
Gasolina Magna,Transporte
despensa,Alimentacion
Curso en línea,Educación
Escuela,Educación
Articulos de limpieza,Vivienda
Seguro de gastos medicos,Salud
Pago de escuela,Educación
Cuota mantenimiento,Vivienda
Mensualidad Netflix,Ocio
Leche,Alimentacion
Estudio médico,Salud
CAMISETA,Ocio
Visita turística,Ocio
CFE,Servicios
Material ferreteria,Vivienda
Pago crédito hipotecario,Vivienda
Pago de gimnasio,Servicios
Decoracion del hogar,Vivienda
recibo CFE,Servicios
Adornos hogar,Vivienda
panaderia,Alimentacion
Dentista,Salud
Limpieza del hogar,Vivienda
Tutorías,Educación
Examen médico,Salud
Curso online,Educación
Accesorios,Ocio
Playera,Ocio
Doctor,Salud
Te y galletas,Alimentacion
Servicio limpieza,Servicios
Hobby,Ocio
Francés,Educación
Fibra optica,Servicios
Pasaje autobus,Transporte
Pista de hielo,Ocio
Inscripcion curso,Educación
Boliche,Ocio
Vestido,Ocio
Boleto autobus,Transporte
Aretes,Ocio
Inglés,Educación
Compra en tianguis,Alimentacion
cfe,Servicios
Te y galletas,Alimentacion
tortillas,Alimentacion
Pago internet,Servicios
Antibióticos,Salud
PREMIUM,Transporte
Compra farmacia,Salud
Seguro vivienda,Vivienda
Estacionamiento,Transporte
Cafe espresso,Alimentacion
Viaje Uber,Transporte
Tarjeta movilidad,Transporte
Gas Natural,Servicios
MAGNA,Transporte
Compra muebles,Vivienda
Articulos para hogar,Vivienda
Productos limpieza,Vivienda
taxi sitio,Transporte
Cine,Ocio
Clase de baile,Ocio
Boletos cine,Ocio
Crédito hipotecario,Vivienda
Electrodomestico,Vivienda
Cuota mantenimiento,Vivienda
Hospitalizacion,Salud
Compra farmacia,Salud
Servicio telefonico,Servicios
Comida para llevar,Alimentacion
Netflix,Ocio
Servicio spa,Ocio
Antibiotico,Salud
GAS LP,Servicios
walmart,Alimentacion
Servicio gasolinera,Transporte
Servicio gas,Servicios
Antibioticos,Salud
Productos limpieza,Vivienda
Pago electricidad,Servicios
Taxi de sitio,Transporte
Inscripcion curso,Educación
Pago renta,Vivienda
recarga telcel,Servicios
Pago gas natural,Servicios
Recarga tarjeta metro,Transporte
Visita guiada,Ocio
Antibiotico,Salud
Reparación electrodoméstico,Vivienda
muebles,Vivienda
Restaurante,Alimentacion
Limpieza casa,Servicios
ferreteria,Vivienda
examen medico,Salud
Tarjeta Metro,Transporte
Combustible,Transporte
Materiales escolares,Educación
RECIBO CFE,Servicios
Pollo,Alimentacion
Bolsa,Ocio
PERFUME,Ocio
cfe,Servicios
Adornos para casa,Vivienda
Pago colegiatura,Educación
Carnicería,Alimentacion
Compra despensa,Alimentacion
Compra combustible,Transporte
Tarjeta Metro,Transporte
Curso virtual,Educación
Delivery de comida,Alimentacion
Carniceria,Alimentacion
Suscripcion Disney,Ocio
Utensilios cocina,Vivienda
Compra en supermercado,Alimentacion
Articulos para hogar,Vivienda
Compra medicamentos,Salud
Congreso académico,Educación
Psicólogo,Salud
restaurante,Alimentacion
Material educativo,Educación
Curso en linea,Educación
CAFÉ,Alimentacion
netflix,Ocio
Renta mensual,Vivienda
Decoracion casa,Vivienda
Pago mensualidad escolar,Educación
Recibo CFE,Servicios
Alquiler,Vivienda
Servicio spa,Ocio
Paramount,Ocio
Antibióticos,Salud
Reparacion casa,Vivienda
Pago mensualidad escolar,Educación
GAS LP,Servicios
Surf,Ocio
COLEGIATURA,Educación
farmacia,Salud
Terapia física,Salud
walmart,Alimentacion
Hipoteca,Vivienda
Crema facial,Ocio
Uber viaje,Transporte
Servicio streaming,Servicios
ciclismo,Ocio
cafe,Alimentacion
Vitamina,Salud
Clase particular,Educación
ropa,Ocio
Clases particulares,Educación
Festival musica,Ocio
Farmacias Guadalajara,Salud
Cafetería,Alimentacion
Mensualidad universidad,Educación
Spa,Ocio
Certificacion,Educación
Autobús,Transporte
Pedido de comida,Alimentacion
Curso en linea,Educación
Gasolina Premium,Transporte
Limpieza del hogar,Vivienda
pastillas,Salud
Taxi de Sitio,Transporte
Curso en linea,Educación
Pago alquiler,Vivienda
Taxi de sitio,Transporte
GORRA,Ocio
Renta,Vivienda
Conferencia academica,Educación
Suscripción Netflix,Ocio
Tacos,Alimentacion
uber,Transporte
paramount,Ocio
Estacionamiento vehículo,Transporte
Cafe,Alimentacion
Reparación de plomería,Vivienda
Metró,Transporte
Kit de ducha,Ocio
Servicio médico,Salud
Adornos hogar,Vivienda
Pasaje urbano,Transporte
Despensa Walmart,Alimentacion
universidad,Educación
Suscripción Disney,Ocio
Compra electrodomestico,Vivienda
Boleto tren,Transporte
Clases de inglés,Educación
Clases de ingles,Educación
Comida rapida,Alimentacion
Fibra óptica,Servicios
CURSO,Educación
Botanas,Alimentacion
Compra en tianguis,Alimentacion
Taller de idiomas,Educación
Alquiler,Vivienda
Gym,Servicios
Refrescos,Alimentacion
Clases de inglés,Educación
Boleto autobus,Transporte
Psicólogo,Salud
Boleto autobus,Transporte
Mantenimiento departamento,Vivienda
Didi Food,Alimentacion
Material educativo,Educación
supermercado,Alimentacion
Laboratorio médico,Salud
universidad,Educación
Combustible,Transporte
pintura,Vivienda
Compra medicamento,Salud
Nutriólogo,Salud
Laboratorio medico,Salud
Boleto parque,Ocio
supermercadoDESPENSA,Alimentacion
dentista,Salud
Galletas,Alimentacion
Calzado,Ocio
Tren suburbano,Transporte
gas natural,Servicios
ropa,Ocio
Telefonia movil,Servicios
Festival música,Ocio
cfe,Servicios
Almuerzo,Alimentacion
Café espresso,Alimentacion
Kit de ducha,Ocio
Fisioterapia,Salud
Pintura casa,Vivienda
articulos de limpieza,Vivienda
Libros de texto,Educación
surf,Ocio
Boleto cablebus,Transporte
Pasaje de autobus,Transporte
Curso virtual,Educación
Pago de television por cable,Servicios
Consulta doctor,Salud
Farmacias Guadalajara,Salud
Cita medica,Salud
Suscripción Paramount,Ocio
Seminario academico,Educación
uber,Transporte
Laboratorio,Salud
Comida,Alimentacion
Inglés,Educación
examen medico,Salud
Taller de idiomas,Educación
Taxi de Sitio,Transporte
Cuota mantenimiento,Vivienda
Pasaje,Transporte
didi,Transporte
Crema,Ocio
Pago limpieza,Servicios
gasolina premium,Transporte
DiDi,Transporte
Consulta nutricional,Salud
medicamento,Salud
Fibra óptica,Servicios
Recarga tarjeta metro,Transporte
Pago de television por cable,Servicios
Almuerzo,Alimentacion
Lacteos,Alimentacion
Pago cable,Servicios
Medico,Salud
Comida rápida,Alimentacion
verdura,Alimentacion
analisis laboratorio,Salud
Comision Federal de Electricidad,Servicios
Seminario,Educación
consulta medica,Salud
Pago alquiler,Vivienda
Despensa Walmart,Alimentacion
Taxi de sitio,Transporte
Pasaje urbano,Transporte
metro,Transporte
Pasaje de autobus,Transporte
CAMISETA,Ocio
Telcel,Servicios
Boleto de autobús,Transporte
Compra electrodoméstico,Vivienda
Curso de internet,Educación
Inscripción curso,Educación
Medicamento farmacia,Salud
Recarga gas,Servicios
Fotografía,Ocio
internet,Servicios
Compra farmacia,Salud
Tianguis,Alimentacion
Tarjeta Metro,Transporte
patinaje,Ocio
Inglés,Educación
Servicio de agua,Servicios
suscripcion netflix,Ocio
Consulta con doctor,Salud
examen medico,Salud
Joyeria,Ocio
pastillas,Salud
CAMISETA,Ocio
senderismo,Ocio
Uber,Transporte
Material ferreteria,Vivienda
Matcha,Alimentacion
Evento,Ocio
Didi,Transporte
Accesorios,Ocio
Comida para llevar,Alimentacion
Pasaje tren,Transporte
Curso de internet,Educación
cfe,Servicios
Verduras,Alimentacion
Taxi de Sitio,Transporte
HIPOTECA,Vivienda
Mensualidad escolar,Educación
Pago Disney,Ocio
Fragancia,Ocio
ESCUELA,Educación
Cablebús,Transporte
Medicamento,Salud
Productos limpieza,Vivienda
fruta,Alimentacion
Combustible,Transporte
Pastilla,Salud
Carniceria,Alimentacion
Seminario academico,Educación
Consulta medica,Salud
Recibo CFE,Servicios
Carnicería,Alimentacion
Inscripción escuela,Educación
Diplomado,Educación
Curso inglés,Educación
Fibra óptica,Servicios
Comida rapida,Alimentacion
Compra en farmacia,Salud
Dentista,Salud
Utiles escuela,Educación
Decoracion casa,Vivienda
suscripcion netflix,Ocio
gas lp,Servicios
Medico,Salud
Mensualidad hipoteca,Vivienda
Farmacia Guadalajara,Salud
NETFLIX,Ocio
Compra libros escolares,Educación
Taxi Didi,Transporte
Gorra,Ocio
Tanque de gasolina,Transporte
Agua embotellada,Alimentacion
Seminario academico,Educación
GYM,Servicios
Cafe espresso,Alimentacion
Pago de universidad,Educación
gorra,Ocio
Streaming,Servicios
Certificacion,Educación
supermercadoDESPENSA,Alimentacion
Mensualidad universidad,Educación
Pago mensual renta,Vivienda
Servicio de mantenimiento,Servicios
Pago de television por cable,Servicios
Consulta con doctor,Salud
Boleto tren,Transporte
Pan dulce,Alimentacion
Seguro de vivienda,Vivienda
Boleto de autobús,Transporte
Taxi Didi,Transporte
Antibiotico,Salud
Leche,Alimentacion
Pago colegiatura,Educación
gimnasio,Servicios
Telefonia celular,Servicios
Compra en supermercado,Alimentacion
Frutas y verduras,Alimentacion
Seminario académico,Educación
transporte publico,Transporte
Libros de texto,Educación
laboratorio,Salud
Mantenimiento edificio,Vivienda
Recarga tarjeta transporte,Transporte
Clases particulares,Educación
Recibo de agua,Servicios
Pago cable,Servicios
Gasolina Premium,Transporte
Limpieza casa,Servicios
Antibióticos,Salud
streaming,Ocio
Pago crédito hipotecario,Vivienda
Kit de ducha,Ocio
Cafetería local,Alimentacion
Boleto evento,Ocio
UNIVERSIDAD,Educación
Cita medica,Salud
Aretes,Ocio
Medico,Salud
Estudio medico,Salud
Restaurante,Alimentacion
Tutorias,Educación
Taxi de sitio,Transporte
Compra en mercado,Alimentacion
Urgencias médicas,Salud
Hamburguesa,Alimentacion
Jugo,Alimentacion
restaurante,Alimentacion
Tren Suburbano,Transporte
pemex,Transporte
Inscripción curso,Educación
GASOLINA,Transporte
Tacos restaurante,Alimentacion
TAXI,Transporte
Servicio de mantenimiento,Servicios
Hospitalizacion,Salud
libro,Ocio
WALMART,Alimentacion
Examen médico,Salud
Verduras,Alimentacion
gasolina,Transporte
Pasaje,Transporte
Decoracion del hogar,Vivienda
Servicio de agua,Servicios
Tutorias,Educación
Productos de cuidado personal,Ocio
curso en linea,Educación
Boleto autobus,Transporte
Reparación electrodoméstico,Vivienda
Productos limpieza,Vivienda
paramount,Ocio
Carga gas LP,Servicios
Disney plus,Ocio
Recarga tarjeta movilidad,Transporte
Cita médica,Salud
Aretes,Ocio
Evento,Ocio
Compra en tianguis,Alimentacion
Cable,Servicios
Transporte público,Transporte
Crema facial,Ocio
Servicio de limpieza,Servicios
Útiles escolares,Educación
pastillas,Salud
Terapia fisica,Salud
Frances,Educación
Camión,Transporte
Seguro médico,Salud
Ciclismo,Ocio
Reparación de plomería,Vivienda
Gasolina Magna,Transporte
Didi Food,Alimentacion
Servicio de plomería,Vivienda
Abarrotes tienda,Alimentacion
Inscripcion escuela,Educación
Reparacion casa,Vivienda
Latte,Alimentacion
Compra farmacia,Salud
Pago internet,Servicios
Articulos para hogar,Vivienda
Compra útiles escolares,Educación
Frances,Educación
Lentes de sol,Ocio
Cablebús,Transporte
Jarabe,Salud
natacion,Ocio
Ingles,Educación
netflix,Ocio
Libro escolar,Educación
curso,Educación
Crédito hipotecario,Vivienda
Comida,Alimentacion
Libros de texto,Educación
Servicio Uber,Transporte
medicina,Salud
Taxi sitio,Transporte
Recibo servicio,Servicios
Universidad,Educación
servicio streaming,Servicios
Carga Gas LP,Servicios
Farmacia similares,Salud
Farmacia Guadalajara,Salud
Taxi sitio,Transporte
Ferreteria,Vivienda
Artículos de limpieza,Vivienda
Pago de celular,Servicios
pantalon,Ocio
Compra limpieza hogar,Vivienda
Mantenimiento servicio,Servicios
Telefonía celular,Servicios
Tienda de ropa,Ocio
Compra de alimentos,Alimentacion
Masaje,Ocio
Mantenimiento hogar,Vivienda
Pago combustible,Transporte
taxi,Transporte
Hospitalizacion,Salud
Servicio celular,Servicios
Compra libro escolar,Educación
Mantenimiento servicio,Servicios
Curso online,Educación
Reloj,Ocio
Mensualidad universidad,Educación
Pastilla,Salud
netflix,Ocio
Tour turístico,Ocio
restaurante,Alimentacion
Recibo de agua,Servicios
gas,Servicios
Pago crédito hipotecario,Vivienda
Recibo de luz,Servicios
DOCTOR,Salud
laboratorio medico,Salud
Boleto cine,Ocio
certificacion,Educación
Gas,Servicios
HIPOTECA,Vivienda
Pago de internet,Servicios
Escuela,Educación
Taxi Didi,Transporte
Lácteos,Alimentacion
Viaje en taxi,Transporte
medico,Salud
Senderismo,Ocio
muebles,Vivienda
Mensualidad Netflix,Ocio
Pollo,Alimentacion
Suscripción Netflix,Ocio
Servicio cable,Servicios
Tenis,Ocio
Pago telefonia,Servicios
Ingles,Educación
analisis laboratorio,Salud
Taxi,Transporte
PERFUME,Ocio
Recibo gas,Servicios
Peaje,Transporte
Mantenimiento casa,Vivienda
Camión,Transporte
Examen certificacion,Educación
Gasolinera PEMEX,Transporte
Cocina,Vivienda
Pista de hielo,Ocio
stream,Ocio
Autopista,Transporte
Abarrotes tienda,Alimentacion
Cafe espresso,Alimentacion
Nutriólogo,Salud
Hospital,Salud
Útiles escuela,Educación
Receta médica,Salud
Comida restaurante,Alimentacion
Entrada evento,Ocio
SACMEX,Servicios
Botanas,Alimentacion
Reparación hogar,Vivienda
Universidad,Educación
Compra electrodoméstico,Vivienda
Pago luz,Servicios
despensa,Alimentacion
Recarga Metro,Transporte
Compra libros escolares,Educación
libro,Ocio
Viaje Didi,Transporte
gasolina,Transporte
Cine,Ocio
Limpieza del hogar,Vivienda
Pago de colegiatura,Educación
Carga gasolina,Transporte
Certificación profesional,Educación
Curso online,Educación
Certificación,Educación
Farmacia del Ahorro,Salud
Yogurt,Alimentacion
Compra de alimentos,Alimentacion
Despensa quincenal,Alimentacion
Pago de Agua,Servicios
Lentes,Ocio
electricidad,Servicios
Herramientas,Vivienda
Congreso academico,Educación
Pago de gimnasio,Servicios
Laboratorio,Salud
metro,Transporte
restaurante,Alimentacion
hipoteca,Vivienda
Compra limpieza hogar,Vivienda
stream,Ocio
Boleto evento,Ocio
Leche,Alimentacion
Joyeria,Ocio
Pago seguro vivienda,Vivienda
Inscripcion curso,Educación
Libros de texto,Educación
verdura,Alimentacion
Recibo de agua,Servicios
Transporte público,Transporte
Rappi comida,Alimentacion
Taller idiomas,Educación
Antibiótico,Salud
laboratorio medico,Salud
Supermercado,Alimentacion
Servicio Didi,Transporte
Receta medica,Salud
Fibra óptica,Servicios
Boleto concierto,Ocio
pantalon,Ocio
Estudio médico,Salud
Ropa,Ocio
Taxi Didi,Transporte
Recibo servicio,Servicios
Compra ropa,Ocio
Examen de laboratorio,Salud
Lacteos,Alimentacion
DiDi,Transporte
Telefonia celular,Servicios
Consulta medica,Salud
Autopista,Transporte
Cita médica,Salud
Reparación electrodoméstico,Vivienda
Gasolina Premium,Transporte
Huevos,Alimentacion
examen medico,Salud
Seminario académico,Educación
FERRETERIA,Vivienda
Telefonía móvil,Servicios
Spa,Ocio
Reloj,Ocio
renta,Vivienda
Pago gimnasio,Servicios
Curso idiomas,Educación
Comida para llevar,Alimentacion
suscripcion netflix,Ocio
Cuota mantenimiento,Vivienda
Caseta,Transporte
Combustible,Transporte
Pago credito hipotecario,Vivienda
Receta medica,Salud
Pago de gimnasio,Servicios
Pago escuela,Educación
Reparacion hogar,Vivienda
Boleto de autobús,Transporte
Plomería,Vivienda
Servicio de cable,Servicios
pastilla,Salud
Servicio celular,Servicios
Escuela,Educación
Té y galletas,Alimentacion
Curso de idiomas,Educación
laboratorio,Salud
Recibo de agua,Servicios
antibiotico,Salud
Disney+,Ocio
Inscripción escolar,Educación
stream,Ocio
Antibiótico,Salud
Taxi,Transporte
Servicio telefonico,Servicios
CFE,Servicios
Reparación plomería,Vivienda
delivery comida,Alimentacion
CFE pago,Servicios
Compra ropa,Ocio
Recarga de gas,Servicios
Visita turistica,Ocio
Análisis de laboratorio,Salud
TAXI,Transporte
medico,Salud
Seguro de vivienda,Vivienda
Suscripcion Netflix,Ocio
Compra supermercado,Alimentacion
Universidad,Educación
Reparacion electrodomestico,Vivienda
Pago celular mensual,Servicios
Laboratorio médico,Salud
Matcha,Alimentacion
Tienda de abarrotes,Alimentacion
Mensualidad universidad,Educación
Internet hogar,Servicios
Adornos para casa,Vivienda
Seguro vivienda,Vivienda
Consulta médica,Salud
Suscripcion Paramount,Ocio
Entrada concierto,Ocio
Gas LP,Servicios
medicamento,Salud
Servicio Uber,Transporte
consulta medica,Salud
Doctor,Salud
Recibo de agua,Servicios
Recibo servicio,Servicios
Consulta médica,Salud
pintura,Vivienda
Viaje en taxi,Transporte
Tanque gas,Servicios
Abono Hipoteca,Vivienda
Servicio de plomeria,Vivienda
Reparación casa,Vivienda
Factura de agua,Servicios
Paseo turístico,Ocio
Material didáctico,Educación
Patinaje,Ocio
Medicamentos,Salud
Cafetería,Alimentacion
Te y galletas,Alimentacion
PREMIUM,Transporte
Antibióticos,Salud
Compra utiles escolares,Educación
Lentes de sol,Ocio
gas lp,Servicios
Pago internet,Servicios
Examen medico,Salud
Senderismo,Ocio
Comida para llevar restaurante,Alimentacion
Suscripción Netflix,Ocio
pemex,Transporte
Pago celular mensual,Servicios
Congreso académico,Educación
Camiseta,Ocio
Cita doctor,Salud
CFE pago,Servicios
Boleto autobus,Transporte
Clases de ingles,Educación
Mensualidad hipoteca,Vivienda
Farmacia similares,Salud
curso,Educación
Suscripcion netflix,Ocio
curso,Educación
PREMIUM,Transporte
Mochila,Ocio
gasolina premium,Transporte
Colonia,Ocio
Colegiatura,Educación
joyeria,Ocio
Consola videojuego,Ocio
Cine,Ocio
Compra útiles escolares,Educación
comida rapida,Alimentacion
Clases de ingles,Educación
Fotografia,Ocio
Alquiler,Vivienda
Pago servicio,Servicios
Boleto de autobus,Transporte
natacion,Ocio
Estudio médico,Salud
Pago de luz,Servicios
Recibo gas,Servicios
Conferencia academica,Educación
Pago de television por cable,Servicios
Clases idiomas,Educación
Compra utiles escolares,Educación
laboratorio,Salud
Gasolina Premium,Transporte
Abono Hipoteca,Vivienda
Inscripción curso,Educación
MEDICINA,Salud
Antibiótico,Salud
Colonia,Ocio
cablebus,Transporte
Inscripción curso,Educación
Pintura para interiores,Vivienda
analisis laboratorio,Salud
concierto,Ocio
recibo CFE,Servicios
Pago luz,Servicios
Recarga Metro,Transporte
recarga telcel,Servicios
Frutas,Alimentacion
Servicio medico,Salud
Productos limpieza,Vivienda
Visita turistica,Ocio
Visita turistica,Ocio
Mensualidad gimnasio,Servicios
Compra medicamentos,Salud
Certificacion profesional,Educación
Disney,Ocio
Inscripción escolar,Educación
Laboratorio médico,Salud
Lácteos,Alimentacion
Alquiler vivienda,Vivienda
Odontologo,Salud
Seminario,Educación
Compra libro escolar,Educación
Transporte público,Transporte
doctor,Salud
Fibra óptica,Servicios
Uber eats,Alimentacion
Compra muebles,Vivienda
Plan de internet,Servicios
Taxi Didi,Transporte
combustible,Transporte
Plan de internet,Servicios
Metro,Transporte
Tutorias,Educación
Clase de baile,Ocio
Terapia fisica,Salud
Servicio de internet,Servicios
laboratorio medico,Salud
Compra medicamento,Salud
escuela,Educación
Pago mensualidad escolar,Educación
Articulos limpieza,Vivienda
NETFLIX,Ocio
Urgencias medicas,Salud
Dentista,Salud
articulos de limpieza,Vivienda
Curso en linea,Educación
UberEats,Alimentacion
Recarga tarjeta transporte,Transporte
Cuota escolar,Educación
Compra medicamento,Salud
Receta medica,Salud
Pago colegiatura,Educación
pago cfe,Servicios
Jeans,Ocio
Boleto evento,Ocio
Peaje,Transporte
LABORATORIO,Salud
Viaje en taxi,Transporte
Transporte por aplicación,Transporte
Comida restaurante,Alimentacion
Pasaje urbano,Transporte
Estacionamiento vehículo,Transporte
Suscripcion Disney,Ocio
Pago servicio,Servicios
Pago telefonia,Servicios
Boleto cablebus,Transporte
Mensualidad hipoteca,Vivienda
WALMART,Alimentacion
Baile,Ocio
Mantenimiento hogar,Vivienda
Cena en restaurante,Alimentacion
Medicamentos,Salud
articulos de limpieza,Vivienda
Articulos para hogar,Vivienda
Servicio de agua,Servicios
Pago alquiler,Vivienda
Compra medicamentos,Salud
Fibra optica,Servicios
Cita medica,Salud
Viaje en taxi,Transporte
Pago de internet,Servicios
gorra,Ocio
despensa,Alimentacion
Frances,Educación
Metró,Transporte
tianguis,Alimentacion
Peaje,Transporte
escuela,Educación
Articulos para hogar,Vivienda
Despensa,Alimentacion
Cafe espresso,Alimentacion
Pastilla,Salud
Reparación tubería,Vivienda
Material didactico,Educación
Pago de colegiatura,Educación
Comida rapida,Alimentacion
Recarga tarjeta metro,Transporte
Reparación tubería,Vivienda
Examen laboratorio,Salud
stream,Ocio
Hospital,Salud
Fotografia,Ocio
Farmacia Guadalajara,Salud
Estacionamiento vehiculo,Transporte
Medicina,Salud
Vestido,Ocio
playera,Ocio
Gasolina Premium,Transporte
Carga gas LP,Servicios
LIBRO,Ocio
gasolina premium,Transporte
Análisis de laboratorio,Salud
Recibo gas,Servicios
Seguro de gastos médicos,Salud
restaurante,Alimentacion
Certificación,Educación
Disney Plus,Ocio
Nutriólogo,Salud
Medicinas,Salud
Psicologo,Salud
Cita medica,Salud
WALMART,Alimentacion
DiDi,Transporte
Analisis de laboratorio,Salud
Medicina,Salud
Reparación de plomería,Vivienda
Abono hipoteca ,Vivienda
Lacteos,Alimentacion
Mensualidad Netflix,Ocio
Curso idiomas,Educación
gasolina premium,Transporte
Boleto teatro,Ocio
Mensualidad universidad,Educación
Carniceria,Alimentacion
Farmacia,Salud
Dentista,Salud
Análisis Laboratorio,Salud
PEMEX,Transporte
Medico,Salud
Muebles sala,Vivienda
Cómic,Ocio
Alquiler vivienda,Vivienda
Laboratorio médico,Salud
Paramount Plus,Ocio
Telefonía celular,Servicios
Boleto de autobús,Transporte
Reparación casa,Vivienda
Curso ingles,Educación
Cita medica,Salud
articulos de limpieza,Vivienda
Receta médica,Salud
Medicina,Salud
Recarga Telcel,Servicios
CFE,Servicios
Didi food,Alimentacion
Matcha,Alimentacion
pastillas,Salud
Pago de universidad,Educación
gasolina premium,Transporte
Inscripción escolar,Educación
Accesorios de moda,Ocio
delivery comida,Alimentacion
Seminario académico,Educación
Utensilios cocina,Vivienda
Tanque gas,Servicios
Agua embotellada,Alimentacion
Paramount Plus,Ocio
Verduras,Alimentacion
Certificacion,Educación
Despensa,Alimentacion
Frutas,Alimentacion
Certificacion,Educación
Entrada concierto,Ocio
vegetal,Alimentacion
libro,Ocio
Lentes para sol,Ocio
Dentista,Salud
Clase de baile,Ocio
Limpieza del hogar,Vivienda
Pago de celular,Servicios
Clases particulares,Educación
Pantalón,Ocio
Urgencias medicas,Salud
TIANGUIS,Alimentacion
Suscripcion Netflix,Ocio
Clases de ingles,Educación
Transporte público,Transporte
Examen certificacion,Educación
Paseo,Ocio
metro,Transporte
Recarga de gas,Servicios
RECIBO CFE,Servicios
Boleto autobus,Transporte
Pago gimnasio,Servicios
Supermercado,Alimentacion
Productos de limpieza,Vivienda
Cuota autopista,Transporte
taxi,Transporte
Autopista,Transporte
Servicio gasolinera,Transporte
Pasaje urbano,Transporte
Pintura hogar,Vivienda
Uber eats,Alimentacion
Terapia física,Salud
Decoración casa,Vivienda
GAS LP,Servicios
pemex,Transporte
Didi,Transporte
Clases de matemáticas,Educación
Examen certificación,Educación
Entrada museo,Ocio
Tenis,Ocio
Pago renta,Vivienda
Pago de colegiatura,Educación
Reparacion casa,Vivienda
Jarabe,Salud
MEDICINA,Salud
Examen certificacion,Educación
Transporte urbano,Transporte
Comision Federal de Electricidad,Servicios
Artículos para hogar,Vivienda
Comic,Ocio
Abono hipoteca,Vivienda
Panadería,Alimentacion
articulos de limpieza,Vivienda
Carga gasolina,Transporte
Artículos limpieza,Vivienda
Cafe de cafeteria,Alimentacion
combustible,Transporte
Médico,Salud
Servicios de reparación hogar,Vivienda
Adornos hogar,Vivienda
Seguro de vivienda,Vivienda
Recarga tarjeta transporte,Transporte
Viaje Uber,Transporte
Compra en farmacia,Salud
Reparacion plomeria,Vivienda
Televisión por cable,Servicios
Libro escolar,Educación
Laboratorio,Salud
RECIBO CFE,Servicios
Estudio medico,Salud
LABORATORIO,Salud
Pago de servicio,Servicios
Tarjeta Metro,Transporte
Television por cable,Servicios
Te,Alimentacion
UNIVERSIDAD,Educación
Pollo,Alimentacion
Terapia física,Salud
Curso inglés,Educación
Antibiótico,Salud
Artículos para hogar,Vivienda
Útiles escuela,Educación
Servicio de plomeria,Vivienda
Inscripción curso,Educación
Recibo servicio,Servicios
Boleto de autobús,Transporte
Inscripción escolar,Educación
Crema facial,Ocio
Compra de muebles,Vivienda
Taller idiomas,Educación
Curso inglés,Educación
DIDI,Transporte
Comida rapida,Alimentacion
Certificación profesional,Educación
Compra en farmacia,Salud
spa,Ocio
Consulta doctor,Salud
gasolina magna,Transporte
Mensualidad gimnasio,Servicios
Recibo de servicio,Servicios
Medicamento,Salud
Cuota autopista,Transporte
alimentos,Alimentacion
FERRETERIA,Vivienda
Estacionamiento vehículo,Transporte
Ferreteria,Vivienda
Examen medico,Salud
Comisión Federal de Electricidad,Servicios
LIBRO,Ocio
Camion,Transporte
Material educativo,Educación
Tutorias,Educación
Pintura para casa,Vivienda
recarga telcel,Servicios
certificacion,Educación
Muebles,Vivienda
Boleto cine,Ocio
Renta mensual,Vivienda
Compra medicamentos,Salud
Clases de matemáticas,Educación
Netflix,Ocio
Decoracion hogar,Vivienda
Alimentos,Alimentacion
Pago colegiatura,Educación
Escuela,Educación
Despensa,Alimentacion
Compra libro escolar,Educación
Decoracion hogar,Vivienda
Tren suburbano,Transporte
Pago Telcel,Servicios
Boleto de autobus,Transporte
Seminario academico,Educación
Seminario academico,Educación
Farmacia similares,Salud
paramount,Ocio
Inscripción universidad,Educación
Receta médica,Salud
Cuota de mantenimiento,Vivienda
Inscripción escuela,Educación
GYM,Servicios
Pago credito hipotecario,Vivienda
Pago renta,Vivienda
examen medico,Salud
laboratorio medico,Salud
Compra utiles escolares,Educación
Pago seguro medico,Salud
UberEats,Alimentacion
servicio streaming,Servicios
tianguis,Alimentacion
Servicios de reparacion hogar,Vivienda
gasolina,Transporte
Lentes para sol,Ocio
Rappi comida,Alimentacion
Pastilla,Salud
Comida para llevar,Alimentacion
Estacionamiento vehículo,Transporte
Inscripción escolar,Educación
Curso de internet,Educación
Agua potable,Servicios
Mantenimiento del edificio,Vivienda
Analisis Laboratorio,Salud
Panaderia,Alimentacion
Seguro médico,Salud
limpieza,Servicios
Supermercado,Alimentacion
Material de estudio,Educación
escuela,Educación
Limpieza,Servicios
Mueble para sala,Vivienda
Tanque de gasolina,Transporte
certificacion,Educación
Recibo de servicio,Servicios
Gas LP,Servicios
Plomeria,Vivienda
limpieza,Servicios
Pago inscripcion,Educación
Telefonia celular,Servicios
Pago Netflix,Ocio
Crédito hipotecario,Vivienda
Utensilios cocina,Vivienda
Pago Telcel,Servicios
Festival,Ocio
Estudios de laboratorio,Salud
Vestido,Ocio
Pago de gimnasio,Servicios
combustible,Transporte
Compra despensa,Alimentacion
ferreteria,Vivienda
Servicio telefonico,Servicios
Francés,Educación
internet,Servicios
Caseta,Transporte
Útiles escolares,Educación
servicio streaming,Servicios
Entrada evento,Ocio
Cable,Servicios
Pago de gimnasio,Servicios
Mensualidad universidad,Educación
Taxi Didi,Transporte
Joyeria,Ocio
Seguro de gastos médicos,Salud
Visita turística,Ocio
Adornos hogar,Vivienda
Despensa mensual,Alimentacion
Gasolina premium,Transporte
Psicologo,Salud
Útiles escolares,Educación
Electrodomesticos,Vivienda
Carniceria,Alimentacion
Estudios de laboratorio,Salud
Muebles,Vivienda
Perfume,Ocio
Reparacion hogar,Vivienda
Servicio de limpieza,Servicios
Plomeria,Vivienda
Gasolinera,Transporte
Despensa Walmart,Alimentacion
Viaje Didi,Transporte
Servicio agua,Servicios
muebles,Vivienda
Transporte por aplicación,Transporte
Telefonía celular,Servicios
Pago de renta,Vivienda
netflix,Ocio
Dentista,Salud
gas lp,Servicios
Medico,Salud
Hospitalizacion,Salud
Tianguis,Alimentacion
Medicinas,Salud
Limpieza del hogar,Vivienda
Alimentos,Alimentacion
Libro escolar,Educación
Servicio spa,Ocio
Servicio streaming,Servicios
Refrescos,Alimentacion
Pescado,Alimentacion
Natacion,Ocio
Zapatos,Ocio
spa,Ocio
Comisión Federal de Electricidad,Servicios
Libro de texto,Educación
Certificación profesional,Educación
Inscripción escuela,Educación
Comida en restaurante,Alimentacion
Combustible,Transporte
Antibiótico,Salud
Inscripción curso,Educación
Didi,Transporte
Taxi de sitio,Transporte
Servicio Didi,Transporte
Karaoke,Ocio
Té y galletas,Alimentacion
Matcha latte,Alimentacion
Collar,Ocio
Disney,Ocio
Fibra optica,Servicios
Recibo servicio,Servicios
Cita medica,Salud
Útiles escuela,Educación
Certificación,Educación
Autobús,Transporte
Compra utiles escolares,Educación
Compra pintura,Vivienda
Gasolina Premium,Transporte
Laboratorio,Salud
Gasolina magna,Transporte
Pago seguro medico,Salud
Botanas,Alimentacion
Cablebus,Transporte
Comida rapida restaurante,Alimentacion
Curso inglés,Educación
Tanque gasolina,Transporte
Compra de ropa,Ocio
Pago de celular,Servicios
Jugo,Alimentacion
Mantenimiento de caldera,Servicios
Yogur,Alimentacion
Utiles escolares,Educación
Restaurante,Alimentacion
PEMEX,Transporte
Delivery de comida,Alimentacion
Libro de texto,Educación
Pago de luz,Servicios
Antibióticos,Salud
Decoracion del hogar,Vivienda
Mensualidad renta,Vivienda
Pizza,Alimentacion
Boleto de autobus,Transporte
Articulos de limpieza,Vivienda
Curso virtual,Educación
Seguro de gastos médicos,Salud
Decoración hogar,Vivienda
laboratorio medico,Salud
Suscripcion Disney,Ocio
Reparacion de plomeria,Vivienda
Pago celular mensual,Servicios
Reparación plomería,Vivienda
Comic,Ocio
Clases de inglés,Educación
Reparación electrodoméstico,Vivienda
Médico,Salud
Hospitalizacion,Salud
Gasolina,Transporte
UBER,Transporte
Psicologo,Salud
Reparacion electrodomestico,Vivienda
Suscripcion netflix,Ocio
Farmacias Guadalajara,Salud
Medicamento farmacia,Salud
Pan,Alimentacion
Pasaje urbano,Transporte
camiseta,Ocio
Seguro medico,Salud
Receta médica,Salud
Telefonía celular,Servicios
Medicina,Salud
Seguro casa,Vivienda
Compra de muebles,Vivienda
antibiotico,Salud
pastillas,Salud
Factura de agua,Servicios
Libro escolar,Educación
cafe,Alimentacion
Festival,Ocio
Plomeria,Vivienda
Cursos,Educación
Recibo servicio,Servicios
Productos para hogar,Vivienda
Tacos restaurante,Alimentacion
Seguro de gastos medicos,Salud
Taxi Didi,Transporte
Galletas,Alimentacion
Odontólogo,Salud
pemex,Transporte
Transporte público,Transporte
Reparación electrodoméstico,Vivienda
pastilla,Salud
alimentos,Alimentacion
Laboratorio medico,Salud
Reparación hogar,Vivienda
Reparacion hogar,Vivienda
Pasaje urbano,Transporte
Colegio,Educación
Terapia física,Salud
Telefonía móvil,Servicios
Mensualidad universidad,Educación
Rappi comida,Alimentacion
Metró,Transporte
Compra libro,Ocio
Streaming,Servicios
Certificacion profesional,Educación
Inscripcion curso,Educación
Fibra optica,Servicios
Compra en tianguis,Alimentacion
Ropa,Ocio
didi,Transporte
cfe,Servicios
Electrodomesticos,Vivienda
delivery comida,Alimentacion
panaderia,Alimentacion
Congreso academico,Educación
Inscripcion escuela,Educación
Parque de diversiones,Ocio
Tacos restaurante,Alimentacion
Seguro vivienda,Vivienda
Natacion,Ocio
Mensualidad universidad,Educación
Gorra,Ocio
universidad,Educación
Patinaje,Ocio
Pago CFE,Servicios
Francés,Educación
Supermercado,Alimentacion
Servicio de plomería,Vivienda
Electrodomesticos,Vivienda
Pago Telcel,Servicios
Consulta doctor,Salud
Transporte público,Transporte
gasolina,Transporte
Mantenimiento edificio,Vivienda
Servicio cable,Servicios
Gas natural,Servicios
Antibiotico,Salud
Limpieza del hogar,Vivienda
Lentes para sol,Ocio
Uber viaje,Transporte
PEMEX,Transporte
Farmacia Similares,Salud
Doctor,Salud
Cablebus,Transporte
CURSO,Educación
Tortillería,Alimentacion
Inscripción universidad,Educación
Carniceria,Alimentacion
COLEGIATURA,Educación
Consulta con doctor,Salud
Pago de colegiatura,Educación
Accesorios,Ocio
Lacteos,Alimentacion
Certificacion profesional,Educación
Mantenimiento servicio,Servicios
Compra combustible,Transporte
pastilla,Salud
Pago Netflix,Ocio
Gas LP,Servicios
Pasaje tren,Transporte
Examen certificacion,Educación
CAFÉ,Alimentacion
Cafe espresso,Alimentacion
Cafetería,Alimentacion
doctor,Salud
Sombrero,Ocio
Boleto cablebus,Transporte
Carnicería,Alimentacion
Spa,Ocio
Gasolinera PEMEX,Transporte
Pago caseta,Transporte
GORRA,Ocio
CFE pago,Servicios
Estudios de laboratorio,Salud
comida,Alimentacion
Despensa Walmart,Alimentacion
Boleto de cine,Ocio
Cine,Ocio
Tanque de gasolina,Transporte
Mensualidad gimnasio,Servicios
Tacos,Alimentacion
Jeans,Ocio
antibiotico,Salud
Pintura,Vivienda
Electrodomésticos,Vivienda
Viaje Didi,Transporte
Matcha,Alimentacion
Uber eats,Alimentacion
Artículos limpieza,Vivienda
Tanque gasolina,Transporte
Combustible,Transporte
WALMART,Alimentacion
Farmacia Similares,Salud
Rappi comida,Alimentacion
Servicio cable,Servicios
Cartera,Ocio
Tortilleria,Alimentacion
mantenimiento edificio,Vivienda
Cine,Ocio
Uber Eats,Alimentacion
pastilla,Salud
Clase particular,Educación
Libro escolar,Educación
Seguro vivienda,Vivienda
Kit de ducha,Ocio
Compra útiles escolares,Educación
Limpieza casa,Servicios
verdura,Alimentacion
Joyería,Ocio
electricidad,Servicios
Plan de internet,Servicios
Servicio de internet,Servicios
Clases particulares,Educación
metro,Transporte
Examen de laboratorio,Salud
Pescado,Alimentacion
Jugo,Alimentacion
Combustible,Transporte
taxi sitio,Transporte
Accesorios de moda,Ocio
Boleto de autobus,Transporte
Abono Hipoteca,Vivienda
Té y galletas,Alimentacion
Agua embotellada,Alimentacion
Yogur,Alimentacion
playera,Ocio
Taller de idiomas,Educación
hipoteca,Vivienda
Estudio medico,Salud
Tour turístico,Ocio
Pasaje autobus,Transporte
Seguro de casa,Vivienda
Cursos,Educación
Pago seguro vivienda,Vivienda
Clases de ingles,Educación
Cafe de cafeteria,Alimentacion
Reparacion casa,Vivienda
Carga Gas LP,Servicios
Viaje Didi,Transporte
Servicio de mantenimiento,Servicios
Inscripción escuela,Educación
Uber Eats,Alimentacion
Pago de colegiatura,Educación
pemex,Transporte
Internet hogar,Servicios
Comision Federal de Electricidad,Servicios
Mantenimiento edificio,Vivienda
CFE pago,Servicios
Utiles escuela,Educación
antibiotico,Salud
Jugo,Alimentacion
Cafeteria,Alimentacion
Delivery de comida,Alimentacion
Crédito hipotecario,Vivienda
Tarjeta movilidad,Transporte
Clases de matemáticas,Educación
Carnicería,Alimentacion
Certificación profesional,Educación
PREMIUM,Transporte
Material escolar,Educación
Servicio médico,Salud
Boleto de autobús,Transporte
Cursos,Educación
Inscripción curso,Educación
Analgesico,Salud
Refrescos,Alimentacion
Recarga tarjeta transporte,Transporte
laboratorio medico,Salud
Vitaminas,Salud
Curso en linea,Educación
Herramientas hogar,Vivienda
Desayuno,Alimentacion
Combustible,Transporte
Gasolinera,Transporte
recibo de luz,Servicios
Compra ropa,Ocio
Material didáctico,Educación
Compra supermercado,Alimentacion
MEDICINA,Salud
Festival música,Ocio
Walmart,Alimentacion
Compra ropa,Ocio
Cablebus CDMX,Transporte
Latte,Alimentacion
Pago seguro vivienda,Vivienda
Dentista,Salud
taxi,Transporte
Boleto cine,Ocio
transporte publico,Transporte
Servicio de limpieza,Servicios
Pago escuela,Educación
Bolsa,Ocio
Pago Paramount,Ocio
Mensualidad Netflix,Ocio
Telefonía móvil,Servicios
Limpieza del hogar,Vivienda
medico,Salud
Servicio medico,Salud
cartera,Ocio
limpieza,Servicios
LABORATORIO,Salud
patinaje,Ocio
Mensualidad renta,Vivienda
doctor,Salud
Analgésico,Salud
Laboratorio medico,Salud
camiseta,Ocio
Comisión Federal de Electricidad,Servicios
Joyería,Ocio
Almuerzo,Alimentacion
Patinaje,Ocio
Reparación tubería,Vivienda
Reparacion casa,Vivienda
Caseta,Transporte
Hipoteca,Vivienda
Congreso académico,Educación
Compra electrodoméstico,Vivienda
Abarrotes,Alimentacion
Tanque gasolina,Transporte
dentista,Salud
Reparación de plomería,Vivienda
Compra útiles escolares,Educación
Pago seguro vivienda,Vivienda
DiDi,Transporte
analisis laboratorio,Salud
Utiles escolares,Educación
Tanque gas,Servicios
Clases de matemáticas,Educación
Matcha latte,Alimentacion
Conferencia academica,Educación
LIBRO,Ocio
Inscripción escolar,Educación
Disney,Ocio
Televisión por cable,Servicios
Tacos,Alimentacion
Disney+,Ocio
Pintura casa,Vivienda
Pago Netflix,Ocio
CAMISETA,Ocio
Compra medicamentos,Salud
Ferretería,Vivienda
Recibo de agua,Servicios
CURSO,Educación
Compra medicamentos,Salud
netflix,Ocio
Examen laboratorio,Salud
Senderismo,Ocio
Congreso académico,Educación
consulta medica,Salud
Seguro de vivienda,Vivienda
Servicio telefónico,Servicios
Cine,Ocio
Conferencia academica,Educación
Seguro vivienda,Vivienda
PEMEX,Transporte
Comida para llevar,Alimentacion
Credito hipotecario,Vivienda
Clases idiomas,Educación
CURSO,Educación
Servicio telefonico,Servicios
Mueble para sala,Vivienda
Galletas,Alimentacion
Libro,Ocio
Abono hipoteca,Vivienda
Tren Suburbano,Transporte
Inscripcion escolar,Educación
Gasolina Magna,Transporte
Compra libros escolares,Educación
Taxi,Transporte
Gimnasio,Servicios
Galletas,Alimentacion
Servicio limpieza hogar,Servicios
Disney plus,Ocio
FARMACIA,Salud
Material escolar,Educación
pastilla,Salud
renta,Vivienda
limpieza,Servicios
Recarga Telcel,Servicios
Estacionamiento vehículo,Transporte
Uber viaje,Transporte
Tienda de ropa,Ocio
Curso idiomas,Educación
Renta,Vivienda
Uber viaje,Transporte
Mensualidad escuela,Educación
ferreteria,Vivienda
spa,Ocio
Pasaje urbano,Transporte
examen medico,Salud
Lácteos,Alimentacion
Pantalon,Ocio
GAS LP,Servicios
Curso en línea,Educación
Diplomado,Educación
Ferretería,Vivienda
Bolsa,Ocio
articulos de limpieza,Vivienda
Utensilios de cocina,Vivienda
Comisión Federal de Electricidad,Servicios
Joyería,Ocio
tortillas,Alimentacion
Taxi de sitio,Transporte
comida rapida,Alimentacion
CAFÉ,Alimentacion
Electrodomesticos,Vivienda
Articulos para hogar,Vivienda
Recarga gas,Servicios
Hospitalizacion,Salud
Boleto parque,Ocio
Urgencias médicas,Salud
Compra en mercado,Alimentacion
Pago mensualidad escolar,Educación
certificacion,Educación
Compra utiles escolares,Educación
Agua potable,Servicios
universidad,Educación
medicina,Salud
Compra en mercado,Alimentacion
Cablebús,Transporte
Cena,Alimentacion
Clase de baile,Ocio
Frutas,Alimentacion
pantalon,Ocio
Camion,Transporte
Pintura,Vivienda
gimnasio,Servicios
camiseta,Ocio
Restaurante,Alimentacion
Yogur,Alimentacion
Medicinas,Salud
Diplomado profesional,Educación
Cafeteria local,Alimentacion
mantenimiento edificio,Vivienda
Taxi,Transporte
Transporte publico,Transporte
Servicio cable,Servicios
Gym,Servicios
tortillas,Alimentacion
Plomeria,Vivienda
Botanas,Alimentacion
farmacia,Salud
Herramientas,Vivienda
Servicio de plomería,Vivienda
Camiseta,Ocio
Articulos para hogar,Vivienda
Frances,Educación
Inglés,Educación
Colegiatura,Educación
Examen de laboratorio,Salud
Camion,Transporte
Mensualidad hipoteca,Vivienda
Medicinas,Salud
Disney Plus,Ocio
Recibo de gas,Servicios
medicina,Salud
Mantenimiento edificio,Vivienda
Transporte publico,Transporte
Compra alimentos,Alimentacion
Calzado,Ocio
Disney Plus,Ocio
Pago crédito hipotecario,Vivienda
Credito hipotecario,Vivienda
suscripcion netflix,Ocio
Uber,Transporte
autobus,Transporte
Pasaje urbano,Transporte
Decoracion casa,Vivienda
netflix,Ocio
FARMACIA,Salud
Parque de diversiones,Ocio
CFE,Servicios
Antibiotico,Salud
Reparacion electrodomestico,Vivienda
Tutorias,Educación
Compra de ropa,Ocio
Urgencias médicas,Salud
autobus,Transporte
Nutriólogo,Salud
ferreteria,Vivienda
internet,Servicios
Electrodomesticos,Vivienda
Compra medicamento,Salud
Analgesico,Salud
Antibiótico,Salud
Certificacion,Educación
spa,Ocio
Cafetería local,Alimentacion
Transporte urbano,Transporte
Examen certificacion,Educación
laboratorio,Salud
playera,Ocio
Pago mensual renta,Vivienda
Bolsa,Ocio
Pago agua,Servicios
Lentes para sol,Ocio
Transporte publico,Transporte
Pago CFE,Servicios
Farmacia Similares,Salud
Servicio de plomería,Vivienda
Metro,Transporte
Autobus,Transporte
Productos limpieza,Vivienda
Reparación plomería,Vivienda
Curso ingles,Educación
Tour turístico,Ocio
Pago renta,Vivienda
Pasaje de autobus,Transporte
Francés,Educación
Alquiler,Vivienda
Camiseta,Ocio
Servicio internet,Servicios
combustible,Transporte
Taxi sitio,Transporte
Tanque de gasolina,Transporte
Paseo turistico,Ocio
recibo de luz,Servicios
Congreso académico,Educación
Taxi,Transporte
Pago de hipoteca,Vivienda
UNIVERSIDAD,Educación
Boleto evento,Ocio
Comida rápida,Alimentacion
Tren suburbano,Transporte
Masaje,Ocio
Mensualidad hipoteca,Vivienda
Viaje en taxi,Transporte
Té,Alimentacion
Yogurt,Alimentacion
Taller de idiomas,Educación
Compra electrodoméstico,Vivienda
Estacionamiento vehículo,Transporte
Antibiotico,Salud
Pago celular mensual,Servicios
Hamburguesa,Alimentacion
Laboratorio medico,Salud
Pasaje de autobus,Transporte
Carniceria,Alimentacion
COLEGIATURA,Educación
Pago universidad,Educación
natacion,Ocio
cine,Ocio
restaurante,Alimentacion
Servicio de cable,Servicios
Certificación,Educación
Gasolina magna,Transporte
Mensualidad Netflix,Ocio
Pedido comida,Alimentacion
plomeria,Vivienda
Certificacion profesional,Educación
consulta medica,Salud
WALMART,Alimentacion
gas lp,Servicios
vegetales,Alimentacion
Pintura para interiores,Vivienda
Paseo turistico,Ocio
CFE pago,Servicios
Recarga Metro,Transporte
Seguro casa,Vivienda
Metro,Transporte
Carga gasolina,Transporte
Pintura para interiores,Vivienda
didi,Transporte
Recibo de agua,Servicios
consulta medica,Salud
Abarrotes,Alimentacion
Suscripcion Netflix,Ocio
Alimentos,Alimentacion
Recibo servicio,Servicios
Cafetería,Alimentacion
Joyería,Ocio
Consola videojuego,Ocio
perfume,Ocio
Seguro casa,Vivienda
Herramientas,Vivienda
Pago gimnasio,Servicios
muebles,Vivienda
Clases idiomas,Educación
Pago SACMEX,Servicios
Pago seguro vivienda,Vivienda
pastilla,Salud
Pago credito hipotecario,Vivienda
Libros escolares,Educación
Bolso,Ocio
Reparacion casa,Vivienda
Pago caseta,Transporte
Fibra óptica,Servicios
Entrada concierto,Ocio
Consulta medica,Salud
Electrodomestico,Vivienda
Servicio spa,Ocio
surf,Ocio
combustible,Transporte
Compra electrodomestico,Vivienda
consulta medica,Salud
metro,Transporte
Pago Disney,Ocio
Analisis Laboratorio,Salud
Pantalon,Ocio
Taxi,Transporte
PREMIUM,Transporte
Curso ingles,Educación
consulta medica,Salud
Uber Eats,Alimentacion
Taller de idiomas,Educación
Servicio gas,Servicios
Pago de escuela,Educación
Articulos de limpieza,Vivienda
Carne,Alimentacion
Carga Gas LP,Servicios
MEDICINA,Salud
Cita médica,Salud
Streaming,Servicios
vegetales,Alimentacion
Servicio médico,Salud
Seminario académico,Educación
pastilla,Salud
Matcha latte,Alimentacion
Viaje en taxi,Transporte
tortilleria,Alimentacion
Mensualidad hipoteca,Vivienda
Dentista,Salud
Streaming,Ocio
Almuerzo,Alimentacion
Seguro de gastos médicos,Salud
Certificación,Educación
Material escolar,Educación
Medicamento,Salud
pemex,Transporte
Estudio médico,Salud
Seminario,Educación
Compra ferreteria,Vivienda
transporte publico,Transporte
Lentes,Ocio
Estacionamiento vehículo,Transporte
ferreteria,Vivienda
delivery comida,Alimentacion
Teatro,Ocio
Compra de tortillas,Alimentacion
Pago de colegiatura,Educación
Tienda de abarrotes,Alimentacion
Electrodomestico,Vivienda
alimentos,Alimentacion
Surf,Ocio
Playera,Ocio
Entrada concierto,Ocio
Autobus,Transporte
Terapia física,Salud
Dentista,Salud
dentista,Salud
Suscripcion de streaming,Servicios
servicio streaming,Servicios
Mantenimiento de caldera,Servicios
Mensualidad universidad,Educación
Útiles escuela,Educación
Compra útiles escolares,Educación
Limpieza casa,Servicios
Recarga tarjeta transporte,Transporte
Material educativo,Educación
didi,Transporte
Analisis de laboratorio,Salud
Crema corporal,Ocio
Pago agua,Servicios
Material didáctico,Educación
Boleto parque,Ocio
Compra de ropa,Ocio
Material de estudio,Educación
Taller idiomas,Educación
despensa,Alimentacion
Plomería,Vivienda
verdura,Alimentacion
laboratorio medico,Salud
dentista,Salud
Boleto cablebus,Transporte
Curso idiomas,Educación
Didi Food,Alimentacion
Compra videojuego,Ocio
Cita médica,Salud
Articulos de limpieza,Vivienda
Recibo agua,Servicios
Viaje Uber,Transporte
Pintura casa,Vivienda
senderismo,Ocio
TAXI,Transporte
Servicio de cable,Servicios
Autobús,Transporte
Festival,Ocio
Pago de celular,Servicios
Pago inscripción,Educación
Pago seguro medico,Salud
gasolina premium,Transporte
Pago crédito hipotecario,Vivienda
Utensilios cocina,Vivienda
Seminario academico,Educación
Crédito hipotecario,Vivienda
Boleto concierto,Ocio
Seminario academico,Educación
Verduras,Alimentacion
Baile,Ocio
ciclismo,Ocio
Consulta doctor,Salud
pemex,Transporte
pemex,Transporte
FERRETERIA,Vivienda
Compra en mercado,Alimentacion
Pago cable,Servicios
UberEats,Alimentacion
Pan dulce,Alimentacion
Plan internet,Servicios
Mensualidad renta,Vivienda
Libros escolares,Educación
Pago telefonía,Servicios
Pago SACMEX,Servicios
Servicios de reparación hogar,Vivienda
analisis laboratorio,Salud
Taxi de Sitio,Transporte
Doctor,Salud
Cablebus CDMX,Transporte
Hipoteca,Vivienda
Pago caseta,Transporte
Inscripción universidad,Educación
transporte publico,Transporte
Televisión por cable,Servicios
Videojuego,Ocio
RESTAURANTE,Alimentacion
Pintura para casa,Vivienda
Boleto tren,Transporte
Pago seguro vivienda,Vivienda
Fibra óptica,Servicios
Estudios de laboratorio,Salud
Viaje Didi,Transporte
Pago hipoteca,Vivienda
Pago Netflix,Ocio
Tortillería,Alimentacion
Tenis,Ocio
Recarga tarjeta metro,Transporte
Medico,Salud
Recarga gas,Servicios
Autobús,Transporte
Libro escolar,Educación
Utiles escolares,Educación
Antibiotico,Salud
Estudio médico,Salud
streaming,Ocio
Adornos hogar,Vivienda
Servicio mantenimiento,Servicios
Materiales escolares,Educación
Pago Paramount,Ocio
Hamburguesa,Alimentacion
medico,Salud
Festival,Ocio
Articulos de limpieza,Vivienda
Compra ropa,Ocio
curso en linea,Educación
medicamento,Salud
Accesorios de moda,Ocio
Compra supermercado,Alimentacion
Matcha latte,Alimentacion
Despensa mensual,Alimentacion
Servicio limpieza hogar,Servicios
gas,Servicios
Tanque gasolina,Transporte
Pescado,Alimentacion
Clases de matematicas,Educación
gas natural,Servicios
Netflix,Ocio
Pago de gimnasio,Servicios
Compra electrodomestico,Vivienda
disney,Ocio
supermercadoDESPENSA,Alimentacion
Te,Alimentacion
Analgésico,Salud
Pago inscripción,Educación
Servicio médico,Salud
Latte,Alimentacion
crema,Ocio
Recarga Metro,Transporte
Consulta doctor,Salud
Receta medica,Salud
Decoracion casa,Vivienda
Entrada concierto,Ocio
tortilleria,Alimentacion
Compra en farmacia,Salud
Té,Alimentacion
Electrodomésticos,Vivienda
Articulos limpieza,Vivienda
Recibo de gas,Servicios
Electrodomestico,Vivienda
combustible,Transporte
Carniceria,Alimentacion
Botanas,Alimentacion
laboratorio medico,Salud
Servicio cable,Servicios
Seguro casa,Vivienda
Yogurt,Alimentacion
Ropa,Ocio
Tortillería,Alimentacion
Fibra óptica,Servicios
Perfume,Ocio
Pago de gimnasio,Servicios
Antibioticos,Salud
Servicio de plomeria,Vivienda
Compra de tortillas,Alimentacion
Cablebus,Transporte
Compra medicamento,Salud
examen medico,Salud
Productos de limpieza,Vivienda
Pago universidad,Educación
Delivery de comida,Alimentacion
Recibo de luz,Servicios
Receta medica,Salud
Camion,Transporte
Pago de renta,Vivienda
Pintura hogar,Vivienda
Plan de internet,Servicios
Servicio internet,Servicios
Seminario académico,Educación
Parque de diversiones,Ocio
GORRA,Ocio
Pago Telcel,Servicios
Taller idiomas,Educación
antibiotico,Salud
Electrodomesticos,Vivienda
Autobús,Transporte
Suscripcion netflix,Ocio
Gasolina premium,Transporte
antibiotico,Salud
Ferretería,Vivienda
Reparación caldera,Servicios
Ropa,Ocio
Gasolina Premium,Transporte
Pintura para interiores,Vivienda
comida,Alimentacion
Pollo,Alimentacion
Pago inscripción,Educación
Cita médica,Salud
Certificación,Educación
Telcel,Servicios
Cablebús,Transporte
Productos limpieza,Vivienda
Materiales escolares,Educación
Laboratorio,Salud
Crema facial,Ocio
GORRA,Ocio
Hobby,Ocio
Factura agua,Servicios
Servicios de reparacion hogar,Vivienda
RECIBO CFE,Servicios
Material escolar,Educación
analisis laboratorio,Salud
Clases de inglés,Educación
Set de ducha,Ocio
Bolsa,Ocio
combustible,Transporte
Servicio limpieza,Servicios
Examen laboratorio,Salud
analisis laboratorio,Salud
Pago de universidad,Educación
Recibo gas,Servicios
Compra en tianguis,Alimentacion
Verduras,Alimentacion
Servicio de limpieza,Servicios
Natación,Ocio
Pintura casa,Vivienda
Cuota autopista,Transporte
Yogurt,Alimentacion
Servicio gas,Servicios
Carga de gasolina,Transporte
Compra electrodomestico,Vivienda
Seguro vivienda,Vivienda
Pasaje de autobus,Transporte
Telcel,Servicios
Gasolina Magna,Transporte
Seguro médico,Salud
Examen de laboratorio,Salud
Hipoteca,Vivienda
Ropa,Ocio
Pago Paramount,Ocio
Productos para hogar,Vivienda
Nutriologo,Salud
Mantenimiento de caldera,Servicios
Servicio médico,Salud
Hipoteca,Vivienda
Abono hipoteca,Vivienda
Compra ferreteria,Vivienda
Hobby,Ocio
Compra alimentos,Alimentacion
Tour por ciudad,Ocio
Servicio de plomería,Vivienda
Terapia física,Salud
Farmacias Guadalajara,Salud
Gas LP,Servicios
Tarjeta movilidad,Transporte
Pescado,Alimentacion
Compra combustible,Transporte
Ferreteria,Vivienda
Supermercado,Alimentacion
Clase de baile,Ocio
certificacion,Educación
Visita guiada,Ocio
curso en linea,Educación
Lácteos,Alimentacion
Seminario,Educación
Servicios de reparacion hogar,Vivienda
PERFUME,Ocio
Mensualidad gimnasio,Servicios
Material didactico,Educación
Taxi,Transporte
Servicio de plomeria,Vivienda
Agua embotellada,Alimentacion
Gas Natural,Servicios
paramount,Ocio
Parque diversiones,Ocio
RENTA,Vivienda
Servicios de reparación hogar,Vivienda
Paramount,Ocio
Te,Alimentacion
Lácteos,Alimentacion
gimnasio,Servicios
Consulta médica,Salud
Taxi,Transporte
Yogurt,Alimentacion
Gasolina,Transporte
Servicio de cable,Servicios
NETFLIX,Ocio
disney,Ocio
Urgencias médicas,Salud
Café espresso,Alimentacion
Pago CFE,Servicios
Pescado,Alimentacion
gas,Servicios
Tour turistico,Ocio
Pago hipoteca,Vivienda
Reparacion plomeria,Vivienda
Television por cable,Servicios
Médico,Salud
supermercado,Alimentacion
medico,Salud
Mochila,Ocio
Gasolina Magna,Transporte
Consulta especialista,Salud
escuela,Educación
Despensa quincenal,Alimentacion
Playera,Ocio
Pago inscripcion,Educación
LIBRO,Ocio
UNIVERSIDAD,Educación
Abono Hipoteca,Vivienda
Compra comida,Alimentacion
Cablebús,Transporte
Renta,Vivienda
Articulos para hogar,Vivienda
Servicio spa,Ocio
Compra supermercado,Alimentacion
Gasolina magna,Transporte
supermercado,Alimentacion
Servicio de agua,Servicios
Festival música,Ocio
Te y galletas,Alimentacion
Lacteos,Alimentacion
Material escolar,Educación
antibiotico,Salud
Botanas,Alimentacion
Limpieza del hogar,Vivienda
Compra muebles,Vivienda
MEDICO,Salud
Utiles escolares,Educación
Antibioticos,Salud
FERRETERIA,Vivienda
Parque diversiones,Ocio
Servicio mantenimiento,Servicios
spa,Ocio
Clases de matemáticas,Educación
Suscripcion netflix,Ocio
Recibo de luz,Servicios
Juego,Ocio
Certificación profesional,Educación
Servicio Didi,Transporte
UberEats,Alimentacion
Consulta medica,Salud
Pago crédito hipotecario,Vivienda
Pago de colegiatura,Educación
Telefonia movil,Servicios
Crédito hipotecario,Vivienda
pastillas,Salud
Tenis,Ocio
Transporte por aplicación,Transporte
Utensilios cocina,Vivienda
Suscripcion netflix,Ocio
Antibioticos,Salud
taxi sitio,Transporte
Utensilios de cocina,Vivienda
Seguro de gastos medicos,Salud
Té,Alimentacion
Suscripción Netflix,Ocio
Servicio spa,Ocio
Viaje en taxi,Transporte
Hospitalización,Salud
Natacion,Ocio
Laboratorio medico,Salud
Gasolina Magna,Transporte
ESCUELA,Educación
Curso online,Educación
Paseo turistico,Ocio
Tortilleria,Alimentacion
Reparacion electrodomestico,Vivienda
Verduras,Alimentacion
Utensilios de cocina,Vivienda
Pago crédito hipotecario,Vivienda
cablebus,Transporte
Servicio gasolinera,Transporte
Mensualidad gimnasio,Servicios
Compra comida,Alimentacion
medico,Salud
Libros escolares,Educación
Recarga Metro,Transporte
Compra de comida,Alimentacion
Recarga tarjeta movilidad,Transporte
Disney plus,Ocio
Pintura para interiores,Vivienda
Ropa bazar,Ocio
Servicio Uber,Transporte
Ropa,Ocio
walmart,Alimentacion
consulta medica,Salud
Parking,Transporte
Reparación de plomería,Vivienda
Pago inscripcion,Educación
universidad,Educación
recarga telcel,Servicios
MAGNA,Transporte
Reparacion caldera,Servicios
Medico,Salud
Cablebus CDMX,Transporte
Análisis de laboratorio,Salud
Te,Alimentacion
Tanque de gasolina,Transporte
Gas,Servicios
Despensa quincenal,Alimentacion
Colonia,Ocio
Decoracion casa,Vivienda
Carnicería,Alimentacion
UberEats,Alimentacion
Tacos restaurante,Alimentacion
Compra en farmacia,Salud
Botanas,Alimentacion
Factura agua,Servicios
Vitamina,Salud
Curso ingles,Educación
Mantenimiento de caldera,Servicios
Despensa quincenal,Alimentacion
Carga de gasolina,Transporte
curso,Educación
Recarga tarjeta metro,Transporte
Uber eats,Alimentacion
Farmacia,Salud
tortillas,Alimentacion
Adornos hogar,Vivienda
Suscripcion netflix,Ocio
Carne,Alimentacion
Cuota autopista,Transporte
Paseo turístico,Ocio
Plan internet,Servicios
Decoración hogar,Vivienda
Recarga tarjeta transporte,Transporte
Pescado,Alimentacion
Examen de laboratorio,Salud
Compra videojuego,Ocio
Hospitalización,Salud
Compra ropa,Ocio
Yogurt,Alimentacion
Medicinas,Salud
Boletos cine,Ocio
gas lp,Servicios
Pemex,Transporte
Consulta nutricional,Salud
Conferencia academica,Educación
RENTA,Vivienda
Receta medica,Salud
Diplomado profesional,Educación
Seguro medico,Salud
Frances,Educación
Pastillas,Salud
Mantenimiento servicio,Servicios
certificacion,Educación
Pago caseta,Transporte
laboratorio,Salud
Curso de idiomas,Educación
Congreso academico,Educación
Laboratorio médico,Salud
Calzado,Ocio
Accesorios de moda,Ocio
Tren Suburbano,Transporte
Jarabe,Salud
Pago de renta,Vivienda
netflix,Ocio
Cafetería,Alimentacion
Laboratorio médico,Salud
Servicio de plomeria,Vivienda
Fisioterapia,Salud
Cafe,Alimentacion
Servicio agua,Servicios
Clases privadas,Educación
Pago celular,Servicios
Boleto tren,Transporte
Paseo,Ocio
Cuota de mantenimiento,Vivienda
Pasaje de autobus,Transporte
Servicio de agua,Servicios
Escuela,Educación
Pago Telcel,Servicios
Congreso academico,Educación
Servicio de agua,Servicios
Gasolina Premium,Transporte
Pago SACMEX,Servicios
Pedido de comida,Alimentacion
Walmart,Alimentacion
Suscripción Disney,Ocio
Taxi de sitio,Transporte
Spa,Ocio
Huevos,Alimentacion
Cita doctor,Salud
Mantenimiento edificio,Vivienda
Servicio médico,Salud
Clase de baile,Ocio
Laboratorio medico,Salud
LABORATORIO,Salud
Queso,Alimentacion
Tanque gasolina,Transporte
Servicio telefonico,Servicios
Juegos,Ocio
Pago caseta,Transporte
tortilleria,Alimentacion
Alquiler,Vivienda
ciclismo,Ocio
Pago telefonía,Servicios
Farmacia similares,Salud
Festival,Ocio
netflix,Ocio
Te,Alimentacion
Cuota mantenimiento,Vivienda
Crédito hipotecario,Vivienda
recibo CFE,Servicios
Cafeteria local,Alimentacion
Tour por ciudad,Ocio
Café espresso,Alimentacion
Jarabe,Salud
Tanque de gas,Servicios
tortillas,Alimentacion
Servicio de cable,Servicios
Despensa,Alimentacion
Leche,Alimentacion
delivery comida,Alimentacion
Pago telefonía,Servicios
Didi food,Alimentacion
Comisión Federal de Electricidad,Servicios
Conferencia academica,Educación
Mensualidad hipoteca,Vivienda
Curso idiomas,Educación
Estudio médico,Salud
Taxi sitio,Transporte
Taxi,Transporte
Antibióticos,Salud
Seguro de casa,Vivienda
Servicio de cable,Servicios
pago cfe,Servicios
Examen laboratorio,Salud
Obra de teatro,Ocio
Tanque de gasolina,Transporte
Frances,Educación
Pago de universidad,Educación
Plomería,Vivienda
Paseo,Ocio
Caseta,Transporte
Reparación electrodoméstico,Vivienda
Recarga tarjeta transporte,Transporte
Servicio mantenimiento,Servicios
Compra libros escolares,Educación
Antibioticos,Salud
Fibra óptica,Servicios
Colegiatura,Educación
Camion,Transporte
Consulta médica,Salud
consulta medica,Salud
Antibioticos,Salud
Muebles,Vivienda
Consulta médica,Salud
tianguis,Alimentacion
Curso de idiomas,Educación
ropa,Ocio
gimnasio,Servicios
DiDi,Transporte
Clases privadas,Educación
Disney Plus,Ocio
Pago colegiatura,Educación
Pago television por cable,Servicios
gasolina magna,Transporte
doctor,Salud
Compra electrodoméstico,Vivienda
Analgesico,Salud
Compra combustible,Transporte
Curso inglés,Educación
Tour turistico,Ocio
Huevos,Alimentacion
Compra de tortillas,Alimentacion
pastillas,Salud
alimentos,Alimentacion
Compra de muebles,Vivienda
Compra utiles escolares,Educación
Cita doctor,Salud
Reparación plomería,Vivienda
farmacia similares,Salud
Bolsa,Ocio
Compra de muebles,Vivienda
MEDICO,Salud
Cafeteria local,Alimentacion
Servicio mantenimiento,Servicios
Pago de hipoteca,Vivienda
Fisioterapia,Salud
Tortilleria,Alimentacion
vegetal,Alimentacion
camiseta,Ocio
Decoración hogar,Vivienda
Pago seguro vivienda,Vivienda
Frances,Educación
Boleto parque,Ocio
Yogurt,Alimentacion
DiDi,Transporte
Pedido comida,Alimentacion
consulta medica,Salud
Libro,Ocio
Clases de ingles,Educación
Disney+,Ocio
Compra alimentos,Alimentacion
universidad,Educación
Servicio limpieza hogar,Servicios
Museo,Ocio
Servicio de plomería,Vivienda
Reparación de plomería,Vivienda
Estacionamiento vehiculo,Transporte
Comision Federal de Electricidad,Servicios
Médico,Salud
Compra en supermercado,Alimentacion
Cablebús,Transporte
Superercado,Alimentacion
Antibióticos,Salud
Visita guiada,Ocio
Conferencia académica,Educación
Gorra,Ocio
Reparacion casa,Vivienda
Servicio Didi,Transporte
medico,Salud
gorra,Ocio
Pago mensual renta,Vivienda
Carga gasolina,Transporte
Superercado,Alimentacion
Cena,Alimentacion
Servicio de agua,Servicios
Plomeria,Vivienda
medicamento,Salud
Compra ferreteria,Vivienda
DiDi,Transporte
Almuerzo,Alimentacion
Accesorios,Ocio
MEDICO,Salud
gas,Servicios
Pago cable,Servicios
Desayuno,Alimentacion
Clases privadas,Educación
Despensa mensual,Alimentacion
Seguro de gastos medicos,Salud
mantenimiento edificio,Vivienda
stream,Ocio
Credito hipotecario,Vivienda
Reparacion casa,Vivienda
Curso ingles,Educación
Viaje transporte,Transporte
taxi,Transporte
Crédito hipotecario,Vivienda
Antibiótico,Salud
Frutas,Alimentacion
Cafetería,Alimentacion
Uber,Transporte
Pago gimnasio,Servicios
Crema facial,Ocio
Material ferreteria,Vivienda
Transporte por aplicación,Transporte
Conferencia academica,Educación
CURSO,Educación
Servicio médico,Salud
Pago combustible,Transporte
certificacion,Educación
Limpieza del hogar,Vivienda
Pemex,Transporte
farmacia,Salud
Urgencias medicas,Salud
Curso en línea,Educación
Pastillas,Salud
Viaje transporte,Transporte
Urgencias médicas,Salud
Farmacia,Salud
cartera,Ocio
Té,Alimentacion
comida rapida,Alimentacion
Servicio caldera,Servicios
Certificacion,Educación
Comic,Ocio
Ingles,Educación
Renta,Vivienda
Sombrero,Ocio
Huevos,Alimentacion
Mensualidad renta,Vivienda
Bolsa,Ocio
fruta,Alimentacion
Congreso académico,Educación
Medicamentos,Salud
RENTA,Vivienda
Alquiler,Vivienda
Pago Disney,Ocio
Supermercado,Alimentacion
Crédito hipotecario,Vivienda
Útiles escuela,Educación
Cine,Ocio
Terapia fisica,Salud
Queso,Alimentacion
Pago inscripción,Educación
Servicio de limpieza,Servicios
Gasolinera,Transporte
Mensualidad escuela,Educación
Servicio caldera,Servicios
Gasolina Premium,Transporte
Lacteos,Alimentacion
Visita turistica,Ocio
Mensualidad escuela,Educación
Gasolinera,Transporte
Transporte público,Transporte
Comida en restaurante,Alimentacion
Gimnasio,Servicios
Pago de luz,Servicios
Seminario,Educación
Recarga tarjeta transporte,Transporte
Didi Food,Alimentacion
Compra libro escolar,Educación
Ferreteria,Vivienda
farmacia,Salud
Zapatos,Ocio
Servicio de cable,Servicios
Refrescos,Alimentacion
Mensualidad universidad,Educación
Material de estudio,Educación
Senderismo,Ocio
LABORATORIO,Salud
Didi food,Alimentacion
CAFÉ,Alimentacion
Reparacion tuberia,Vivienda
Desayuno,Alimentacion
Didi food,Alimentacion
Materiales escolares,Educación
Seguro medico,Salud
Tienda de abarrotes,Alimentacion
Pantalon,Ocio
Frances,Educación
Pintura interiores,Vivienda
Cocina,Vivienda
Vitaminas,Salud
Pasaje,Transporte
Boleto de autobus,Transporte
mantenimiento edificio,Vivienda
Supermercado,Alimentacion
Uber viaje,Transporte
curso en linea,Educación
Seguro medico,Salud
Material didactico,Educación
Pago universidad,Educación
Cafe espresso,Alimentacion
Cable,Servicios
Dentista,Salud
Pizza,Alimentacion
Examen médico,Salud
Comida rápida,Alimentacion
Cafe de cafeteria,Alimentacion
Tren suburbano,Transporte
Tanque de gas,Servicios
Gasolinera,Transporte
Boleto teatro,Ocio
Cine,Ocio
muebles,Vivienda
Servicio medico,Salud
Suscripcion netflix,Ocio
Pago inscripción,Educación
Transporte publico,Transporte
Mantenimiento hogar,Vivienda
Material didactico,Educación
Mensualidad hipoteca,Vivienda
Mantenimiento servicio,Servicios
Seguro casa,Vivienda
PREMIUM,Transporte
Limpieza casa,Servicios
Pago renta,Vivienda
Natación,Ocio
cine,Ocio
Botanas,Alimentacion
Mantenimiento hogar,Vivienda
Matcha latte,Alimentacion
Tianguis,Alimentacion
Boleto de autobus,Transporte
analisis laboratorio,Salud
Pago CFE,Servicios
Pago de servicio,Servicios
libro,Ocio
Bolsa,Ocio
MEDICINA,Salud
FARMACIA,Salud
Compra ropa,Ocio
Electrodomesticos,Vivienda
playera,Ocio
MEDICO,Salud
Artículos para hogar,Vivienda
Mantenimiento servicio,Servicios
Inscripcion escuela,Educación
Museo,Ocio
Inscripcion escolar,Educación
Cita doctor,Salud
Pan,Alimentacion
Compra ropa,Ocio
Calzado,Ocio
camiseta,Ocio
Cablebus,Transporte
Despensa Walmart,Alimentacion
Boleto teatro,Ocio
Cafeteria,Alimentacion
Plomeria,Vivienda
Pastilla,Salud
Jarabe,Salud
Tutorías,Educación
Recibo de servicio,Servicios
Pago de gimnasio,Servicios
Compra útiles escolares,Educación
Medico,Salud
Servicio celular,Servicios
Cablebus,Transporte
Netflix,Ocio
Mantenimiento departamento,Vivienda
Odontólogo,Salud
Uber,Transporte
Hospitalización,Salud
Materiales escolares,Educación
Cafe de cafeteria,Alimentacion
Pago mensual renta,Vivienda
Despensa quincenal,Alimentacion
Recarga Telcel,Servicios
vegetales,Alimentacion
Decoración del hogar,Vivienda
Caseta,Transporte
analisis laboratorio,Salud
LABORATORIO,Salud
Kit de ducha,Ocio
Fibra óptica,Servicios
Hospitalización,Salud
Pago colegiatura,Educación
comida rapida,Alimentacion
Compra farmacia,Salud
Despensa mensual,Alimentacion
tianguis,Alimentacion
Clases idiomas,Educación
Libros de texto,Educación
taxi sitio,Transporte
Viaje Uber,Transporte
Compra libro escolar,Educación
Vestido,Ocio
Bolsa,Ocio
Electricidad,Servicios
Receta medica,Salud
Servicio de cable,Servicios
Pago de servicio,Servicios
Pago universidad,Educación
tortilleria,Alimentacion
Mensualidad hipoteca,Vivienda
Estudio médico,Salud
Uber eats,Alimentacion
Te,Alimentacion
Taxi de Sitio,Transporte
Pago telefonia,Servicios
pago cfe,Servicios
Curso online,Educación
Gimnasio,Servicios
streaming,Ocio
Antibióticos,Salud
Reparación electrodoméstico,Vivienda
Plan internet,Servicios
Boleto autobus,Transporte
Recibo de servicio,Servicios
Jugo,Alimentacion
Consulta con doctor,Salud
Viaje,Ocio
Cita medica,Salud
Pollo,Alimentacion
concierto,Ocio
Gym,Servicios
Supermercado,Alimentacion
Terapia fisica,Salud
FERRETERIA,Vivienda
Utensilios de cocina,Vivienda
despensa,Alimentacion
Estudio médico,Salud
Entrada evento,Ocio
pemex,Transporte
Fibra optica,Servicios
comida rapida,Alimentacion
Restaurante,Alimentacion
Utiles escolares,Educación
ferreteria,Vivienda
Parque de diversiones,Ocio
Utiles escolares,Educación
Cuota mantenimiento,Vivienda
Servicio de plomería,Vivienda
Seminario,Educación
Compra electrodomestico,Vivienda
Cablebus,Transporte
Curso de internet,Educación
Comida rápida,Alimentacion
Frances,Educación
Limpieza del hogar,Vivienda
Clase particular,Educación
Suscripcion de streaming,Servicios
Diplomado,Educación
Pasaje,Transporte
Pago celular mensual,Servicios
Abono hipoteca,Vivienda
Reparación de plomería,Vivienda
Reparación caldera,Servicios
Consulta dental,Salud
senderismo,Ocio
Pasaje tren,Transporte
Electrodoméstico,Vivienda
Cine,Ocio
Pan dulce,Alimentacion
Aretes,Ocio
Yogurt,Alimentacion
galleta,Alimentacion
Tarjeta Metro,Transporte
Pago de celular,Servicios
Consulta medica,Salud
Almuerzo,Alimentacion
Estudio médico,Salud
Servicio de limpieza,Servicios
Urgencias médicas,Salud
Plan de internet,Servicios
MAGNA,Transporte
Cafe,Alimentacion
Despensa mensual,Alimentacion
Farmacia del Ahorro,Salud
Crédito hipotecario,Vivienda
TELCEL,Servicios
gimnasio,Servicios
Artículos limpieza,Vivienda
Pago inscripción,Educación
Gasolinera,Transporte
Clases de idiomas,Educación
Pago gas natural,Servicios
senderismo,Ocio
Pantalón,Ocio
Diplomado,Educación
Odontologo,Salud
Servicio telefonico,Servicios
Visita turística,Ocio
dentista,Salud
Alquiler vivienda,Vivienda
Carniceria,Alimentacion
Mantenimiento departamento,Vivienda
Utensilios de cocina,Vivienda
Productos de cuidado personal,Ocio
Mochila,Ocio
Streaming,Servicios
Mochila,Ocio
UBER,Transporte
Cafeteria,Alimentacion
Estudio médico,Salud
Ferreteria,Vivienda
Pintura casa,Vivienda
Certificación,Educación
Mensualidad escuela,Educación
Pago Disney,Ocio
Streaming,Ocio
Boleto tren,Transporte
SACMEX,Servicios
libro,Ocio
Inglés,Educación
Congreso académico,Educación
Didi,Transporte
Tortilleria,Alimentacion
ferreteria,Vivienda
Hospitalizacion,Salud
Artículos limpieza,Vivienda
gasolina,Transporte
Vitaminas,Salud
UBER,Transporte
Boleto tren,Transporte
Crema facial,Ocio
Transporte público,Transporte
Seguro vivienda,Vivienda
Comida en restaurante,Alimentacion
Servicio celular,Servicios
Telcel,Servicios
consulta medica,Salud
Carga de gasolina,Transporte
Plan internet,Servicios
Cita medica,Salud
Pintura casa,Vivienda
Compra limpieza hogar,Vivienda
limpieza,Servicios
Pastilla,Salud
Médico,Salud
doctor,Salud
hipoteca,Vivienda
Farmacia similares,Salud
Recarga Metro,Transporte
TIANGUIS,Alimentacion
Uber Eats,Alimentacion
Viaje Didi,Transporte
Pago de Agua,Servicios
Pago de internet,Servicios
Productos de limpieza,Vivienda
Mensualidad del gimnasio,Servicios
Lacteos,Alimentacion
Utensilios cocina,Vivienda
Libros de texto,Educación
Viaje transporte,Transporte
Clase de baile,Ocio
Certificacion,Educación
Certificación,Educación
Cafetería local,Alimentacion
Entrada evento,Ocio
Muebles,Vivienda
Gasolina magna,Transporte
Mueble para sala,Vivienda
Yogurt,Alimentacion
comida,Alimentacion
Inscripción escolar,Educación
Boleto parque,Ocio
Metro,Transporte
Tortillas,Alimentacion
Compra de comida,Alimentacion
Hospitalización,Salud
UberEats,Alimentacion
dentista,Salud
Hobby,Ocio
Pan,Alimentacion
Tanque gasolina,Transporte
gasolina magna,Transporte
ESCUELA,Educación
Odontologo,Salud
Pintura interiores,Vivienda
Superercado,Alimentacion
Consola videojuego,Ocio
doctor,Salud
Tour ciudad,Ocio
Factura de agua,Servicios
Adornos hogar,Vivienda
Adornos hogar,Vivienda
servicio streaming,Servicios
Ferretería,Vivienda
Pago escuela,Educación
Consulta con doctor,Salud
Frutas y verduras,Alimentacion
Disney Plus,Ocio
Reparacion caldera,Servicios
Decoracion casa,Vivienda
Hospital,Salud
Compra de tortillas,Alimentacion
Tutor,Educación
Compra medicamento,Salud
Renta,Vivienda
Servicio streaming,Servicios
Psicólogo,Salud
Té y galletas,Alimentacion
Material educativo,Educación
Cablebus CDMX,Transporte
Tanque gasolina,Transporte
supermercadoDESPENSA,Alimentacion
Reparación electrodoméstico,Vivienda
Cuota mantenimiento,Vivienda
Mensualidad universidad,Educación
Análisis de laboratorio,Salud
Té y galletas,Alimentacion
libro,Ocio
UBER,Transporte
Servicio telefonico,Servicios
Seguro vivienda,Vivienda
Camiseta,Ocio
Mueble para sala,Vivienda
Reparacion plomeria,Vivienda
farmacia,Salud
Mensualidad universidad,Educación
Libro de texto,Educación
Boleto de cine,Ocio
Pintura,Vivienda
Jarabe,Salud
Medicinas,Salud
Supermercado,Alimentacion
Farmacia Guadalajara,Salud
Pago television por cable,Servicios
panaderia,Alimentacion
tortillas,Alimentacion
Supermercado,Alimentacion
Compra ropa,Ocio
Gasolina premium,Transporte
Mantenimiento casa,Vivienda
Taxi sitio,Transporte
Servicio caldera,Servicios
Carga de gasolina,Transporte
Crema facial,Ocio
Recibo servicio,Servicios
Servicio de plomería,Vivienda
Reparacion plomeria,Vivienda
Servicio medico,Salud
Plan internet,Servicios
Servicios de reparación hogar,Vivienda
Farmacia Similares,Salud
HIPOTECA,Vivienda
verdura,Alimentacion
Medicamento farmacia,Salud
Transporte publico,Transporte
Examen médico,Salud
UberEats,Alimentacion
Gas LP,Servicios
Utiles escuela,Educación
Pan dulce,Alimentacion
Cafeteria,Alimentacion
Rappi comida,Alimentacion
Ingles,Educación
Taxi sitio,Transporte
combustible,Transporte
Material de estudio,Educación
Recibo gas,Servicios
Mantenimiento casa,Vivienda
plomeria,Vivienda
Tarjeta movilidad,Transporte
Gas,Servicios
Cablebús,Transporte
Taxi Didi,Transporte
Taxi sitio,Transporte
Pago celular,Servicios
Estacionamiento vehículo,Transporte
Recibo de servicio,Servicios
muebles,Vivienda
Sombrero,Ocio
Clases privadas,Educación
Examen laboratorio,Salud
Pintura para interiores,Vivienda
mantenimiento edificio,Vivienda
Visita turistica,Ocio
Pago de electricidad,Servicios
Productos limpieza,Vivienda
WALMART,Alimentacion
Fisioterapia,Salud
Paseo turístico,Ocio
Farmacia Guadalajara,Salud
Despensa mensual,Alimentacion
Farmacias Guadalajara,Salud
Servicio streaming,Servicios
Didi food,Alimentacion
Clases de ingles,Educación
antibiotico,Salud
Carga gasolina,Transporte
Compra libro escolar,Educación
Credito hipotecario,Vivienda
Servicio Didi,Transporte
Analisis de laboratorio,Salud
Certificación profesional,Educación
Mantenimiento edificio,Vivienda
Alquiler,Vivienda
universidad,Educación
Pago de luz,Servicios
Hipoteca,Vivienda
Carga gasolina,Transporte
Psicologo,Salud
Mantenimiento casa,Vivienda
Reparación caldera,Servicios
walmart,Alimentacion
Factura agua,Servicios
Inscripción escolar,Educación
suscripcion netflix,Ocio
Servicio Didi,Transporte
Pastillas,Salud
Nutriólogo,Salud
Comida rapida restaurante,Alimentacion
Escuela,Educación
Consulta médica,Salud
Hipoteca,Vivienda
pantalon,Ocio
Clases de ingles,Educación
Gas LP,Servicios
Desayuno,Alimentacion
Telcel,Servicios
cartera,Ocio
Servicio de plomeria,Vivienda
Tutor,Educación
tortilleria,Alimentacion
Baile,Ocio
Decoración del hogar,Vivienda
Boleto concierto,Ocio
Pintura hogar,Vivienda
CAMISETA,Ocio
Pago internet,Servicios
Conferencia académica,Educación
Peaje,Transporte
Examen laboratorio,Salud
cafe,Alimentacion
Carga gasolina,Transporte
Compra de muebles,Vivienda
Pulsera,Ocio
Telcel,Servicios
Crema facial,Ocio
Evento,Ocio
Te,Alimentacion
Clases privadas,Educación
Receta medica,Salud
Compra electrodoméstico,Vivienda
cfe,Servicios
Agua embotellada,Alimentacion
hipoteca,Vivienda
tortilleria,Alimentacion
Certificacion profesional,Educación
Laboratorio medico,Salud
PEMEX,Transporte
servicio streaming,Servicios
Pintura interiores,Vivienda
Pago colegiatura,Educación
Pantalón,Ocio
colegiatura,Educación
reloj,Ocio
sacmex,Servicios
Viaje,Ocio
Pago de celular,Servicios
Clases idiomas,Educación
Gas LP,Servicios
Compra ropa,Ocio
Servicio agua,Servicios
Pago de electricidad,Servicios
Evento,Ocio
cafe,Alimentacion
Utiles escuela,Educación
Abono hipoteca,Vivienda
Servicio de plomería,Vivienda
Compra libros escolares,Educación
Médico,Salud
Suscripción Disney,Ocio
Clases de matemáticas,Educación
Inscripción escuela,Educación
Servicio Uber,Transporte
gasolina magna,Transporte
Decoracion casa,Vivienda
limpieza,Servicios
Natación,Ocio
Análisis de laboratorio,Salud
Videojuego,Ocio
Festival música,Ocio
Ferretería,Vivienda
taxi sitio,Transporte
Pago inscripción,Educación
Tienda de abarrotes,Alimentacion
certificacion,Educación
Alquiler vivienda,Vivienda
Metró,Transporte
Comic,Ocio
Cable,Servicios
alimentos,Alimentacion
examen medico,Salud
Cita medica,Salud
Productos para hogar,Vivienda
ESCUELA,Educación
Útiles escuela,Educación
surf,Ocio
GASOLINA,Transporte
Tortilleria,Alimentacion
Plan de internet,Servicios
Pastilla,Salud
dentista,Salud
Comida rapida,Alimentacion
Boleto cablebus,Transporte
Material ferreteria,Vivienda
walmart,Alimentacion
Compra ferreteria,Vivienda
Falda,Ocio
Examen laboratorio,Salud
Libro escolar,Educación
Calzado,Ocio
Tutorías,Educación
Ciclismo,Ocio
Pago inscripcion,Educación
WALMART,Alimentacion
Vitamina,Salud
Boleto tren,Transporte
Tour turistico,Ocio
Viaje en taxi,Transporte
Material didáctico,Educación
Artículos para hogar,Vivienda
Material de estudio,Educación
recarga telcel,Servicios
Pago gas,Servicios
Pasaje tren,Transporte
Pago cable,Servicios
stream,Ocio
Conferencia academica,Educación
Examen médico,Salud
Consulta medica,Salud
Pemex,Transporte
Yogur,Alimentacion
examen medico,Salud
Patinaje,Ocio
Seguro de gastos medicos,Salud
Libro escolar,Educación
mantenimiento edificio,Vivienda
Abarrotes,Alimentacion
Abono hipoteca,Vivienda
Sombrero,Ocio
Uber eats,Alimentacion
Senderismo,Ocio
Compra medicamento,Salud
Televisión por cable,Servicios
Pago Paramount,Ocio
Compra electrodomestico,Vivienda
Tren suburbano,Transporte
Clases de matematicas,Educación
Compra limpieza hogar,Vivienda
Abarrotes,Alimentacion
Juego,Ocio
Cafe,Alimentacion
Tacos,Alimentacion
Comic,Ocio
Examen medico,Salud
Plomeria,Vivienda
Hobby,Ocio
Zapatos,Ocio
Entrada teatro,Ocio
UNIVERSIDAD,Educación
Juego,Ocio
Café espresso,Alimentacion
Certificación profesional,Educación
Tarjeta Metro,Transporte
Visita guiada,Ocio
Diplomado,Educación
Yogurt,Alimentacion
Tacos,Alimentacion
Ingles,Educación
Paramount Plus,Ocio
Compra de comida,Alimentacion
Suscripcion Paramount,Ocio
Renta mensual,Vivienda
Compra libros escolares,Educación
Bolso,Ocio
Recarga Metro,Transporte
curso,Educación
Viaje transporte,Transporte
Jeans,Ocio
Comic,Ocio
Recibo de luz,Servicios
Carne,Alimentacion
Material escolar,Educación
Curso inglés,Educación
Pan,Alimentacion
cafe,Alimentacion
Cable,Servicios
Servicio streaming,Servicios
Medicinas,Salud
Paramount Plus,Ocio
gimnasio,Servicios
panaderia,Alimentacion
Pago agua,Servicios
Carnicería,Alimentacion
Mueble para sala,Vivienda
muebles,Vivienda
Material ferreteria,Vivienda
Examen certificacion,Educación
SACMEX,Servicios
Recarga tarjeta metro,Transporte
Yogurt,Alimentacion
Odontólogo,Salud
Cafeteria local,Alimentacion
Analgesico,Salud
Consulta doctor,Salud
Servicio gasolinera,Transporte
Compra medicamentos,Salud
Pintura casa,Vivienda
camiseta,Ocio
Boleto autobus,Transporte
Curso online,Educación
Nutriólogo,Salud
Material ferreteria,Vivienda
Boleto autobus,Transporte
Surf,Ocio
Congreso académico,Educación
Té,Alimentacion
Examen médico,Salud
Reparación caldera,Servicios
Compra de despensa,Alimentacion
Compra de comida,Alimentacion
Compra ferreteria,Vivienda
Calzado,Ocio
articulos de limpieza,Vivienda
netflix,Ocio
camiseta,Ocio
examen medico,Salud
taxi,Transporte
Analgesico,Salud
playera,Ocio
Estudios de laboratorio,Salud
Electrodoméstico,Vivienda
Carniceria,Alimentacion
Material didáctico,Educación
Pago alquiler,Vivienda
Fisioterapia,Salud
Gorra,Ocio
Ciclismo,Ocio
RECIBO CFE,Servicios
Antibiotico,Salud
Taxi sitio,Transporte
Tanque gas,Servicios
Compra en mercado,Alimentacion
vegetales,Alimentacion
Compra videojuego,Ocio
Tortilleria,Alimentacion
Recibo agua,Servicios
Disney,Ocio
Reloj,Ocio
Viaje Didi,Transporte
CFE,Servicios
Transporte público,Transporte
Clases de inglés,Educación
comida,Alimentacion
Plan de internet,Servicios
Té,Alimentacion
Escuela,Educación
Tarjeta Metro,Transporte
Mantenimiento departamento,Vivienda
Suscripción Disney,Ocio
Reparación electrodoméstico,Vivienda
Articulos limpieza,Vivienda
Telefonía móvil,Servicios
Refrescos,Alimentacion
Boleto de autobus,Transporte
Didi Food,Alimentacion
Pago telefonia,Servicios
Mensualidad escolar,Educación
Plomeria,Vivienda
PREMIUM,Transporte
Yogur,Alimentacion
autobus,Transporte
Mochila,Ocio
Servicios de reparación hogar,Vivienda
CFE pago,Servicios
Nutriólogo,Salud
Odontólogo,Salud
Estudio medico,Salud
CAFÉ,Alimentacion
Material educativo,Educación
CFE,Servicios
Consulta medica,Salud
Servicios de reparacion hogar,Vivienda
Servicio gas,Servicios
Medicamentos,Salud
DOCTOR,Salud
Nutriólogo,Salud
galleta,Alimentacion
Reparacion caldera,Servicios
Electrodomésticos,Vivienda
Internet,Servicios
Compra de despensa,Alimentacion
Inscripcion escuela,Educación
Pago gas natural,Servicios
Compra ropa,Ocio
Fragancia,Ocio
Pago telefonia,Servicios
Diplomado profesional,Educación
Antibiótico,Salud
Servicio médico,Salud
WALMART,Alimentacion
Pago crédito hipotecario,Vivienda
Comida rápida,Alimentacion
Terapia física,Salud
Análisis Laboratorio,Salud
Compra utiles escolares,Educación
Fisioterapia,Salud
Telefonía móvil,Servicios
Alquiler vivienda,Vivienda
Seguro vivienda,Vivienda
Gas,Servicios
Comida rápida,Alimentacion
Recibo de gas,Servicios
Servicio de plomería,Vivienda
Adornos para casa,Vivienda
comida rapida,Alimentacion
pago cfe,Servicios
Superercado,Alimentacion
Clases idiomas,Educación
Karaoke,Ocio
Boletos cine,Ocio
Comision Federal de Electricidad,Servicios
Clases de ingles,Educación
Cuota mantenimiento,Vivienda
Servicio medico,Salud
Recarga tarjeta transporte,Transporte
Pago de internet,Servicios
Restaurante,Alimentacion
Telcel,Servicios
Curso virtual,Educación
Pago Paramount,Ocio
Entrada teatro,Ocio
Estudios de laboratorio,Salud
Desayuno,Alimentacion
Crema corporal,Ocio
Gasolinera PEMEX,Transporte
Autobus,Transporte
Diplomado profesional,Educación
Consulta doctor,Salud
Comic,Ocio
Bolso,Ocio
Servicio agua,Servicios
Medicina,Salud
Medicinas,Salud
Gasolina premium,Transporte
DOCTOR,Salud
Cuota autopista,Transporte
Pago mensual renta,Vivienda
Clases de inglés,Educación
pago agua,Servicios
Estacionamiento vehículo,Transporte
Tortillas,Alimentacion
Queso,Alimentacion
Mantenimiento servicio,Servicios
Pasaje autobus,Transporte
Diplomado profesional,Educación
Doctor,Salud
Lacteos,Alimentacion
Comisión Federal de Electricidad,Servicios
Artículos para hogar,Vivienda
recibo CFE,Servicios
CURSO,Educación
Playera,Ocio
PERFUME,Ocio
taxi,Transporte
Tutorías,Educación
Tanque gasolina,Transporte
Mensualidad renta,Vivienda
Antibiotico,Salud
Pescado,Alimentacion
Medicamento farmacia,Salud
Antibioticos,Salud
Fotografia,Ocio
UBER,Transporte
Servicio limpieza,Servicios
tortilleria,Alimentacion
Compra farmacia,Salud
Paseo turistico,Ocio
Medicinas,Salud
Ciclismo,Ocio
Taxi Didi,Transporte
Tanque gasolina,Transporte
Mensualidad renta,Vivienda
Panaderia,Alimentacion
Comida restaurante,Alimentacion
Cuota mantenimiento,Vivienda
MAGNA,Transporte
gasolina magna,Transporte
Pago gimnasio,Servicios
Boleto cablebus,Transporte
CFE pago,Servicios
LABORATORIO,Salud
Clases particulares,Educación
Taxi sitio,Transporte
Cafetería,Alimentacion
Suscripcion Netflix,Ocio
Tanque gasolina,Transporte
Diplomado,Educación
Urgencias médicas,Salud
Curso en linea,Educación
Farmacia,Salud
Comida rapida restaurante,Alimentacion
Clases de matematicas,Educación
Mensualidad hipoteca,Vivienda
Limpieza del hogar,Vivienda
sacmex,Servicios
Cafe espresso,Alimentacion
Compra electrodomestico,Vivienda
Inscripción escolar,Educación
farmacia,Salud
Comida,Alimentacion
Seguro de gastos medicos,Salud
Tortillas,Alimentacion
Pago gas,Servicios
Farmacia,Salud
consulta medica,Salud
Evento,Ocio
Pago celular,Servicios
Servicio agua,Servicios
taxi sitio,Transporte
Cafe de cafeteria,Alimentacion
Uber eats,Alimentacion
Escuela,Educación
Comida en restaurante,Alimentacion
Compra combustible,Transporte
Comisión Federal de Electricidad,Servicios
Gas natural,Servicios
Pastilla,Salud
Compra electrodoméstico,Vivienda
Examen médico,Salud
Viaje Didi,Transporte
Colegio,Educación
Huevos,Alimentacion
Conferencia académica,Educación
Uber eats,Alimentacion
Servicio streaming,Servicios
Cita médica,Salud
Transporte por aplicación,Transporte
Examen certificacion,Educación
Pago internet,Servicios
Seguro de gastos médicos,Salud
Carniceria,Alimentacion
Inglés,Educación
Uber Eats,Alimentacion
Gasolina magna,Transporte
Te,Alimentacion
Pasaje autobus,Transporte
Mensualidad Netflix,Ocio
Reparación casa,Vivienda
dentista,Salud
Boleto de autobus,Transporte
MEDICINA,Salud
taxi,Transporte
Jarabe,Salud
Pago gas natural,Servicios
Carnicería,Alimentacion
Examen de laboratorio,Salud
Reparación plomería,Vivienda
Plomería,Vivienda
TELCEL,Servicios
Renta mensual,Vivienda
Queso,Alimentacion
Cita doctor,Salud
Estudio medico,Salud
Suscripción Disney,Ocio
curso en linea,Educación
Certificación,Educación
Crema facial,Ocio
Entrada evento,Ocio
Mueble para sala,Vivienda
Pago CFE,Servicios
Materiales escolares,Educación
cafe,Alimentacion
Metró,Transporte
Tutorias,Educación
Antibiótico,Salud
Servicio streaming,Servicios
Antibioticos,Salud
Superercado,Alimentacion
Compra en supermercado,Alimentacion
Desayuno,Alimentacion
Accesorios de moda,Ocio
Mensualidad universidad,Educación
Mantenimiento hogar,Vivienda
Visita guiada,Ocio
Escuela,Educación
Consulta nutricional,Salud
escuela,Educación
Matcha latte,Alimentacion
Joyeria,Ocio
Patinaje,Ocio
Telcel,Servicios
UBER,Transporte
Examen certificación,Educación
Compra muebles,Vivienda
Recibo de gas,Servicios
Estudios de laboratorio,Salud
Compra de ropa,Ocio
Hipoteca,Vivienda
Surf,Ocio
Estacionamiento,Transporte
Vestido,Ocio
Despensa,Alimentacion
Cablebús,Transporte
Gas,Servicios
Consulta doctor,Salud
Compra muebles,Vivienda
Servicio de plomería,Vivienda
Festival,Ocio
Compra ferreteria,Vivienda
Utensilios de cocina,Vivienda
Terapia fisica,Salud
Recibo de servicio,Servicios
Gasolina,Transporte
Compra ropa,Ocio
Alquiler vivienda,Vivienda
Antibioticos,Salud
Servicio medico,Salud
Viaje Uber,Transporte
Fotografía,Ocio
Laboratorio medico,Salud
Pago celular mensual,Servicios
Vitamina,Salud
articulos de limpieza,Vivienda
FERRETERIA,Vivienda
Seguro médico,Salud
Material de estudio,Educación
pemex,Transporte
Comida para llevar,Alimentacion
Comision Federal de Electricidad,Servicios
Tanque de gasolina,Transporte
Mantenimiento casa,Vivienda
Comida rápida,Alimentacion
spa,Ocio
Psicólogo,Salud
Boleto parque,Ocio
Articulos para hogar,Vivienda
Cafe de cafeteria,Alimentacion
Inscripción escuela,Educación
Vitamina,Salud
Recarga tarjeta metro,Transporte
libro,Ocio
COLEGIATURA,Educación
Pago colegiatura,Educación
Transporte urbano,Transporte
Carga gas LP,Servicios
Tienda de abarrotes,Alimentacion
Servicio de agua,Servicios
escuela,Educación
colegiatura,Educación
Reloj,Ocio
Receta medica,Salud
Limpieza del hogar,Vivienda
Kit de ducha,Ocio
Restaurante,Alimentacion
Cuota autopista,Transporte
Material didáctico,Educación
Reparacion caldera,Servicios
WALMART,Alimentacion
Entrada teatro,Ocio
camiseta,Ocio
Pago combustible,Transporte
Tarjeta Metro,Transporte
Analisis Laboratorio,Salud
Servicio caldera,Servicios
Mantenimiento del edificio,Vivienda
concierto,Ocio
Compra útiles escolares,Educación
Muebles para sala,Vivienda
Artículos limpieza,Vivienda
supermercadoDESPENSA,Alimentacion
Paramount+,Ocio
Pasaje autobus,Transporte
Pago servicio,Servicios
Pantalón,Ocio
Pago credito hipotecario,Vivienda
Pago Disney,Ocio
Pago luz,Servicios
Inscripción escuela,Educación
combustible,Transporte
Perfume,Ocio
Pago de electricidad,Servicios
Mantenimiento caldera,Servicios
Clases de inglés,Educación
Clases de idiomas,Educación
Té y galletas,Alimentacion
CAMISETA,Ocio
walmart,Alimentacion
Pago seguro medico,Salud
Certificación,Educación
Decoracion del hogar,Vivienda
Bolso,Ocio
Consulta dental,Salud
Verduras,Alimentacion
Suscripción Paramount,Ocio
Clases de ingles,Educación
Plan internet,Servicios
certificacion,Educación
Laboratorio médico,Salud
Leche,Alimentacion
Pago combustible,Transporte
Articulos para hogar,Vivienda
WALMART,Alimentacion
gasolina magna,Transporte
Antibióticos,Salud
Examen médico,Salud
Cafeteria local,Alimentacion
Hospitalizacion,Salud
Servicio de internet,Servicios
medicina,Salud
Reparacion electrodomestico,Vivienda
Bolsa,Ocio
pago cfe,Servicios
Cafetería,Alimentacion
Servicio de mantenimiento,Servicios
Servicio Didi,Transporte
Artículos para hogar,Vivienda
Curso idiomas,Educación
Estacionamiento,Transporte
Cablebús,Transporte
antibiotico,Salud
Pasaje tren,Transporte
Material ferreteria,Vivienda
Pago agua,Servicios
Aretes,Ocio
perfume,Ocio
Recibo servicio,Servicios
Didi Food,Alimentacion
Boleto tren,Transporte
Pago limpieza,Servicios
Limpieza,Servicios
Cine,Ocio
Medicamento farmacia,Salud
Café espresso,Alimentacion
Entrada museo,Ocio
Consulta doctor,Salud
Jugo,Alimentacion
Material ferreteria,Vivienda
Vestido,Ocio
Mensualidad hipoteca,Vivienda
Taller de idiomas,Educación
Compra combustible,Transporte
Material de estudio,Educación
Taxi Didi,Transporte
Recibo de luz,Servicios
Festival música,Ocio
Festival música,Ocio
Decoracion del hogar,Vivienda
Carne,Alimentacion
Pasatiempo,Ocio
Combustible,Transporte
Servicio agua,Servicios
Pintura para casa,Vivienda
Compra medicamento,Salud
servicio streaming,Servicios
Jarabe,Salud
Carniceria,Alimentacion
Antibióticos,Salud
farmacia similares,Salud
Mueble para sala,Vivienda
Compra en tianguis,Alimentacion
COLEGIATURA,Educación
TELCEL,Servicios
Mueble para sala,Vivienda
Mensualidad escuela,Educación
Odontologo,Salud
Renta,Vivienda
Electrodomestico,Vivienda
Superercado,Alimentacion
Streaming,Ocio
Tren Suburbano,Transporte
UBER,Transporte
Queso,Alimentacion
Carga gas LP,Servicios
Crema facial,Ocio
Pago seguro medico,Salud
vegetal,Alimentacion
Servicio de limpieza,Servicios
Articulos de limpieza,Vivienda
Decoración hogar,Vivienda
Farmacia Guadalajara,Salud
Hamburguesa,Alimentacion
Compra electrodomestico,Vivienda
Abono hipoteca,Vivienda
Disney+,Ocio
Artículos de limpieza,Vivienda
patinaje,Ocio
Inscripcion curso,Educación
Compra útiles escolares,Educación
Reparación caldera,Servicios
Compra libro escolar,Educación
Comida,Alimentacion
Disney Plus,Ocio
walmart,Alimentacion
Telefonía celular,Servicios
ciclismo,Ocio
Gas Natural,Servicios
Pago gas,Servicios
Gasolinera,Transporte
Colegiatura,Educación
Pago credito hipotecario,Vivienda
Articulos limpieza,Vivienda
Examen médico,Salud
Curso en linea,Educación
Telefonia celular,Servicios
Cafeteria local,Alimentacion
Renta mensual,Vivienda
Servicio agua,Servicios
Fragancia,Ocio
Ingles,Educación
Examen medico,Salud
Surf,Ocio
DIDI,Transporte
Pago mensualidad escolar,Educación
gasolina magna,Transporte
Mensualidad renta,Vivienda
Cita médica,Salud
farmacia similares,Salud
Camion,Transporte
cine,Ocio
GASOLINA,Transporte
Tour turístico,Ocio
pago cfe,Servicios
Laboratorio médico,Salud
Te y galletas,Alimentacion
Comision Federal de Electricidad,Servicios
Conferencia academica,Educación
Nutriólogo,Salud
Escuela,Educación
Taxi de sitio,Transporte
CFE pago,Servicios
Urgencias médicas,Salud
Estudios de laboratorio,Salud
Suscripcion Disney,Ocio
Antibioticos,Salud
Plan de internet,Servicios
Te,Alimentacion
Inscripcion curso,Educación
Servicio medico,Salud
RESTAURANTE,Alimentacion
Pago seguro vivienda,Vivienda
Didi,Transporte
Uber viaje,Transporte
Pulsera,Ocio
Seguro médico,Salud
Articulos limpieza,Vivienda
Certificacion,Educación
despensa,Alimentacion
comida,Alimentacion
Curso en linea,Educación
Compra pintura,Vivienda
Hamburguesa,Alimentacion
Pago de television por cable,Servicios
ferreteria,Vivienda
metro,Transporte
Curso ingles,Educación
DiDi,Transporte
CURSO,Educación
Comic,Ocio
curso,Educación
Jarabe,Salud
Recibo de servicio,Servicios
Taller de idiomas,Educación
Compra medicamentos,Salud
Recarga tarjeta metro,Transporte
Ciclismo,Ocio
Limpieza casa,Servicios
Francés,Educación
Estacionamiento vehículo,Transporte
Reparacion casa,Vivienda
Reparación casa,Vivienda
Surf,Ocio
Artículos para hogar,Vivienda
Boleto autobus,Transporte
Inscripción universidad,Educación
Disney+,Ocio
Material didactico,Educación
Servicio celular,Servicios
Servicio gasolinera,Transporte
Análisis de laboratorio,Salud
Pago de internet,Servicios
Compra videojuego,Ocio
Curso en línea,Educación
Mantenimiento del edificio,Vivienda
Recibo CFE,Servicios
Tren suburbano,Transporte
Seguro de gastos medicos,Salud
Metro,Transporte
Pago de internet,Servicios
playera,Ocio
Consulta doctor,Salud
Electrodomestico,Vivienda
Consulta médica,Salud
Articulos para hogar,Vivienda
Transporte público,Transporte
Cuota escolar,Educación
taxi sitio,Transporte
gas,Servicios
articulos de limpieza,Vivienda
Gas,Servicios
medicina,Salud
Clases de matematicas,Educación
Gasolinera,Transporte
Pago de television por cable,Servicios
Clases privadas,Educación
Decoración del hogar,Vivienda
Certificación profesional,Educación
gas natural,Servicios
Recarga tarjeta metro,Transporte
Visita guiada,Ocio
Seguro de gastos medicos,Salud
Compra pintura,Vivienda
Servicio celular,Servicios
Servicio telefonico,Servicios
Tianguis,Alimentacion
Articulos de limpieza,Vivienda
Compra alimentos,Alimentacion
Servicio Uber,Transporte
Didi food,Alimentacion
crema,Ocio
Compra farmacia,Salud
UBER,Transporte
Pedido de comida,Alimentacion
consulta medica,Salud
laboratorio,Salud
Conferencia academica,Educación
Fisioterapia,Salud
LABORATORIO,Salud
GYM,Servicios
Mensualidad del gimnasio,Servicios
Compra medicamento,Salud
Cablebus,Transporte
Inscripción curso,Educación
Urgencias médicas,Salud
Reparación de plomería,Vivienda
Cablebus,Transporte
Mantenimiento del edificio,Vivienda
Libros de texto,Educación
colegiatura,Educación
Articulos de limpieza,Vivienda
recibo CFE,Servicios
Inscripcion curso,Educación
Curso virtual,Educación
Recarga Metro,Transporte
Recibo gas,Servicios
DIDI,Transporte
gimnasio,Servicios
Pago de Agua,Servicios
Productos de cuidado personal,Ocio
Servicio de plomería,Vivienda
Pago mensualidad escolar,Educación
Transporte urbano,Transporte
Pescado,Alimentacion
concierto,Ocio
Suscripción de streaming,Servicios
Inglés,Educación
Seguro de gastos médicos,Salud
Gorra,Ocio
Seguro casa,Vivienda
Farmacia similares,Salud
spa,Ocio
Crédito hipotecario,Vivienda
Compra en supermercado,Alimentacion
Almuerzo,Alimentacion
Festival musica,Ocio
Muebles sala,Vivienda
Fotografia,Ocio
Examen de laboratorio,Salud
Reparación tubería,Vivienda
Pollo,Alimentacion
Hospital,Salud
Terapia fisica,Salud
Servicio de agua,Servicios
Lácteos,Alimentacion
Delivery de comida,Alimentacion
Fisioterapia,Salud
pastilla,Salud
Reparacion plomeria,Vivienda
Pago luz,Servicios
Lentes,Ocio
Paseo turístico,Ocio
Tacos restaurante,Alimentacion
Clases idiomas,Educación
Paramount+,Ocio
Television por cable,Servicios
Cita medica,Salud
Hamburguesa,Alimentacion
Mantenimiento departamento,Vivienda
Diplomado profesional,Educación
Mensualidad escuela,Educación
Latte,Alimentacion
escuela,Educación
Natación,Ocio
gasolina premium,Transporte
Taxi,Transporte
Hospital,Salud
Articulos para hogar,Vivienda
Despensa Walmart,Alimentacion
RENTA,Vivienda
Compra electrodoméstico,Vivienda
Hospitalizacion,Salud
Antibióticos,Salud
Ropa,Ocio
Articulos limpieza,Vivienda
Mensualidad del gimnasio,Servicios
Verduras,Alimentacion
Servicio de internet,Servicios
Servicio de mantenimiento,Servicios
Caseta,Transporte
gas,Servicios
Suscripcion netflix,Ocio
recarga telcel,Servicios
Servicio spa,Ocio
Estudio medico,Salud
Fibra optica,Servicios
Material didactico,Educación
Pago gas natural,Servicios
electricidad,Servicios
Tortillas,Alimentacion
Fisioterapia,Salud
Pago de servicio,Servicios
farmacia similares,Salud
consulta medica,Salud
Recibo CFE,Servicios
Videojuegos,Ocio
Falda,Ocio
Pago Disney,Ocio
Reparación plomería,Vivienda
Suscripcion netflix,Ocio
Conferencia académica,Educación
Material didactico,Educación
uber,Transporte
LIBRO,Ocio
Carniceria,Alimentacion
Clases idiomas,Educación
Inscripcion universidad,Educación
Analgésico,Salud
Certificacion,Educación
Lentes,Ocio
Clases idiomas,Educación
gasolina,Transporte
Mensualidad gimnasio,Servicios
Cena,Alimentacion
colegiatura,Educación
Comida,Alimentacion
Senderismo,Ocio
Set de ducha,Ocio
Certificacion profesional,Educación
Recarga de gas,Servicios
didi,Transporte
Tacos restaurante,Alimentacion
combustible,Transporte
Mensualidad escolar,Educación
ropa,Ocio
MAGNA,Transporte
Pago limpieza,Servicios
Inscripción escuela,Educación
uber,Transporte
Cita médica,Salud
Reparacion electrodomestico,Vivienda
Estudios de laboratorio,Salud
Servicio mantenimiento,Servicios
Compra electrodoméstico,Vivienda
LABORATORIO,Salud
Yogurt,Alimentacion
Crédito hipotecario,Vivienda
UberEats,Alimentacion
Compra combustible,Transporte
Aretes,Ocio
Pago de luz,Servicios
Inscripción escolar,Educación
Pemex,Transporte
Cita medica,Salud
Curso virtual,Educación
Recarga tarjeta movilidad,Transporte
Tortillería,Alimentacion
galleta,Alimentacion
Clases de matematicas,Educación
Carne,Alimentacion
Metro,Transporte
Boleto tren,Transporte
Reparacion casa,Vivienda
Inscripcion escuela,Educación
Cuota mantenimiento,Vivienda
Servicio de limpieza,Servicios
Artículos de limpieza,Vivienda
Seguro medico,Salud
Taxi de Sitio,Transporte
Servicio de plomería,Vivienda
Autobús,Transporte
Senderismo,Ocio
Pintura casa,Vivienda
Electrodomésticos,Vivienda
Frutas y verduras,Alimentacion
Psicologo,Salud
Conferencia académica,Educación
TELCEL,Servicios
electricidad,Servicios
Electrodomesticos,Vivienda
Mantenimiento hogar,Vivienda
netflix,Ocio
CFE,Servicios
Recarga tarjeta transporte,Transporte
TELCEL,Servicios
Reparacion casa,Vivienda
Servicio Didi,Transporte
Colonia,Ocio
Cablebús,Transporte
analisis laboratorio,Salud
CAMISETA,Ocio
Pago de Agua,Servicios
Mantenimiento de caldera,Servicios
Recibo agua,Servicios
Gasolinera,Transporte
Útiles escuela,Educación
Medico,Salud
gasolina premium,Transporte
Decoración casa,Vivienda
Recarga tarjeta transporte,Transporte
Cafeteria,Alimentacion
GASOLINA,Transporte
Urgencias médicas,Salud
Boleto evento,Ocio
PREMIUM,Transporte
Compra utiles escolares,Educación
Boleto de autobús,Transporte
Pago telefonia,Servicios
Lentes para sol,Ocio
limpieza,Servicios
Plan de internet,Servicios
Examen certificacion,Educación
Tienda de abarrotes,Alimentacion
Mensualidad hipoteca,Vivienda
GORRA,Ocio
Electrodomesticos,Vivienda
Seguro de gastos medicos,Salud
Comida restaurante,Alimentacion
Pintura,Vivienda
Consulta nutricional,Salud
Juego,Ocio
curso en linea,Educación
Servicio de limpieza,Servicios
Pago de celular,Servicios
Utensilios de cocina,Vivienda
Tienda de abarrotes,Alimentacion
Lentes de sol,Ocio
Servicio Didi,Transporte
Tortillas,Alimentacion
Farmacia Guadalajara,Salud
Compra de ropa,Ocio
Compra pintura,Vivienda
Vitamina,Salud
Inscripcion universidad,Educación
Inscripción curso,Educación
Material didáctico,Educación
NETFLIX,Ocio
Plan de internet,Servicios
Cuota autopista,Transporte
pago cfe,Servicios
examen medico,Salud
Examen de laboratorio,Salud
Autobús,Transporte
Curso online,Educación
Consulta médica,Salud
Mensualidad del gimnasio,Servicios
Factura agua,Servicios
Mensualidad universidad,Educación
Combustible,Transporte
Servicio Didi,Transporte
Recarga tarjeta metro,Transporte
Seminario académico,Educación
plomeria,Vivienda
hipoteca,Vivienda
Inscripcion universidad,Educación
natacion,Ocio
Servicio Uber,Transporte
Servicio de limpieza,Servicios
Visita turistica,Ocio
Pago alquiler,Vivienda
examen medico,Salud
Productos limpieza,Vivienda
Boliche,Ocio
Tarjeta Metro,Transporte
Paseo,Ocio
Leche,Alimentacion
Gasolinera PEMEX,Transporte
Compra supermercado,Alimentacion
Playera,Ocio
Cafe de cafeteria,Alimentacion
Francés,Educación
Artículos de limpieza,Vivienda
Café espresso,Alimentacion
Estudio medico,Salud
Curso virtual,Educación
Entrada evento,Ocio
Clase particular,Educación
Abono hipoteca ,Vivienda
Hipoteca,Vivienda
Autopista,Transporte
TIANGUIS,Alimentacion
senderismo,Ocio
Carga gasolina,Transporte
Clases de idiomas,Educación
Boleto autobus,Transporte
Jeans,Ocio
farmacia,Salud
Telefonia celular,Servicios
Antibióticos,Salud
Pista de hielo,Ocio
Gimnasio,Servicios
Viaje,Ocio
Alimentos,Alimentacion
Plomería,Vivienda
Fibra optica,Servicios
Cocina,Vivienda
Cafeteria local,Alimentacion
Suscripción Disney,Ocio
Renta,Vivienda
Servicio telefónico,Servicios
Cursos,Educación
plomeria,Vivienda
Fisioterapia,Salud
Cómic,Ocio
Compra despensa,Alimentacion
Analisis de laboratorio,Salud
Autopista,Transporte
Recarga tarjeta metro,Transporte
Mantenimiento hogar,Vivienda
Mensualidad universidad,Educación
Joyería,Ocio
GASOLINA,Transporte
Huevos,Alimentacion
galleta,Alimentacion
despensa,Alimentacion
Abarrotes tienda,Alimentacion
Alquiler vivienda,Vivienda
Pista de hielo,Ocio
Medicinas,Salud
Pago de universidad,Educación
restaurante,Alimentacion
Servicio médico,Salud
Electrodomesticos,Vivienda
sacmex,Servicios
Consulta especialista,Salud
Hospital,Salud
Electrodoméstico,Vivienda
examen medico,Salud
Comida para llevar,Alimentacion
UberEats,Alimentacion
Compra electrodoméstico,Vivienda
Jugo,Alimentacion
Articulos limpieza,Vivienda
Reparación plomería,Vivienda
Frances,Educación
Fisioterapia,Salud
Desayuno,Alimentacion
streaming,Ocio
curso en linea,Educación
Servicio gasolinera,Transporte
Abono hipoteca ,Vivienda
vegetales,Alimentacion
farmacia similares,Salud
Pago internet,Servicios
Seguro casa,Vivienda
Laboratorio,Salud
Pan dulce,Alimentacion
Universidad,Educación
Inscripcion curso,Educación
Clases idiomas,Educación
Lentes de sol,Ocio
Pemex,Transporte
Viaje Uber,Transporte
Calzado,Ocio
COLEGIATURA,Educación
Mensualidad escolar,Educación
Reparacion hogar,Vivienda
Inscripcion escolar,Educación
Ropa bazar,Ocio
Pago hipoteca,Vivienda
Boleto tren,Transporte
Combustible,Transporte
Cartera,Ocio
Cuota autopista,Transporte
Productos para hogar,Vivienda
articulos de limpieza,Vivienda
Paseo turistico,Ocio
Pasaje tren,Transporte
Cuota de mantenimiento,Vivienda
SACMEX,Servicios
laboratorio medico,Salud
Servicios de reparación hogar,Vivienda
Pago seguro vivienda,Vivienda
mantenimiento edificio,Vivienda
TAXI,Transporte
Compra combustible,Transporte
Frutas,Alimentacion
Receta médica,Salud
Limpieza,Servicios
Pago de colegiatura,Educación
Alquiler vivienda,Vivienda
Seguro de casa,Vivienda
Medicamentos,Salud
Reparacion hogar,Vivienda
Recarga tarjeta movilidad,Transporte
Limpieza casa,Servicios
Pago alquiler,Vivienda
Ropa,Ocio
Inscripción escuela,Educación
Compra combustible,Transporte
hipoteca,Vivienda
Pago inscripcion,Educación
pago cfe,Servicios
Mantenimiento departamento,Vivienda
Telcel,Servicios
Pago de escuela,Educación
Pago celular mensual,Servicios
Clases idiomas,Educación
Boleto de autobus,Transporte
Tutor,Educación
Paramount+,Ocio
Curso en línea,Educación
Paramount+,Ocio
Doctor,Salud
Suscripcion de streaming,Servicios
Receta médica,Salud
pago cfe,Servicios
Credito hipotecario,Vivienda
COLEGIATURA,Educación
Seguro de gastos médicos,Salud
Walmart,Alimentacion
Tienda de abarrotes,Alimentacion
Inscripción universidad,Educación
Fragancia,Ocio
Libro escolar,Educación
Diplomado profesional,Educación
UNIVERSIDAD,Educación
Té,Alimentacion
Mensualidad del gimnasio,Servicios
CURSO,Educación
Mantenimiento caldera,Servicios
Pago crédito hipotecario,Vivienda
Compra despensa,Alimentacion
renta,Vivienda
Limpieza,Servicios
Decoración casa,Vivienda
Camiseta,Ocio
Limpieza casa,Servicios
Seguro médico,Salud
MEDICINA,Salud
Tortillería,Alimentacion
Pantalón,Ocio
Seminario academico,Educación
Cita médica,Salud
Renta mensual,Vivienda
Clases idiomas,Educación
Pastilla,Salud
Telcel,Servicios
Clases privadas,Educación
Comida,Alimentacion
Autopista,Transporte
Fibra óptica,Servicios
Servicio Didi,Transporte
Kit de ducha,Ocio
Museo,Ocio
Mantenimiento departamento,Vivienda
Cuota escolar,Educación
Renta mensual,Vivienda
Productos de cuidado personal,Ocio
Festival musica,Ocio
Consulta con doctor,Salud
Consulta con doctor,Salud
libro,Ocio
libro,Ocio
muebles,Vivienda
Inscripción escolar,Educación
Receta medica,Salud
Mensualidad escolar,Educación
Zapatos,Ocio
Joyeria,Ocio
Antibiótico,Salud
Servicio spa,Ocio
Cita médica,Salud
escuela,Educación
Transporte público,Transporte
Medicamento,Salud
Mensualidad escuela,Educación
Suscripción Paramount,Ocio
Didi food,Alimentacion
Pago telefonia,Servicios
Pastilla,Salud
Huevos,Alimentacion
Servicio de cable,Servicios
CAFÉ,Alimentacion
CAMISETA,Ocio
medicina,Salud
Cafeteria local,Alimentacion
Frances,Educación
comida,Alimentacion
Servicio caldera,Servicios
Abono hipoteca ,Vivienda
Muebles,Vivienda
Antibióticos,Salud
Hamburguesa,Alimentacion
Pasaje de autobus,Transporte
Pago de hipoteca,Vivienda
Transporte publico,Transporte
Pago de universidad,Educación
recibo CFE,Servicios
Analgesico,Salud
Laboratorio medico,Salud
GYM,Servicios
Taller de idiomas,Educación
Utiles escuela,Educación
Transporte urbano,Transporte
Reparacion tuberia,Vivienda
Tanque de gas,Servicios
cfe,Servicios
articulos de limpieza,Vivienda
Seguro vivienda,Vivienda
Pago de escuela,Educación
Cafetería,Alimentacion
Renta mensual,Vivienda
Pan,Alimentacion
Gasolina,Transporte
Servicio gasolinera,Transporte
Latte,Alimentacion
Tienda de abarrotes,Alimentacion
playera,Ocio
Paseo,Ocio
Taxi sitio,Transporte
Mensualidad gimnasio,Servicios
Odontólogo,Salud
Plomeria,Vivienda
Servicio caldera,Servicios
Gasolina Magna,Transporte
Certificación profesional,Educación
Tarjeta movilidad,Transporte
fruta,Alimentacion
Cuota de mantenimiento,Vivienda
Reparación caldera,Servicios
Tortillería,Alimentacion
Credito hipotecario,Vivienda
Compra de tortillas,Alimentacion
Disney Plus,Ocio
Comida para llevar,Alimentacion
Examen médico,Salud
Cursos,Educación
Pago colegiatura,Educación
Servicio celular,Servicios
PREMIUM,Transporte
plomeria,Vivienda
Combustible,Transporte
Pago gas natural,Servicios
Taller de idiomas,Educación
WALMART,Alimentacion
RESTAURANTE,Alimentacion
Pan dulce,Alimentacion
tortilleria,Alimentacion
Television por cable,Servicios
Medicamento farmacia,Salud
Pago Paramount,Ocio
Cablebus CDMX,Transporte
Servicio celular,Servicios
TIANGUIS,Alimentacion
Doctor,Salud
recarga telcel,Servicios
Carga gas LP,Servicios
Útiles escolares,Educación
laboratorio,Salud
Recibo CFE,Servicios
curso en linea,Educación
Nutriólogo,Salud
Seminario académico,Educación
Recibo gas,Servicios
TELCEL,Servicios
Pago agua,Servicios
Francés,Educación
Reparación casa,Vivienda
Compra de tortillas,Alimentacion
reloj,Ocio
Reloj,Ocio
Tanque gasolina,Transporte
Boletos cine,Ocio
PREMIUM,Transporte
Disney,Ocio
Estudio médico,Salud
Medicamento,Salud
Camion,Transporte
Laboratorio medico,Salud
Servicio medico,Salud
Compra combustible,Transporte
Pan dulce,Alimentacion
colegiatura,Educación
cfe,Servicios
Tour turístico,Ocio
Terapia física,Salud
Pedido de comida,Alimentacion
Cita médica,Salud
Mantenimiento edificio,Vivienda
supermercado,Alimentacion
Compra limpieza hogar,Vivienda
Decoracion casa,Vivienda
Servicio Uber,Transporte
Yogur,Alimentacion
Artículos de limpieza,Vivienda
Estacionamiento,Transporte
Cable,Servicios
panaderia,Alimentacion
Seguro de casa,Vivienda
pago agua,Servicios
Farmacia,Salud
Compra ropa,Ocio
Pago seguro vivienda,Vivienda
UNIVERSIDAD,Educación
Seminario académico,Educación
Viaje en taxi,Transporte
Crema corporal,Ocio
Recibo gas,Servicios
Pago mensualidad escolar,Educación
curso,Educación
Servicio de plomería,Vivienda
Recibo de gas,Servicios
Pago SACMEX,Servicios
Pasaje urbano,Transporte
curso en linea,Educación
Productos para hogar,Vivienda
Seminario,Educación
Videojuego,Ocio
Analgésico,Salud
Festival,Ocio
Cita medica,Salud
Pago crédito hipotecario,Vivienda
Metro,Transporte
Pizza,Alimentacion
Pista de hielo,Ocio
Mensualidad escolar,Educación
Cablebus,Transporte
Compra de muebles,Vivienda
Mensualidad renta,Vivienda
Dentista,Salud
Cable,Servicios
Vitaminas,Salud
plomeria,Vivienda
Reparación plomería,Vivienda
Comida restaurante,Alimentacion
Senderismo,Ocio
Transporte publico,Transporte
reloj,Ocio
Inscripción escuela,Educación
Conferencia académica,Educación
Pago de celular,Servicios
Servicio de plomería,Vivienda
Credito hipotecario,Vivienda
Transporte publico,Transporte
Certificación profesional,Educación
Pago mensual renta,Vivienda
Gasolinera PEMEX,Transporte
Carga de gasolina,Transporte
Escuela,Educación
Despensa,Alimentacion
Pago de Agua,Servicios
dentista,Salud
LABORATORIO,Salud
Mantenimiento departamento,Vivienda
GASOLINA,Transporte
Seguro de vivienda,Vivienda
Pago inscripción,Educación
Televisión por cable,Servicios
mantenimiento edificio,Vivienda
Curso idiomas,Educación
Suscripcion Disney,Ocio
Masaje,Ocio
Cita doctor,Salud
Diplomado,Educación
Cafe,Alimentacion
Zapatos,Ocio
Articulos para hogar,Vivienda
Sombrero,Ocio
Suscripcion Paramount,Ocio
uber,Transporte
Te y galletas,Alimentacion
restaurante,Alimentacion
Servicio celular,Servicios
Tarjeta Metro,Transporte
RENTA,Vivienda
gas natural,Servicios
Farmacia Similares,Salud
Restaurante,Alimentacion
Didi food,Alimentacion
Pasaje,Transporte
Terapia física,Salud
sacmex,Servicios
Tacos restaurante,Alimentacion
metro,Transporte
curso en linea,Educación
Recibo de agua,Servicios
Recibo CFE,Servicios
Material escolar,Educación
Utensilios de cocina,Vivienda
Medico,Salud
Examen laboratorio,Salud
Pintura casa,Vivienda
gas natural,Servicios
Recibo gas,Servicios
Material didactico,Educación
Compra farmacia,Salud
Pago gas natural,Servicios
ESCUELA,Educación
Compra limpieza hogar,Vivienda
Curso en línea,Educación
Mensualidad hipoteca,Vivienda
Reparacion plomeria,Vivienda
Estudio médico,Salud
Despensa mensual,Alimentacion
Mantenimiento casa,Vivienda
paramount,Ocio
Adornos hogar,Vivienda
Gimnasio,Servicios
Clases de matemáticas,Educación
Metro,Transporte
Pemex,Transporte
Servicio de agua,Servicios
Terapia fisica,Salud
Servicio internet,Servicios
Odontologo,Salud
Muebles sala,Vivienda
Metró,Transporte
Café espresso,Alimentacion
Pago caseta,Transporte
Herramientas hogar,Vivienda
Pantalón,Ocio
Frutas,Alimentacion
Visita turistica,Ocio
Didi food,Alimentacion
Mensualidad escuela,Educación
pantalon,Ocio
CFE,Servicios
Festival música,Ocio
Congreso academico,Educación
Pedido comida,Alimentacion
Analgésico,Salud
Curso de idiomas,Educación
Compra en supermercado,Alimentacion
Compra muebles,Vivienda
TELCEL,Servicios
Comida rapida restaurante,Alimentacion
Leche,Alimentacion
laboratorio medico,Salud
Didi food,Alimentacion
Karaoke,Ocio
Pasaje de autobus,Transporte
Inscripción curso,Educación
Tarjeta movilidad,Transporte
Pago credito hipotecario,Vivienda
Análisis de laboratorio,Salud
Tren Suburbano,Transporte
Taxi de sitio,Transporte
Farmacia similares,Salud
Visita turística,Ocio
vegetal,Alimentacion
electricidad,Servicios
Entrada museo,Ocio
Curso online,Educación
Boleto concierto,Ocio
Gasolina magna,Transporte
Cursos,Educación
Crema corporal,Ocio
dentista,Salud
Cafetería local,Alimentacion
Almuerzo,Alimentacion
Compra libro escolar,Educación
tren suburbano,Transporte
Medicamentos,Salud
PREMIUM,Transporte
Clases de inglés,Educación
Fibra optica,Servicios
Taxi sitio,Transporte
Pago cable,Servicios
Pago renta,Vivienda
Consulta nutricional,Salud
Pago universidad,Educación
Pago internet,Servicios
Taller idiomas,Educación
Collar,Ocio
MEDICINA,Salud
Camión,Transporte
Medico,Salud
Autopista,Transporte
Abono Hipoteca,Vivienda
DIDI,Transporte
recarga telcel,Servicios
Urgencias médicas,Salud
Articulos de limpieza,Vivienda
CAFÉ,Alimentacion
Accesorios,Ocio
Streaming,Servicios
Urgencias médicas,Salud
Recarga tarjeta metro,Transporte
Viaje transporte,Transporte
curso,Educación
Mensualidad universidad,Educación
Compra electrodoméstico,Vivienda
Recibo de agua,Servicios
Lentes para sol,Ocio
Seguro vivienda,Vivienda
Cafeteria local,Alimentacion
mantenimiento edificio,Vivienda
Tutor,Educación
Televisión por cable,Servicios
Tortilleria,Alimentacion
Uber eats,Alimentacion
Recarga tarjeta transporte,Transporte
Servicio limpieza hogar,Servicios
laboratorio medico,Salud
Vitamina,Salud
UberEats,Alimentacion
Accesorios de moda,Ocio
Pago television por cable,Servicios
LABORATORIO,Salud
didi,Transporte
Colegiatura,Educación
Servicio medico,Salud
DOCTOR,Salud
Servicio médico,Salud
Mantenimiento edificio,Vivienda
Pago de celular,Servicios
Compra de tortillas,Alimentacion
Recarga Metro,Transporte
Plomeria,Vivienda
Clases de idiomas,Educación
Pemex,Transporte
Pantalón,Ocio
Falda,Ocio
Nutriólogo,Salud
Gasolinera PEMEX,Transporte
Gas Natural,Servicios
walmart,Alimentacion
Queso,Alimentacion
Cursos,Educación
Utiles escuela,Educación
Tortilleria,Alimentacion
Estacionamiento vehiculo,Transporte
Gasolinera,Transporte
Latte,Alimentacion
Supermercado,Alimentacion
renta,Vivienda
Certificacion,Educación
Pasaje urbano,Transporte
Utensilios de cocina,Vivienda
Pastillas,Salud
Utiles escolares,Educación
RENTA,Vivienda
Tenis,Ocio
Muebles sala,Vivienda
pago cfe,Servicios
Congreso académico,Educación
Galletas,Alimentacion
Compra en tianguis,Alimentacion
Reparación tubería,Vivienda
Pago de escuela,Educación
Libro,Ocio
MEDICINA,Salud
Boleto parque,Ocio
tortillas,Alimentacion
Estudio médico,Salud
paramount,Ocio
gasolina premium,Transporte
universidad,Educación
Pago telefonia,Servicios
COLEGIATURA,Educación
Antibioticos,Salud
Receta medica,Salud
Servicio médico,Salud
Utiles escuela,Educación
Articulos de limpieza,Vivienda
Pago luz,Servicios
libro,Ocio
Inscripcion escuela,Educación
Reparacion caldera,Servicios
Tanque de gasolina,Transporte
medicamento,Salud
delivery comida,Alimentacion
Pago internet,Servicios
Pago colegiatura,Educación
farmacia,Salud
Didi,Transporte
Mantenimiento edificio,Vivienda
Telcel,Servicios
Transporte público,Transporte
Consulta médica,Salud
Pago escuela,Educación
Libro escolar,Educación
Lácteos,Alimentacion
Pasaje autobus,Transporte
Tour por ciudad,Ocio
Boleto tren,Transporte
Cita médica,Salud
Uber viaje,Transporte
GAS LP,Servicios
UBER,Transporte
Yogur,Alimentacion
curso,Educación
Utensilios cocina,Vivienda
Mensualidad universidad,Educación
Abono Hipoteca,Vivienda
GORRA,Ocio
Limpieza casa,Servicios
PEMEX,Transporte
Curso online,Educación
Viaje transporte,Transporte
Consulta con doctor,Salud
Estudios de laboratorio,Salud
Compra en mercado,Alimentacion
gorra,Ocio
Artículos de limpieza,Vivienda
Recibo de luz,Servicios
articulos de limpieza,Vivienda
Compra medicamentos,Salud
Nutriologo,Salud
Compra medicamentos,Salud
Analisis de laboratorio,Salud
Pago de gimnasio,Servicios
Paseo turístico,Ocio
Taller de idiomas,Educación
dentista,Salud
RECIBO CFE,Servicios
PEMEX,Transporte
RENTA,Vivienda
Curso ingles,Educación
Visita guiada,Ocio
Te y galletas,Alimentacion
Té,Alimentacion
Pago celular,Servicios
Mantenimiento hogar,Vivienda
Recibo de luz,Servicios
Comida,Alimentacion
tortillas,Alimentacion
Productos limpieza,Vivienda
Servicio de cable,Servicios
Pasaje,Transporte
Pasaje tren,Transporte
Pasatiempo,Ocio
Consulta nutricional,Salud
Transporte público,Transporte
Seguro medico,Salud
Pago de colegiatura,Educación
Libros de texto,Educación
Artículos para hogar,Vivienda
LABORATORIO,Salud
Cena,Alimentacion
Inscripción universidad,Educación
disney,Ocio
Desayuno,Alimentacion
Credito hipotecario,Vivienda
Material didáctico,Educación
Articulos de limpieza,Vivienda
universidad,Educación
transporte publico,Transporte
Conferencia academica,Educación
Cafeteria local,Alimentacion
Plan de internet,Servicios
Consulta especialista,Salud
Transporte por aplicación,Transporte
Jugo,Alimentacion
Doctor,Salud
Universidad,Educación
Compra supermercado,Alimentacion
Comida en restaurante,Alimentacion
Fisioterapia,Salud
Mercado,Alimentacion
laboratorio,Salud
Comida,Alimentacion
tren suburbano,Transporte
Pista de hielo,Ocio
Seguro casa,Vivienda
Metro,Transporte
Yogurt,Alimentacion
Mensualidad escolar,Educación
Boleto cablebus,Transporte
Pago celular mensual,Servicios
Analgésico,Salud
Servicio de limpieza,Servicios
Festival,Ocio
Pago caseta,Transporte
Tren Suburbano,Transporte
Consulta especialista,Salud
Curso virtual,Educación
Pago cable,Servicios
Despensa,Alimentacion
Servicio Uber,Transporte
Paramount Plus,Ocio
Despensa quincenal,Alimentacion
Desayuno,Alimentacion
autobus,Transporte
Boletos cine,Ocio
Ropa,Ocio
stream,Ocio
Pulsera,Ocio
Servicio médico,Salud
Compra alimentos,Alimentacion
Agua embotellada,Alimentacion
certificacion,Educación
Mantenimiento edificio,Vivienda
universidad,Educación
TIANGUIS,Alimentacion
Gas LP,Servicios
Obra de teatro,Ocio
Disney+,Ocio
gas lp,Servicios
Servicio Uber,Transporte
renta,Vivienda
Comida en restaurante,Alimentacion
Pago luz,Servicios
Odontologo,Salud
Fotografia,Ocio
Artículos para hogar,Vivienda
Compra de muebles,Vivienda
Aretes,Ocio
Cafetería,Alimentacion
gasolina magna,Transporte
COLEGIATURA,Educación
Pedido de comida,Alimentacion
Clases de inglés,Educación
Articulos limpieza,Vivienda
Autopista,Transporte
Taxi sitio,Transporte
GASOLINA,Transporte
Pago mensualidad escolar,Educación
Compra electrodoméstico,Vivienda
Parque de diversiones,Ocio
Transporte por aplicación,Transporte
CURSO,Educación
Te,Alimentacion
Accesorios de moda,Ocio
Evento,Ocio
Visita guiada,Ocio
Compra útiles escolares,Educación
Reparación hogar,Vivienda
Compra farmacia,Salud
Antibióticos,Salud
Combustible,Transporte
Clases de ingles,Educación
TAXI,Transporte
Antibióticos,Salud
Decoracion del hogar,Vivienda
Gasolina premium,Transporte
Comic,Ocio
Viaje Uber,Transporte
Examen laboratorio,Salud
Farmacia Similares,Salud
Mensualidad gimnasio,Servicios
Pasaje urbano,Transporte
Cuota escolar,Educación
Zapatos,Ocio
MAGNA,Transporte
SACMEX,Servicios
Reparacion caldera,Servicios
alimentos,Alimentacion
Gorra,Ocio
Compra de alimentos,Alimentacion
Francés,Educación
Clases de matemáticas,Educación
FARMACIA,Salud
Taxi de Sitio,Transporte
Frutas y verduras,Alimentacion
Compra en farmacia,Salud
autobus,Transporte
Cartera,Ocio
Psicologo,Salud
Inscripcion escuela,Educación
Paseo,Ocio
Tutorias,Educación
Estacionamiento vehiculo,Transporte
Consulta especialista,Salud
gasolina,Transporte
Patinaje,Ocio
Panaderia,Alimentacion
Pago Telcel,Servicios
Hospital,Salud
Conferencia académica,Educación
Telcel,Servicios
Cafetería,Alimentacion
Hospitalizacion,Salud
Ingles,Educación
Pago de colegiatura,Educación
Uber,Transporte
Autobus,Transporte
Pasaje,Transporte
Novela,Ocio
Examen médico,Salud
Examen de laboratorio,Salud
Suscripción Netflix,Ocio
medicamento,Salud
Reparacion de plomeria,Vivienda
Terapia física,Salud
Pintura interiores,Vivienda
Seguro de gastos medicos,Salud
Cita doctor,Salud
pantalon,Ocio
Boleto tren,Transporte
antibiotico,Salud
Pago celular mensual,Servicios
Mantenimiento caldera,Servicios
Pago de colegiatura,Educación
Certificacion profesional,Educación
Examen médico,Salud
Almuerzo,Alimentacion
Servicio cable,Servicios
Metro,Transporte
renta,Vivienda
Boleto de autobús,Transporte
cafe,Alimentacion
Odontólogo,Salud
Gasolina Magna,Transporte
Compra en supermercado,Alimentacion
RESTAURANTE,Alimentacion
Gasolina Magna,Transporte
Televisión por cable,Servicios
Pago seguro medico,Salud
Factura de agua,Servicios
Herramientas,Vivienda
Servicio de internet,Servicios
Limpieza casa,Servicios
Muebles para sala,Vivienda
Pago de servicio,Servicios
Servicio limpieza,Servicios
Electrodomesticos,Vivienda
Teatro,Ocio
Herramientas,Vivienda
certificacion,Educación
Clases de matemáticas,Educación
Pago universidad,Educación
restaurante,Alimentacion
Vitamina,Salud
UBER,Transporte
Tienda de abarrotes,Alimentacion
Boleto concierto,Ocio
Tortillería,Alimentacion
Universidad,Educación
Pasatiempo,Ocio
Comision Federal de Electricidad,Servicios
LABORATORIO,Salud
Uber,Transporte
Carga gasolina,Transporte
Recarga gas,Servicios
Seguro médico,Salud
Compra alimentos,Alimentacion
Compra de muebles,Vivienda
Servicio médico,Salud
Alquiler vivienda,Vivienda
Boleto cablebus,Transporte
Internet hogar,Servicios
Herramientas,Vivienda
Decoración casa,Vivienda
Antibiótico,Salud
Analisis de laboratorio,Salud
Telefonia movil,Servicios
Teatro,Ocio
Restaurante,Alimentacion
Comida rápida,Alimentacion
Té,Alimentacion
Pastillas,Salud
internet,Servicios
Streaming,Servicios
Compra medicamento,Salud
Pasaje,Transporte
cfe,Servicios
Boleto concierto,Ocio
Odontólogo,Salud
Certificación,Educación
Recibo de agua,Servicios
Peaje,Transporte
Mensualidad escuela,Educación
Pemex,Transporte
Doctor,Salud
Recibo gas,Servicios
cfe,Servicios
Falda,Ocio
Juego,Ocio
Metro,Transporte
Pasaje urbano,Transporte
Examen certificación,Educación
Frutas,Alimentacion
Fisioterapia,Salud
Seguro de gastos médicos,Salud
Clases de idiomas,Educación
Servicio spa,Ocio
Gasolinera PEMEX,Transporte
Material didactico,Educación
transporte publico,Transporte
Laboratorio médico,Salud
Despensa quincenal,Alimentacion
Fisioterapia,Salud
Servicio de plomeria,Vivienda
Utensilios de cocina,Vivienda
Gasolinera,Transporte
Cena en restaurante,Alimentacion
Cablebus,Transporte
MAGNA,Transporte
Seguro medico,Salud
Compra farmacia,Salud
Festival musica,Ocio
Estudio medico,Salud
Pago seguro vivienda,Vivienda
Reparación electrodoméstico,Vivienda
Didi food,Alimentacion
disney,Ocio
Fisioterapia,Salud
Articulos limpieza,Vivienda
examen medico,Salud
Pago combustible,Transporte
Servicio de cable,Servicios
Servicio médico,Salud
analisis laboratorio,Salud
Pasaje autobus,Transporte
Credito hipotecario,Vivienda
supermercado,Alimentacion
Almuerzo,Alimentacion
Consulta dental,Salud
Mantenimiento servicio,Servicios
Ropa bazar,Ocio
Viaje transporte,Transporte
Escuela,Educación
stream,Ocio
Curso inglés,Educación
Recarga tarjeta metro,Transporte
gasolina premium,Transporte
cablebus,Transporte
Certificación,Educación
Pago colegiatura,Educación
medicamento,Salud
Jeans,Ocio
taxi sitio,Transporte
Pago de colegiatura,Educación
Servicio de plomería,Vivienda
Suscripcion netflix,Ocio
Internet hogar,Servicios
Inglés,Educación
Senderismo,Ocio
Boleto de autobús,Transporte
Clases particulares,Educación
Curso ingles,Educación
Sombrero,Ocio
Odontólogo,Salud
Curso inglés,Educación
Antibiótico,Salud
electricidad,Servicios
Frances,Educación
Verduras,Alimentacion
Superercado,Alimentacion
servicio streaming,Servicios
Gorra,Ocio
Uber,Transporte
Seminario academico,Educación
Compra de despensa,Alimentacion
Pulsera,Ocio
Plomería,Vivienda
vegetal,Alimentacion
Alimentos,Alimentacion
Gas LP,Servicios
Inscripción escuela,Educación
Tutor,Educación
Mochila,Ocio
Comida rapida restaurante,Alimentacion
Abono Hipoteca,Vivienda
Matcha latte,Alimentacion
Concierto,Ocio
Cita medica,Salud
Metro,Transporte
Jarabe,Salud
Curso en linea,Educación
gimnasio,Servicios
RECIBO CFE,Servicios
Decoración casa,Vivienda
Electrodomestico,Vivienda
Medicamento,Salud
Cablebús,Transporte
Pollo,Alimentacion
Telefonia movil,Servicios
streaming,Ocio
DiDi,Transporte
Seguro de gastos medicos,Salud
Productos de limpieza,Vivienda
Pedido de comida,Alimentacion
Inscripción universidad,Educación
Almuerzo,Alimentacion
Pastillas,Salud
Herramientas,Vivienda
Uber eats,Alimentacion
Curso ingles,Educación
Visita guiada,Ocio
Compra ferreteria,Vivienda
CAFÉ,Alimentacion
Frances,Educación
Consola videojuego,Ocio
Natacion,Ocio
Pantalón,Ocio
Plomeria,Vivienda
Despensa Walmart,Alimentacion
Tren Suburbano,Transporte
Streaming,Ocio
Decoracion casa,Vivienda
Paramount,Ocio
Disney plus,Ocio
Boleto cine,Ocio
Útiles escolares,Educación
Uber Eats,Alimentacion
Curso ingles,Educación
Servicio agua,Servicios
Bolso,Ocio
Vitaminas,Salud
Evento,Ocio
Certificación,Educación
tortilleria,Alimentacion
Crema corporal,Ocio
gasolina,Transporte
Congreso académico,Educación
Didi Food,Alimentacion
Seminario academico,Educación
Material didáctico,Educación
tren suburbano,Transporte
gas natural,Servicios
Cocina,Vivienda
sacmex,Servicios
PREMIUM,Transporte
MEDICO,Salud
Pago gas,Servicios
Abono hipoteca,Vivienda
medicina,Salud
Plan de internet,Servicios
Transporte público,Transporte
Pasaje autobus,Transporte
Visita guiada,Ocio
Reparacion plomeria,Vivienda
Clases de ingles,Educación
Pago de renta,Vivienda
Juego,Ocio
Examen certificacion,Educación
Mensualidad del gimnasio,Servicios
Fragancia,Ocio
Articulos limpieza,Vivienda
laboratorio,Salud
Taller idiomas,Educación
RECIBO CFE,Servicios
Francés,Educación
Pasaje urbano,Transporte
Taxi de Sitio,Transporte
Té y galletas,Alimentacion
Material didactico,Educación
Pintura interiores,Vivienda
alimentos,Alimentacion
Pastilla,Salud
Walmart,Alimentacion
Consulta doctor,Salud
Pago telefonia,Servicios
electricidad,Servicios
Boleto cine,Ocio
Reparacion de plomeria,Vivienda
Doctor,Salud
Artículos de limpieza,Vivienda
Carga gas LP,Servicios
pastilla,Salud
Parque de diversiones,Ocio
Inscripción escuela,Educación
recarga telcel,Servicios
Compra en tianguis,Alimentacion
Autobus,Transporte
Cómic,Ocio
Taller de idiomas,Educación
Compra farmacia,Salud
Reparacion electrodomestico,Vivienda
Pasatiempo,Ocio
Uber viaje,Transporte
Seguro de gastos médicos,Salud
Didi,Transporte
ropa,Ocio
Tanque de gasolina,Transporte
Reparacion hogar,Vivienda
Lentes para sol,Ocio
Taxi Didi,Transporte
Bolso,Ocio
Articulos de limpieza,Vivienda
Cafeteria local,Alimentacion
Suscripcion netflix,Ocio
Comida restaurante,Alimentacion
Hipoteca,Vivienda
Pago de hipoteca,Vivienda
articulos de limpieza,Vivienda
Metró,Transporte
Servicio internet,Servicios
Limpieza casa,Servicios
renta,Vivienda
Mantenimiento del edificio,Vivienda
RESTAURANTE,Alimentacion
Gasolina Premium,Transporte
Servicio mantenimiento,Servicios
Examen médico,Salud
Fibra optica,Servicios
Compra en supermercado,Alimentacion
Material didáctico,Educación
Decoracion casa,Vivienda
Pago de electricidad,Servicios
Pastillas,Salud
Evento,Ocio
DOCTOR,Salud
articulos de limpieza,Vivienda
Servicio mantenimiento,Servicios
Café espresso,Alimentacion
Compra muebles,Vivienda
Servicios de reparacion hogar,Vivienda
combustible,Transporte
natacion,Ocio
Cafetería local,Alimentacion
Suscripción Disney,Ocio
Recibo gas,Servicios
medicina,Salud
Matcha,Alimentacion
SACMEX,Servicios
articulos de limpieza,Vivienda
Vitaminas,Salud
Pago de gimnasio,Servicios
laboratorio,Salud
delivery comida,Alimentacion
Tanque de gasolina,Transporte
Tarjeta Metro,Transporte
Pan,Alimentacion
Boleto de autobus,Transporte
Estudio medico,Salud
Tren Suburbano,Transporte
Libro escolar,Educación
Queso,Alimentacion
Productos de cuidado personal,Ocio
certificacion,Educación
Visita turística,Ocio
Servicio limpieza,Servicios
Vitamina,Salud
Carga gasolina,Transporte
Compra en supermercado,Alimentacion
Francés,Educación
Pago combustible,Transporte
Matcha,Alimentacion
Pago electricidad,Servicios
Curso en linea,Educación
Escuela,Educación
Tutorias,Educación
consulta medica,Salud
Transporte urbano,Transporte
Nutriólogo,Salud
Medicinas,Salud
Baile,Ocio
Examen médico,Salud
Tienda de abarrotes,Alimentacion
Viaje Uber,Transporte
Festival música,Ocio
Botanas,Alimentacion
Mensualidad gimnasio,Servicios
Compra de comida,Alimentacion
Agua embotellada,Alimentacion
Farmacia Guadalajara,Salud
Pago cable,Servicios
perfume,Ocio
Paseo,Ocio
Gasolina premium,Transporte
Cena,Alimentacion
alimentos,Alimentacion
Laboratorio médico,Salud
Jarabe,Salud
PEMEX,Transporte
Pago de universidad,Educación
restaurante,Alimentacion
Despensa quincenal,Alimentacion
Fisioterapia,Salud
Cablebús,Transporte
Factura de agua,Servicios
Alimentos,Alimentacion
Boleto de autobus,Transporte
Servicio de cable,Servicios
Cafe,Alimentacion
Pago credito hipotecario,Vivienda
Pago de Agua,Servicios
Seminario académico,Educación
Curso de idiomas,Educación
Fibra optica,Servicios
galleta,Alimentacion
Decoracion casa,Vivienda
Juego,Ocio
Pago de renta,Vivienda
Gas natural,Servicios
Carnicería,Alimentacion
Uber viaje,Transporte
Farmacia similares,Salud
Visita turistica,Ocio
RESTAURANTE,Alimentacion
Suscripcion de streaming,Servicios
vegetales,Alimentacion
Clases de inglés,Educación
Cafetería local,Alimentacion
Recibo de agua,Servicios
Nutriólogo,Salud
Estacionamiento,Transporte
Electrodoméstico,Vivienda
Clases de matematicas,Educación
Pasaje de autobus,Transporte
Examen medico,Salud
Yogurt,Alimentacion
Servicio de plomería,Vivienda
Materiales escolares,Educación
Análisis Laboratorio,Salud
farmacia,Salud
Masaje,Ocio
laboratorio,Salud
Mensualidad escuela,Educación
Recarga Metro,Transporte
Útiles escolares,Educación
Juegos,Ocio
GORRA,Ocio
Camión,Transporte
didi,Transporte
Comision Federal de Electricidad,Servicios
Pago SACMEX,Servicios
Compra libro,Ocio
Pago de internet,Servicios
Recibo gas,Servicios
COLEGIATURA,Educación
Certificación profesional,Educación
Boliche,Ocio
GAS LP,Servicios
Hospital,Salud
transporte publico,Transporte
Material didactico,Educación
Ingles,Educación
Medico,Salud
Gasolina magna,Transporte
Inscripcion curso,Educación
Transporte publico,Transporte
Servicio medico,Salud
GAS LP,Servicios
Pedido de comida,Alimentacion
Camion,Transporte
servicio streaming,Servicios
Leche,Alimentacion
Decoracion del hogar,Vivienda
Tacos,Alimentacion
Didi Food,Alimentacion
Peaje,Transporte
Compra útiles escolares,Educación
Utensilios cocina,Vivienda
Tutorías,Educación
Reparacion caldera,Servicios
Psicólogo,Salud
Limpieza casa,Servicios
Gasolina premium,Transporte
MAGNA,Transporte
paramount,Ocio
Alquiler vivienda,Vivienda
Didi food,Alimentacion
Transporte público,Transporte
Laboratorio médico,Salud
gas lp,Servicios
Cita medica,Salud
Gasolinera PEMEX,Transporte
Vestido,Ocio
Boleto tren,Transporte
Galletas,Alimentacion
Libro,Ocio
Mercado,Alimentacion
Frutas,Alimentacion
Consola videojuego,Ocio
pintura,Vivienda
Pago cable,Servicios
Servicio de mantenimiento,Servicios
Transporte urbano,Transporte
limpieza,Servicios
ESCUELA,Educación
Botanas,Alimentacion
Compra farmacia,Salud
uber,Transporte
Dentista,Salud
Servicio internet,Servicios
transporte publico,Transporte
Taller de idiomas,Educación
Servicio de plomería,Vivienda
Cablebús,Transporte
Servicio medico,Salud
DiDi,Transporte
Servicio cable,Servicios
Compra de ropa,Ocio
Renta,Vivienda
Comida para llevar restaurante,Alimentacion
Hobby,Ocio
Recibo de gas,Servicios
Pago de colegiatura,Educación
Videojuegos,Ocio
Reparacion casa,Vivienda
fruta,Alimentacion
Compra en supermercado,Alimentacion
Conferencia académica,Educación
Zapatos,Ocio
Compra limpieza hogar,Vivienda
Congreso academico,Educación
consulta medica,Salud
Gasolina,Transporte
Matcha,Alimentacion
Surf,Ocio
Metro,Transporte
Hospitalizacion,Salud
Cafeteria local,Alimentacion
Recibo de agua,Servicios
supermercado,Alimentacion
antibiotico,Salud
Vitaminas,Salud
Yogur,Alimentacion
Cine,Ocio
Material didáctico,Educación
Pan dulce,Alimentacion
Viaje transporte,Transporte
Servicio spa,Ocio
Pintura para casa,Vivienda
Servicio streaming,Servicios
Comisión Federal de Electricidad,Servicios
Servicio Uber,Transporte
Mueble para sala,Vivienda
Reparacion electrodomestico,Vivienda
Cita médica,Salud
FARMACIA,Salud
Seguro casa,Vivienda
Medicamento farmacia,Salud
Accesorios de moda,Ocio
Pantalon,Ocio
Paramount,Ocio
Seguro medico,Salud
Servicio gas,Servicios
Tortillas,Alimentacion
Pago de gimnasio,Servicios
Didi Food,Alimentacion
UberEats,Alimentacion
Lentes para sol,Ocio
Estudio medico,Salud
Tortilleria,Alimentacion
alimentos,Alimentacion
CFE pago,Servicios
CURSO,Educación
Curso en línea,Educación
Libros de texto,Educación
Caseta,Transporte
Reparación electrodoméstico,Vivienda
Universidad,Educación
Antibiotico,Salud
gorra,Ocio
Seminario academico,Educación
Compra en tianguis,Alimentacion
Transporte por aplicación,Transporte
Seguro medico,Salud
Farmacias Guadalajara,Salud
Pan dulce,Alimentacion
Farmacia Guadalajara,Salud
Paramount,Ocio
Visita turística,Ocio
Parking,Transporte
Suscripción Disney,Ocio
Viaje en taxi,Transporte
Jugo,Alimentacion
Collar,Ocio
Reparacion casa,Vivienda
Boleto de autobus,Transporte
Cuota autopista,Transporte
Conferencia académica,Educación
Material didactico,Educación
doctor,Salud
Pago crédito hipotecario,Vivienda
Abono Hipoteca,Vivienda
Compra de despensa,Alimentacion
Carga de gasolina,Transporte
suscripcion netflix,Ocio
LABORATORIO,Salud
pantalon,Ocio
LIBRO,Ocio
Yogurt,Alimentacion
Libro de texto,Educación
Pago crédito hipotecario,Vivienda
Pago electricidad,Servicios
GORRA,Ocio
Compra en tianguis,Alimentacion
Libro escolar,Educación
walmart,Alimentacion
Medicamento farmacia,Salud
Transporte urbano,Transporte
Estudios de laboratorio,Salud
Compra comida,Alimentacion
Muebles sala,Vivienda
GYM,Servicios
Servicio celular,Servicios
Cuota de mantenimiento,Vivienda
Tanque gasolina,Transporte
Libros de texto,Educación
Pulsera,Ocio
Seguro médico,Salud
Pastillas,Salud
Pago de escuela,Educación
Nutriologo,Salud
Servicios de reparacion hogar,Vivienda
Masaje,Ocio
Cursos,Educación
ESCUELA,Educación
Laboratorio,Salud
Agua potable,Servicios
Novela,Ocio
CURSO,Educación
CFE,Servicios
Servicio médico,Salud
Recibo gas,Servicios
Boleto parque,Ocio
Desayuno,Alimentacion
Autobús,Transporte
Médico,Salud
Pago internet,Servicios
Curso online,Educación
Peaje,Transporte
Mantenimiento servicio,Servicios
Alquiler,Vivienda
Articulos de limpieza,Vivienda
Didi,Transporte
Farmacia,Salud
Pago cable,Servicios
Servicio telefonico,Servicios
Receta medica,Salud
Compra electrodoméstico,Vivienda
Recibo de agua,Servicios
restaurante,Alimentacion
Pago agua,Servicios
Boleto cablebus,Transporte
Utensilios de cocina,Vivienda
Taxi,Transporte
Compra de comida,Alimentacion
Comision Federal de Electricidad,Servicios
Autobus,Transporte
Pago de servicio,Servicios
Autobus,Transporte
Comida en restaurante,Alimentacion
Camion,Transporte
Restaurante,Alimentacion
taxi sitio,Transporte
Cuota escolar,Educación
supermercadoDESPENSA,Alimentacion
limpieza,Servicios
Tanque gasolina,Transporte
Pago electricidad,Servicios
Natacion,Ocio
Material didactico,Educación
Servicio gas,Servicios
Productos de limpieza,Vivienda
Muebles para sala,Vivienda
Aretes,Ocio
supermercado,Alimentacion
Mantenimiento edificio,Vivienda
MEDICINA,Salud
Inscripción escuela,Educación
Falda,Ocio
Inscripcion curso,Educación
GORRA,Ocio
laboratorio,Salud
Laboratorio médico,Salud
Te,Alimentacion
Pintura para interiores,Vivienda
pemex,Transporte
Carga Gas LP,Servicios
Material de estudio,Educación
Inscripción curso,Educación
Curso de idiomas,Educación
Suscripción de streaming,Servicios
uber,Transporte
Uber Eats,Alimentacion
Reparación caldera,Servicios
GAS LP,Servicios
Peaje,Transporte
HIPOTECA,Vivienda
Pasaje urbano,Transporte
Factura de agua,Servicios
Camion,Transporte
Alquiler vivienda,Vivienda
RENTA,Vivienda
Recarga Metro,Transporte
Examen laboratorio,Salud
supermercadoDESPENSA,Alimentacion
Muebles para sala,Vivienda
universidad,Educación
Estacionamiento vehículo,Transporte
Pago de renta,Vivienda
Pago caseta,Transporte
Analgesico,Salud
Pintura casa,Vivienda
Decoracion del hogar,Vivienda
Clases idiomas,Educación
Antibiotico,Salud
Nutriologo,Salud
Festival musica,Ocio
Urgencias médicas,Salud
Conferencia academica,Educación
Uber,Transporte
escuela,Educación
Universidad,Educación
Cafe,Alimentacion
Pago internet,Servicios
Estudio medico,Salud
Cena en restaurante,Alimentacion
Compra utiles escolares,Educación
Seguro de casa,Vivienda
Hamburguesa,Alimentacion
Compra en mercado,Alimentacion
Boleto concierto,Ocio
Pago seguro medico,Salud
Servicios de reparación hogar,Vivienda
Juego,Ocio
Compra muebles,Vivienda
ferreteria,Vivienda
Laboratorio,Salud
Obra de teatro,Ocio
Servicio telefónico,Servicios
Mensualidad del gimnasio,Servicios
Material de estudio,Educación
Útiles escolares,Educación
Estudio médico,Salud
consulta medica,Salud
Gorra,Ocio
Conferencia academica,Educación
Compra útiles escolares,Educación
Tanque de gas,Servicios
Boleto de cine,Ocio
Pago crédito hipotecario,Vivienda
Vestido,Ocio
Pago de servicio,Servicios
CURSO,Educación
Adornos para casa,Vivienda
playera,Ocio
Tour turístico,Ocio
Taxi Didi,Transporte
Pago de renta,Vivienda
Pago de celular,Servicios
Pago de gimnasio,Servicios
Leche,Alimentacion
Mensualidad escuela,Educación
Diplomado,Educación
curso en linea,Educación
Refrescos,Alimentacion
Viaje Uber,Transporte
Pago credito hipotecario,Vivienda
Recibo servicio,Servicios
HIPOTECA,Vivienda
Restaurante,Alimentacion
CAFÉ,Alimentacion
Cable,Servicios
didi,Transporte
Comida rapida,Alimentacion
Almuerzo,Alimentacion
Set de ducha,Ocio
Recibo agua,Servicios
Comida restaurante,Alimentacion
Pago Netflix,Ocio
Seminario academico,Educación
Jeans,Ocio
Mantenimiento departamento,Vivienda
Pasaje de autobus,Transporte
Articulos limpieza,Vivienda
Reparacion de plomeria,Vivienda
Peaje,Transporte
gasolina premium,Transporte
Decoracion casa,Vivienda
Pago CFE,Servicios
Visita turistica,Ocio
Limpieza,Servicios
Transporte urbano,Transporte
Farmacia del Ahorro,Salud
Pago inscripción,Educación
Comida en restaurante,Alimentacion
Paseo,Ocio
Carniceria,Alimentacion
Servicio telefónico,Servicios
Inscripcion universidad,Educación
Recibo gas,Servicios
Tortillería,Alimentacion
GORRA,Ocio
Material didactico,Educación
Compra de ropa,Ocio
Material educativo,Educación
Plan internet,Servicios
Pago de internet,Servicios
Seminario,Educación
Tanque de gasolina,Transporte
Curso en línea,Educación
Pago de television por cable,Servicios
Seminario,Educación
Clases particulares,Educación
laboratorio,Salud
Fibra óptica,Servicios
despensa,Alimentacion
Internet hogar,Servicios
Artículos para hogar,Vivienda
Suscripcion Paramount,Ocio
HIPOTECA,Vivienda
Metró,Transporte
Pago electricidad,Servicios
CURSO,Educación
Clases privadas,Educación
verdura,Alimentacion
Pemex,Transporte
Nutriologo,Salud
cafe,Alimentacion
Streaming,Servicios
Estudios de laboratorio,Salud
Seminario,Educación
Mantenimiento servicio,Servicios
Juego,Ocio
Gas,Servicios
gimnasio,Servicios
Cablebus CDMX,Transporte
Recibo gas,Servicios
ciclismo,Ocio
Boleto de cine,Ocio
Gas natural,Servicios
Transporte publico,Transporte
Internet hogar,Servicios
Servicio de plomería,Vivienda
Reparacion caldera,Servicios
Galletas,Alimentacion
Hobby,Ocio
Pago mensual renta,Vivienda
Pintura casa,Vivienda
tren suburbano,Transporte
Estudio médico,Salud
Frutas,Alimentacion
Colonia,Ocio
Boleto cine,Ocio
UBER,Transporte
pintura,Vivienda
Estudio médico,Salud
Laboratorio médico,Salud
Mensualidad universidad,Educación
supermercado,Alimentacion
Disney,Ocio
Conferencia academica,Educación
Senderismo,Ocio
stream,Ocio
Gimnasio,Servicios
Teatro,Ocio
UNIVERSIDAD,Educación
Viaje en taxi,Transporte
ferreteria,Vivienda
Pago SACMEX,Servicios
Pintura hogar,Vivienda
Recarga gas,Servicios
Gorra,Ocio
Spa,Ocio
Natación,Ocio
Vitaminas,Salud
Bolsa,Ocio
Consulta con doctor,Salud
gas lp,Servicios
Congreso académico,Educación
Suscripcion netflix,Ocio
Compra ferreteria,Vivienda
Material escolar,Educación
Decoración del hogar,Vivienda
Pantalón,Ocio
Artículos para hogar,Vivienda
Lácteos,Alimentacion
Productos para hogar,Vivienda
Material didáctico,Educación
Seguro médico,Salud
Francés,Educación
Reparacion caldera,Servicios
DiDi,Transporte
Joyería,Ocio
Lácteos,Alimentacion
Examen certificacion,Educación
Productos de cuidado personal,Ocio
Compra videojuego,Ocio
medico,Salud
Obra de teatro,Ocio
Paseo,Ocio
Compra en supermercado,Alimentacion
Inscripción universidad,Educación
Cómic,Ocio
Servicio Uber,Transporte
Tutorías,Educación
Entrada cine,Ocio
Pago Paramount,Ocio
alimentos,Alimentacion
Mensualidad gimnasio,Servicios
PREMIUM,Transporte
Mueble para sala,Vivienda
Mensualidad hipoteca,Vivienda
Boleto autobus,Transporte
Playera,Ocio
Farmacia,Salud
Agua potable,Servicios
panaderia,Alimentacion
Clases de inglés,Educación
Mueble para sala,Vivienda
Mantenimiento hogar,Vivienda
Libros de texto,Educación
Terapia fisica,Salud
Material ferreteria,Vivienda
Comida en restaurante,Alimentacion
Mantenimiento de caldera,Servicios
Leche,Alimentacion
Bolsa,Ocio
Servicio Uber,Transporte
Libro de texto,Educación
Antibiotico,Salud
Pintura para casa,Vivienda
Pago de luz,Servicios
Paramount,Ocio
TAXI,Transporte
Libro de texto,Educación
Taxi Didi,Transporte
Recibo servicio,Servicios
Curso idiomas,Educación
Cafeteria local,Alimentacion
gas lp,Servicios
Compra de muebles,Vivienda
Autopista,Transporte
Curso de internet,Educación
Libro,Ocio
Gasolina magna,Transporte
Curso de idiomas,Educación
Galletas,Alimentacion
Pago de escuela,Educación
Pasaje de autobus,Transporte
UBER,Transporte
Compra videojuego,Ocio
sacmex,Servicios
Tortillería,Alimentacion
Transporte urbano,Transporte
gasolina,Transporte
Productos para hogar,Vivienda
Examen certificación,Educación
limpieza,Servicios
Pan,Alimentacion
Gym,Servicios
Curso en línea,Educación
Decoracion hogar,Vivienda
Libro de texto,Educación
Clases idiomas,Educación
Pago de internet,Servicios
Herramientas,Vivienda
Cocina,Vivienda
Consulta medica,Salud
Compra despensa,Alimentacion
Pago celular mensual,Servicios
Pasaje urbano,Transporte
verdura,Alimentacion
Mantenimiento de caldera,Servicios
Didi,Transporte
Tutor,Educación
Cablebús,Transporte
tren suburbano,Transporte
Receta medica,Salud
Pago de luz,Servicios
Compra de ropa,Ocio
Clases de ingles,Educación
Servicios de reparación hogar,Vivienda
gasolina,Transporte
Supermercado,Alimentacion
Cómic,Ocio
Servicio internet,Servicios
TIANGUIS,Alimentacion
Artículos limpieza,Vivienda
Recarga Telcel,Servicios
Bolso,Ocio
Medico,Salud
Tutorías,Educación
gas,Servicios
Diplomado,Educación
Electrodomésticos,Vivienda
playera,Ocio
Didi Food,Alimentacion
GAS LP,Servicios
PERFUME,Ocio
Tutor,Educación
Tanque de gasolina,Transporte
antibiotico,Salud
Seguro de gastos medicos,Salud
Articulos limpieza,Vivienda
Limpieza casa,Servicios
Compra de tortillas,Alimentacion
fruta,Alimentacion
Pago telefonía,Servicios
Mensualidad escolar,Educación
Psicólogo,Salud
Museo,Ocio
Consulta médica,Salud
Compra libro escolar,Educación
Pago luz,Servicios
Pista de hielo,Ocio
PREMIUM,Transporte
Pago caseta,Transporte
Pintura para casa,Vivienda
farmacia,Salud
Patinaje,Ocio
Estudio medico,Salud
Colonia,Ocio
Cena,Alimentacion
Factura agua,Servicios
Pago seguro vivienda,Vivienda
Reparacion de plomeria,Vivienda
Baile,Ocio
Pantalón,Ocio
Artículos limpieza,Vivienda
recarga telcel,Servicios
Reloj,Ocio
Consola videojuego,Ocio
Consulta nutricional,Salud
Compra en mercado,Alimentacion
Vestido,Ocio
Servicio Uber,Transporte
Abono Hipoteca,Vivienda
Cafe de cafeteria,Alimentacion
gas natural,Servicios
Compra farmacia,Salud
Pago gas natural,Servicios
Consulta doctor,Salud
Estudios de laboratorio,Salud
Psicologo,Salud
Caseta,Transporte
Decoración casa,Vivienda
Taller idiomas,Educación
Pago escuela,Educación
Juegos,Ocio
Recarga tarjeta transporte,Transporte
Servicios de reparación hogar,Vivienda
Cena en restaurante,Alimentacion
Receta médica,Salud
Latte,Alimentacion
Servicio internet,Servicios
Agua embotellada,Alimentacion
TIANGUIS,Alimentacion
Tortilleria,Alimentacion
Consulta doctor,Salud
Seguro de gastos médicos,Salud
Compra de despensa,Alimentacion
SACMEX,Servicios
Electrodomesticos,Vivienda
Viaje en taxi,Transporte
Materiales escolares,Educación
Suscripcion Netflix,Ocio
Tacos,Alimentacion
Compra de tortillas,Alimentacion
Inscripción curso,Educación
Servicio Uber,Transporte
Utensilios de cocina,Vivienda
Recibo gas,Servicios
Inscripcion escuela,Educación
Examen medico,Salud
Analgesico,Salud
Cafe de cafeteria,Alimentacion
Reparación casa,Vivienda
senderismo,Ocio
Mensualidad universidad,Educación
Tortillería,Alimentacion
Compra limpieza hogar,Vivienda
Pastillas,Salud
Fotografia,Ocio
Pastillas,Salud
TAXI,Transporte
Libros escolares,Educación
Útiles escolares,Educación
Novela,Ocio
Entrada evento,Ocio
Receta medica,Salud
Superercado,Alimentacion
Articulos limpieza,Vivienda
Material escolar,Educación
Tenis,Ocio
Juego,Ocio
taxi,Transporte
Taller idiomas,Educación
Boleto concierto,Ocio
Pago luz,Servicios
Compra libro escolar,Educación
Curso inglés,Educación
Hospitalizacion,Salud
Recarga de gas,Servicios
Médico,Salud
sacmex,Servicios
alimentos,Alimentacion
Telefonía móvil,Servicios
Didi,Transporte
ferreteria,Vivienda
Pago crédito hipotecario,Vivienda
cine,Ocio
PEMEX,Transporte
Pantalon,Ocio
Análisis Laboratorio,Salud
delivery comida,Alimentacion
Comida,Alimentacion
Viaje Didi,Transporte
Paramount+,Ocio
Alquiler vivienda,Vivienda
Servicio limpieza hogar,Servicios
COLEGIATURA,Educación
Recibo CFE,Servicios
Hipoteca,Vivienda
Frances,Educación
Cena,Alimentacion
tianguis,Alimentacion
Compra de muebles,Vivienda
Limpieza casa,Servicios
Reparacion de plomeria,Vivienda
Patinaje,Ocio
Tutor,Educación
Pago inscripcion,Educación
Examen médico,Salud
Pago de renta,Vivienda
Compra en mercado,Alimentacion
Estudio médico,Salud
Té,Alimentacion
perfume,Ocio
Gasolina magna,Transporte
Mochila,Ocio
Delivery de comida,Alimentacion
Boleto autobus,Transporte
Tienda de ropa,Ocio
Botanas,Alimentacion
Congreso academico,Educación
Farmacia similares,Salud
Electrodomésticos,Vivienda
Pista de hielo,Ocio
Hamburguesa,Alimentacion
Receta medica,Salud
certificacion,Educación
Antibiótico,Salud
Taxi de Sitio,Transporte
Artículos limpieza,Vivienda
metro,Transporte
Nutriologo,Salud
Ingles,Educación
Compra medicamentos,Salud
Autobus,Transporte
Parking,Transporte
taxi sitio,Transporte
curso en linea,Educación
surf,Ocio
Uber,Transporte
Didi,Transporte
Mensualidad universidad,Educación
pastilla,Salud
Recarga tarjeta transporte,Transporte
Pago Disney,Ocio
Pago telefonía,Servicios
Compra libro escolar,Educación
muebles,Vivienda
Uber eats,Alimentacion
Pago de gimnasio,Servicios
Pago credito hipotecario,Vivienda
Tortilleria,Alimentacion
CFE,Servicios
Entrada museo,Ocio
Taller idiomas,Educación
Pago Disney,Ocio
Alimentos,Alimentacion
Autobús,Transporte
Rappi comida,Alimentacion
Verduras,Alimentacion
Artículos limpieza,Vivienda
Farmacia del Ahorro,Salud
Natacion,Ocio
Farmacia,Salud
Pago SACMEX,Servicios
Muebles sala,Vivienda
Pago Disney,Ocio
Compra de comida,Alimentacion
GORRA,Ocio
Viaje Didi,Transporte
Comida rápida,Alimentacion
supermercado,Alimentacion
Adornos para casa,Vivienda
Disney,Ocio
Telefonia celular,Servicios
Pintura para casa,Vivienda
Boleto de autobus,Transporte
Gym,Servicios
recibo de luz,Servicios
Compra útiles escolares,Educación
Pago alquiler,Vivienda
Televisión por cable,Servicios
universidad,Educación
Uber,Transporte
Crema,Ocio
Tanque gasolina,Transporte
medicamento,Salud
Gasolina premium,Transporte
Pago de servicio,Servicios
Almuerzo,Alimentacion
Pago electricidad,Servicios
Renta,Vivienda
renta,Vivienda
Recibo agua,Servicios
Muebles sala,Vivienda
Playera,Ocio
medicamento,Salud
Boleto evento,Ocio
Taxi,Transporte
Taxi Didi,Transporte
Factura agua,Servicios
Compra ferreteria,Vivienda
Sombrero,Ocio
Ingles,Educación
Mensualidad del gimnasio,Servicios
Decoración casa,Vivienda
Pan dulce,Alimentacion
Compra electrodoméstico,Vivienda
Tanque gas,Servicios
Ropa,Ocio
Compra utiles escolares,Educación
Congreso académico,Educación
pemex,Transporte
medicina,Salud
Credito hipotecario,Vivienda
Surf,Ocio
Television por cable,Servicios
Walmart,Alimentacion
Servicio de agua,Servicios
Viaje Didi,Transporte
Pintura para casa,Vivienda
Despensa quincenal,Alimentacion
Colonia,Ocio
uber,Transporte
Consulta dental,Salud
Decoración casa,Vivienda
Pago Telcel,Servicios
Útiles escuela,Educación
LIBRO,Ocio
Compra farmacia,Salud
Lentes,Ocio
Cable,Servicios
Suscripcion Netflix,Ocio
Reparación plomería,Vivienda
Colegiatura,Educación
Cuota escolar,Educación
Escuela,Educación
Análisis de laboratorio,Salud
laboratorio,Salud
Alimentos,Alimentacion
Artículos de limpieza,Vivienda
Boleto de autobús,Transporte
Artículos para hogar,Vivienda
Decoración casa,Vivienda
Boleto cablebus,Transporte
analisis laboratorio,Salud
Médico,Salud
Alquiler,Vivienda
Te y galletas,Alimentacion
Te,Alimentacion
Pasatiempo,Ocio
Televisión por cable,Servicios
ropa,Ocio
Examen certificación,Educación
Pastillas,Salud
Estacionamiento vehículo,Transporte
cfe,Servicios
Factura de agua,Servicios
Disney+,Ocio
Tortillería,Alimentacion
Té,Alimentacion
Decoración del hogar,Vivienda
Fisioterapia,Salud
Recarga tarjeta movilidad,Transporte
Autobús,Transporte
Farmacias Guadalajara,Salud
Viaje en taxi,Transporte
Refrescos,Alimentacion
Pago escuela,Educación
Walmart,Alimentacion
Lacteos,Alimentacion
Decoracion casa,Vivienda
tortillas,Alimentacion
Abarrotes,Alimentacion
gasolina,Transporte
tren suburbano,Transporte
Tarjeta Metro,Transporte
Pago Paramount,Ocio
suscripcion netflix,Ocio
alimentos,Alimentacion
Compra electrodomestico,Vivienda
Pago de celular,Servicios
CFE pago,Servicios
fruta,Alimentacion
Odontologo,Salud
Compra en supermercado,Alimentacion
Pago telefonía,Servicios
Examen de laboratorio,Salud
Galletas,Alimentacion
Pago de servicio,Servicios
Pago de escuela,Educación
Compra útiles escolares,Educación
Taxi de sitio,Transporte
Streaming,Servicios
Tarjeta movilidad,Transporte
Farmacia del Ahorro,Salud
NETFLIX,Ocio
alimentos,Alimentacion
Medicamentos,Salud
Boleto autobus,Transporte
Verduras,Alimentacion
Urgencias médicas,Salud
Pago universidad,Educación
Mensualidad gimnasio,Servicios
Escuela,Educación
Cafetería,Alimentacion
Gimnasio,Servicios
Festival,Ocio
CURSO,Educación
Sombrero,Ocio
Jugo,Alimentacion
Gimnasio,Servicios
Material de estudio,Educación
Cablebús,Transporte
Pago de gimnasio,Servicios
Pago seguro medico,Salud
Pago electricidad,Servicios
Despensa mensual,Alimentacion
Gas natural,Servicios
Curso inglés,Educación
Medico,Salud
Tutor,Educación
mantenimiento edificio,Vivienda
farmacia similares,Salud
Comida rapida restaurante,Alimentacion
Clases de inglés,Educación
Alquiler vivienda,Vivienda
Inscripción curso,Educación
Muebles sala,Vivienda
analisis laboratorio,Salud
Concierto,Ocio
Mensualidad renta,Vivienda
farmacia,Salud
Gimnasio,Servicios
Conferencia academica,Educación
Material didactico,Educación
tortillas,Alimentacion
Mantenimiento hogar,Vivienda
gasolina magna,Transporte
Seguro de gastos medicos,Salud
Pago de electricidad,Servicios
Farmacias Guadalajara,Salud
Despensa quincenal,Alimentacion
doctor,Salud
Compra despensa,Alimentacion
Viaje,Ocio
libro,Ocio
Consulta con doctor,Salud
Taller idiomas,Educación
Pago Disney,Ocio
panaderia,Alimentacion
Libros escolares,Educación
Electricidad,Servicios
Tutorías,Educación
Pago de electricidad,Servicios
Mantenimiento caldera,Servicios
Servicio streaming,Servicios
Sombrero,Ocio
Curso de idiomas,Educación
laboratorio,Salud
supermercado,Alimentacion
Utiles escolares,Educación
Farmacia similares,Salud
Viaje en taxi,Transporte
Gasolinera PEMEX,Transporte
Tanque gasolina,Transporte
Recibo gas,Servicios
Superercado,Alimentacion
autobus,Transporte
gasolina premium,Transporte
Seguro de gastos medicos,Salud
Hamburguesa,Alimentacion
Compra videojuego,Ocio
Pintura hogar,Vivienda
Certificacion profesional,Educación
vegetal,Alimentacion
Uber Eats,Alimentacion
Analgésico,Salud
Crédito hipotecario,Vivienda
Matcha latte,Alimentacion
Lentes de sol,Ocio
Pago gas,Servicios
Herramientas hogar,Vivienda
articulos de limpieza,Vivienda
Latte,Alimentacion
Tarjeta movilidad,Transporte
Patinaje,Ocio
Recarga tarjeta movilidad,Transporte
Lentes para sol,Ocio
Decoracion hogar,Vivienda
cartera,Ocio
supermercado,Alimentacion
internet,Servicios
Pago combustible,Transporte
Tour por ciudad,Ocio
Clases de ingles,Educación
combustible,Transporte
Pago Paramount,Ocio
Cómic,Ocio
Herramientas hogar,Vivienda
electricidad,Servicios
Inglés,Educación
Fibra optica,Servicios
plomeria,Vivienda
Estudios de laboratorio,Salud
Telcel,Servicios
tortilleria,Alimentacion
muebles,Vivienda
Pescado,Alimentacion
Seguro vivienda,Vivienda
Uber Eats,Alimentacion
Inscripción escolar,Educación
disney,Ocio
Pago de Agua,Servicios
Metró,Transporte
Pan dulce,Alimentacion
Material de estudio,Educación
Farmacia Similares,Salud
cfe,Servicios
Kit de ducha,Ocio
gasolina magna,Transporte
Yogur,Alimentacion
Seguro de casa,Vivienda
Mueble para sala,Vivienda
Compra medicamento,Salud
netflix,Ocio
Fotografia,Ocio
Aretes,Ocio
Electrodomestico,Vivienda
Pago telefonia,Servicios
Seguro médico,Salud
Servicio Didi,Transporte
Inscripción universidad,Educación
Compra en mercado,Alimentacion
Compra utiles escolares,Educación
Fisioterapia,Salud
cine,Ocio
Clases privadas,Educación
Antibiotico,Salud
Terapia física,Salud
Curso online,Educación
Compra libro escolar,Educación
comida,Alimentacion
Crema corporal,Ocio
Servicio celular,Servicios
Galletas,Alimentacion
Comida restaurante,Alimentacion
Servicio mantenimiento,Servicios
Inscripción universidad,Educación
GASOLINA,Transporte
medicina,Salud
tren suburbano,Transporte
Curso inglés,Educación
Abono Hipoteca,Vivienda
Jarabe,Salud
Médico,Salud
Diplomado profesional,Educación
gasolina premium,Transporte
curso en linea,Educación
Medico,Salud
Examen certificación,Educación
recibo CFE,Servicios
Pastilla,Salud
analisis laboratorio,Salud
Pago Netflix,Ocio
GAS LP,Servicios
Análisis Laboratorio,Salud
Alimentos,Alimentacion
RECIBO CFE,Servicios
joyeria,Ocio
Consola videojuego,Ocio
Medicamento farmacia,Salud
netflix,Ocio
HIPOTECA,Vivienda
Receta medica,Salud
Pantalon,Ocio
PREMIUM,Transporte
Vitaminas,Salud
transporte publico,Transporte
Compra de despensa,Alimentacion
Jarabe,Salud
Despensa,Alimentacion
Compra útiles escolares,Educación
Utensilios cocina,Vivienda
Hospitalización,Salud
Pago celular,Servicios
cablebus,Transporte
Ferreteria,Vivienda
Entrada teatro,Ocio
Curso virtual,Educación
Odontologo,Salud
Tortilleria,Alimentacion
Frutas y verduras,Alimentacion
Compra de ropa,Ocio
Universidad,Educación
GASOLINA,Transporte
hipoteca,Vivienda
Pulsera,Ocio
Botanas,Alimentacion
Autobús,Transporte
Pago caseta,Transporte
Refrescos,Alimentacion
Reparacion hogar,Vivienda
Compra en farmacia,Salud
streaming,Ocio
Pago SACMEX,Servicios
Estacionamiento vehiculo,Transporte
Hamburguesa,Alimentacion
Laboratorio médico,Salud
Servicio Didi,Transporte
Pago gimnasio,Servicios
Comision Federal de Electricidad,Servicios
Herramientas,Vivienda
Renta,Vivienda
mantenimiento edificio,Vivienda
Pago luz,Servicios
Paramount+,Ocio
Gym,Servicios
Suscripcion de streaming,Servicios
Despensa quincenal,Alimentacion
Entrada evento,Ocio
Inscripcion escuela,Educación
Collar,Ocio
Gasolinera PEMEX,Transporte
Conferencia académica,Educación
Almuerzo,Alimentacion
Pago crédito hipotecario,Vivienda
Mueble para sala,Vivienda
Servicio mantenimiento,Servicios
Pago SACMEX,Servicios
DiDi,Transporte
Recarga Telcel,Servicios
Curso idiomas,Educación
Walmart,Alimentacion
Cuota de mantenimiento,Vivienda
mantenimiento edificio,Vivienda
Compra muebles,Vivienda
gimnasio,Servicios
Seguro de gastos médicos,Salud
Pago agua,Servicios
Pasaje de autobus,Transporte
Compra utiles escolares,Educación
Mensualidad universidad,Educación
Mensualidad universidad,Educación
Taxi de Sitio,Transporte
Servicio de agua,Servicios
Pago caseta,Transporte
Comida para llevar,Alimentacion
Congreso academico,Educación
Decoracion del hogar,Vivienda
walmart,Alimentacion
Renta,Vivienda
Farmacias Guadalajara,Salud
Tren Suburbano,Transporte
Pago limpieza,Servicios
Curso virtual,Educación
Analgesico,Salud
Materiales escolares,Educación
ferreteria,Vivienda
Francés,Educación
Matcha latte,Alimentacion
Tortillería,Alimentacion
Entrada concierto,Ocio
Pemex,Transporte
comida,Alimentacion
Set de ducha,Ocio
Café espresso,Alimentacion
Gasolina magna,Transporte
internet,Servicios
Decoración del hogar,Vivienda
Compra limpieza hogar,Vivienda
Queso,Alimentacion
Ferretería,Vivienda
Pescado,Alimentacion
Compra medicamentos,Salud
Estudios de laboratorio,Salud
ESCUELA,Educación
Compra electrodomestico,Vivienda
Seguro vivienda,Vivienda
PREMIUM,Transporte
Compra electrodomestico,Vivienda
Carga gas LP,Servicios
Compra ropa,Ocio
Tutor,Educación
pastilla,Salud
Reparación plomería,Vivienda
Tanque gas,Servicios
Estudios de laboratorio,Salud
cablebus,Transporte
Gasolina premium,Transporte
Gasolina Premium,Transporte
doctor,Salud
Botanas,Alimentacion
Didi Food,Alimentacion
Museo,Ocio
gas natural,Servicios
Certificacion,Educación
Colegio,Educación
Medicinas,Salud
Netflix,Ocio
Curso online,Educación
Pago alquiler,Vivienda
Comida restaurante,Alimentacion
Almuerzo,Alimentacion
delivery comida,Alimentacion
Paramount Plus,Ocio
pago agua,Servicios
Cable,Servicios
Almuerzo,Alimentacion
Gas Natural,Servicios
DiDi,Transporte
Material didáctico,Educación
Gasolinera PEMEX,Transporte
disney,Ocio
Pago mensualidad escolar,Educación
Jarabe,Salud
UberEats,Alimentacion
Transporte publico,Transporte
Antibiótico,Salud
Clases particulares,Educación
Hospitalización,Salud
Almuerzo,Alimentacion
Pastilla,Salud
PREMIUM,Transporte
Herramientas,Vivienda
Servicio cable,Servicios
Productos limpieza,Vivienda
Mensualidad gimnasio,Servicios
Rappi comida,Alimentacion
Clases de inglés,Educación
Abarrotes,Alimentacion
Tortillas,Alimentacion
Cafetería,Alimentacion
Despensa quincenal,Alimentacion
Muebles para sala,Vivienda
cine,Ocio
Yogurt,Alimentacion
Reparacion plomeria,Vivienda
playera,Ocio
Seguro de casa,Vivienda
Caseta,Transporte
Recarga de gas,Servicios
antibiotico,Salud
Pago universidad,Educación
Mantenimiento casa,Vivienda
Compra útiles escolares,Educación
Panadería,Alimentacion
Compra útiles escolares,Educación
tren suburbano,Transporte
Metró,Transporte
Muebles para sala,Vivienda
Lentes de sol,Ocio
Gimnasio,Servicios
Boleto de autobus,Transporte
Utiles escolares,Educación
surf,Ocio
internet,Servicios
WALMART,Alimentacion
Taxi de Sitio,Transporte
walmart,Alimentacion
GASOLINA,Transporte
Compra electrodomestico,Vivienda
gasolina magna,Transporte
Articulos para hogar,Vivienda
Pago seguro medico,Salud
Compra de tortillas,Alimentacion
Laboratorio médico,Salud
Credito hipotecario,Vivienda
Nutriologo,Salud
Zapatos,Ocio
Clases de inglés,Educación
Pago inscripción,Educación
Streaming,Ocio
Paramount Plus,Ocio
Peaje,Transporte
Despensa Walmart,Alimentacion
Estudio médico,Salud
Netflix,Ocio
Electrodomésticos,Vivienda
crema,Ocio
surf,Ocio
Pago inscripcion,Educación
Telefonia movil,Servicios
Autobús,Transporte
Reparación plomería,Vivienda
Despensa Walmart,Alimentacion
Utiles escuela,Educación
Accesorios,Ocio
Café espresso,Alimentacion
Utiles escuela,Educación
Terapia física,Salud
Didi,Transporte
Pan,Alimentacion
Reparacion casa,Vivienda
Cablebus CDMX,Transporte
escuela,Educación
Odontologo,Salud
Pago servicio,Servicios
Pastilla,Salud
Cafe de cafeteria,Alimentacion
Combustible,Transporte
Tutorias,Educación
CURSO,Educación
Seguro vivienda,Vivienda
Almuerzo,Alimentacion
Pago Paramount,Ocio
playera,Ocio
Tour ciudad,Ocio
Estudio medico,Salud
farmacia similares,Salud
FARMACIA,Salud
Boleto de cine,Ocio
Mensualidad escolar,Educación
Fibra óptica,Servicios
Camion,Transporte
gas natural,Servicios
Internet,Servicios
Boleto de autobús,Transporte
Cocina,Vivienda
Utensilios de cocina,Vivienda
Servicios de reparación hogar,Vivienda
Compra limpieza hogar,Vivienda
Vitamina,Salud
Suscripcion de streaming,Servicios
Pago credito hipotecario,Vivienda
Seminario,Educación
Clases de matematicas,Educación
Tanque gas,Servicios
Servicio telefónico,Servicios
Frutas y verduras,Alimentacion
Pago inscripción,Educación
Pan dulce,Alimentacion
paramount,Ocio
CFE pago,Servicios
Despensa mensual,Alimentacion
Mantenimiento edificio,Vivienda
Curso online,Educación
Carga de gasolina,Transporte
taxi,Transporte
Examen medico,Salud
Nutriólogo,Salud
Cablebus CDMX,Transporte
GAS LP,Servicios
Obra de teatro,Ocio
Reparación hogar,Vivienda
Mantenimiento departamento,Vivienda
ferreteria,Vivienda
Bolso,Ocio
Paramount Plus,Ocio
Juegos,Ocio
farmacia,Salud
Recarga Telcel,Servicios
Estacionamiento vehículo,Transporte
Viaje Uber,Transporte
laboratorio,Salud
medico,Salud
Pago gas,Servicios
Taxi Didi,Transporte
Clases privadas,Educación
pastillas,Salud
Collar,Ocio
Viaje transporte,Transporte
Peaje,Transporte
analisis laboratorio,Salud
Entrada teatro,Ocio
Nutriólogo,Salud
Muebles,Vivienda
Material escolar,Educación
doctor,Salud
Pago electricidad,Servicios
Herramientas,Vivienda
Conferencia académica,Educación
Examen medico,Salud
Gas LP,Servicios
Festival música,Ocio
Medicinas,Salud
Pago credito hipotecario,Vivienda
Clases de inglés,Educación
Conferencia académica,Educación
Antibiótico,Salud
CFE pago,Servicios
Compra ferreteria,Vivienda
Cafeteria local,Alimentacion
Matcha latte,Alimentacion
laboratorio,Salud
Inscripción curso,Educación
Plomería,Vivienda
Farmacia,Salud
Pago seguro vivienda,Vivienda
Mantenimiento servicio,Servicios
alimentos,Alimentacion
Vitaminas,Salud
Seguro de casa,Vivienda
Inscripcion universidad,Educación
Comision Federal de Electricidad,Servicios
TAXI,Transporte
Pantalón,Ocio
Laboratorio médico,Salud
natacion,Ocio
Mantenimiento caldera,Servicios
Adornos hogar,Vivienda
Curso de internet,Educación
Medico,Salud
Reparacion hogar,Vivienda
Analisis Laboratorio,Salud
Compra comida,Alimentacion
Taxi de sitio,Transporte
Urgencias médicas,Salud
Suscripcion de streaming,Servicios
Análisis Laboratorio,Salud
Consola videojuego,Ocio
Libros escolares,Educación
Gas,Servicios
Botanas,Alimentacion
Muebles para sala,Vivienda
Reparacion hogar,Vivienda
Servicio medico,Salud
Pago mensualidad escolar,Educación
Recibo de agua,Servicios
Curso de internet,Educación
Caseta,Transporte
Medicamento,Salud
medicina,Salud
Consulta medica,Salud
Taxi sitio,Transporte
Huevos,Alimentacion
Almuerzo,Alimentacion
Parque diversiones,Ocio
Colegio,Educación
farmacia,Salud
Pintura interiores,Vivienda
Hospital,Salud
Karaoke,Ocio
Libros de texto,Educación
Combustible,Transporte
Frutas,Alimentacion
Suscripción de streaming,Servicios
Servicio telefónico,Servicios
Clase de baile,Ocio
GAS LP,Servicios
Boleto evento,Ocio
laboratorio,Salud
Pago colegiatura,Educación
Yogurt,Alimentacion
vegetal,Alimentacion
Clases particulares,Educación
Receta médica,Salud
Pago colegiatura,Educación
Boleto cine,Ocio
taxi sitio,Transporte
Pago gas natural,Servicios
Visita turistica,Ocio
Reparación caldera,Servicios
Comida para llevar,Alimentacion
Inscripción escuela,Educación
MAGNA,Transporte
Decoración hogar,Vivienda
Superercado,Alimentacion
Pago seguro medico,Salud
Pan dulce,Alimentacion
Lentes para sol,Ocio
Pago de luz,Servicios
taxi sitio,Transporte
recibo CFE,Servicios
TELCEL,Servicios
Herramientas hogar,Vivienda
Telcel,Servicios
alimentos,Alimentacion
CURSO,Educación
Cita médica,Salud
Pastilla,Salud
UberEats,Alimentacion
Gas natural,Servicios
Mantenimiento servicio,Servicios
Cursos,Educación
pemex,Transporte
Viaje Didi,Transporte
recibo CFE,Servicios
Huevos,Alimentacion
Congreso academico,Educación
Streaming,Ocio
autobus,Transporte
curso en linea,Educación
pastillas,Salud
Pan dulce,Alimentacion
Vitamina,Salud
Muebles,Vivienda
articulos de limpieza,Vivienda
Boleto de autobús,Transporte
Francés,Educación
Transporte publico,Transporte
Tortillería,Alimentacion
Metró,Transporte
Decoracion hogar,Vivienda
Electricidad,Servicios
Mensualidad hipoteca,Vivienda
Compra supermercado,Alimentacion
Cafe de cafeteria,Alimentacion
verdura,Alimentacion
Fibra óptica,Servicios
Clase particular,Educación
Reparacion plomeria,Vivienda
Pedido comida,Alimentacion
Telcel,Servicios
Compra muebles,Vivienda
Mensualidad universidad,Educación
Streaming,Servicios
Entrada teatro,Ocio
FERRETERIA,Vivienda
Agua potable,Servicios
Pago de celular,Servicios
Terapia fisica,Salud
Compra electrodomestico,Vivienda
Examen certificacion,Educación
Muebles para sala,Vivienda
Analgésico,Salud
Despensa,Alimentacion
Inscripción curso,Educación
Medicamento,Salud
Mantenimiento hogar,Vivienda
Clases de matematicas,Educación
Refrescos,Alimentacion
Gasolinera,Transporte
Pasaje,Transporte
Material didactico,Educación
Paramount+,Ocio
Cafe espresso,Alimentacion
Tienda de abarrotes,Alimentacion
Gasolina,Transporte
Combustible,Transporte
Hospitalizacion,Salud
Reparacion electrodomestico,Vivienda
Boleto autobus,Transporte
Ferretería,Vivienda
WALMART,Alimentacion
Crema facial,Ocio
pastilla,Salud
Plomería,Vivienda
electricidad,Servicios
Pago mensualidad escolar,Educación
Examen certificacion,Educación
Clase particular,Educación
Articulos limpieza,Vivienda
Aretes,Ocio
Entrada teatro,Ocio
Nutriologo,Salud
Adornos hogar,Vivienda
Pago de colegiatura,Educación
Seguro de gastos médicos,Salud
ESCUELA,Educación
Muebles para sala,Vivienda
Congreso academico,Educación
Accesorios,Ocio
Comida rapida restaurante,Alimentacion
mantenimiento edificio,Vivienda
Pintura interiores,Vivienda
Recarga de gas,Servicios
Tanque de gasolina,Transporte
Compra videojuego,Ocio
Pan dulce,Alimentacion
Pago electricidad,Servicios
Conferencia académica,Educación
Reparacion hogar,Vivienda
Inscripción universidad,Educación
Recibo gas,Servicios
Utiles escolares,Educación
Taller idiomas,Educación
Tour turistico,Ocio
Analisis Laboratorio,Salud
Mensualidad hipoteca,Vivienda
Compra utiles escolares,Educación
Mensualidad escuela,Educación
limpieza,Servicios
Artículos para hogar,Vivienda
Pastillas,Salud
Compra en farmacia,Salud
Pago Netflix,Ocio
Pintura casa,Vivienda
Frutas y verduras,Alimentacion
Universidad,Educación
Congreso academico,Educación
examen medico,Salud
Compra muebles,Vivienda
Herramientas,Vivienda
Pizza,Alimentacion
Mensualidad Netflix,Ocio
Cable,Servicios
Pago gimnasio,Servicios
Congreso academico,Educación
Didi Food,Alimentacion
Psicologo,Salud
Cita médica,Salud
Servicio mantenimiento,Servicios
Telefonía móvil,Servicios
analisis laboratorio,Salud
Tortilleria,Alimentacion
Estudios de laboratorio,Salud
Doctor,Salud
Comida para llevar,Alimentacion
Fibra óptica,Servicios
taxi,Transporte
Electricidad,Servicios
Pescado,Alimentacion
Tianguis,Alimentacion
Seminario academico,Educación
Servicios de reparación hogar,Vivienda
Analgesico,Salud
Productos de limpieza,Vivienda
Ingles,Educación
Certificacion profesional,Educación
Compra farmacia,Salud
Telefonía móvil,Servicios
delivery comida,Alimentacion
Seminario,Educación
Gasolina Magna,Transporte
Boleto cablebus,Transporte
Cafeteria,Alimentacion
Gorra,Ocio
Clases de idiomas,Educación
Credito hipotecario,Vivienda
transporte publico,Transporte
Congreso académico,Educación
DIDI,Transporte
Tortillería,Alimentacion
Telefonia movil,Servicios
renta,Vivienda
Limpieza,Servicios
Curso online,Educación
Telcel,Servicios
Servicio spa,Ocio
Museo,Ocio
GYM,Servicios
Cena,Alimentacion
Congreso académico,Educación
Cablebus CDMX,Transporte
Tanque gas,Servicios
Pago de hipoteca,Vivienda
Utensilios de cocina,Vivienda
Productos de cuidado personal,Ocio
Camiseta,Ocio
Jugo,Alimentacion
Seguro medico,Salud
Pago de servicio,Servicios
UNIVERSIDAD,Educación
Café espresso,Alimentacion
Boletos cine,Ocio
Netflix,Ocio
Alquiler vivienda,Vivienda
Comida en restaurante,Alimentacion
Visita turística,Ocio
Cafetería,Alimentacion
Collar,Ocio
Pasaje urbano,Transporte
Suscripcion de streaming,Servicios
limpieza,Servicios
Tour ciudad,Ocio
Cafeteria local,Alimentacion
walmart,Alimentacion
Comida,Alimentacion
muebles,Vivienda
Recibo de servicio,Servicios
Mensualidad escuela,Educación
Yogur,Alimentacion
Psicólogo,Salud
gasolina,Transporte
Tutorias,Educación
Hobby,Ocio
muebles,Vivienda
Gasolina Premium,Transporte
Refrescos,Alimentacion
Pista de hielo,Ocio
Pago universidad,Educación
Carga de gasolina,Transporte
Reparacion de plomeria,Vivienda
Servicios de reparacion hogar,Vivienda
Cuota de mantenimiento,Vivienda
MAGNA,Transporte
Pago de internet,Servicios
Uber eats,Alimentacion
Libro escolar,Educación
crema,Ocio
Analgesico,Salud
Escuela,Educación
Festival música,Ocio
Diplomado,Educación
Farmacia Guadalajara,Salud
Electrodomésticos,Vivienda
Combustible,Transporte
Servicio mantenimiento,Servicios
UberEats,Alimentacion
Herramientas hogar,Vivienda
Accesorios,Ocio
PERFUME,Ocio
hipoteca,Vivienda
Combustible,Transporte
Electrodoméstico,Vivienda
Reloj,Ocio
Cablebus CDMX,Transporte
Pago de renta,Vivienda
Pago television por cable,Servicios
Servicio telefonico,Servicios
Inscripcion curso,Educación
Netflix,Ocio
Servicios de reparacion hogar,Vivienda
Hospitalización,Salud
gasolina premium,Transporte
Artículos para hogar,Vivienda
Francés,Educación
Recarga Metro,Transporte
Consulta nutricional,Salud
restaurante,Alimentacion
Pago telefonía,Servicios
Análisis Laboratorio,Salud
Compra en farmacia,Salud
Clases particulares,Educación
Jugo,Alimentacion
Diplomado,Educación
Compra de muebles,Vivienda
Inglés,Educación
Compra combustible,Transporte
Útiles escuela,Educación
ropa,Ocio
Seguro médico,Salud
Mantenimiento casa,Vivienda
Jeans,Ocio
Odontologo,Salud
Pasaje,Transporte
Congreso academico,Educación
Camiseta,Ocio
Abono hipoteca,Vivienda
Panaderia,Alimentacion
Pago agua,Servicios
Recibo de gas,Servicios
Botanas,Alimentacion
Tour por ciudad,Ocio
Television por cable,Servicios
Pago television por cable,Servicios
PERFUME,Ocio
Libros escolares,Educación
Boleto cablebus,Transporte
Festival musica,Ocio
Jarabe,Salud
Electrodomesticos,Vivienda
Clases de idiomas,Educación
MEDICINA,Salud
Laboratorio,Salud
curso en linea,Educación
Uber viaje,Transporte
CURSO,Educación
Medicamento farmacia,Salud
Compra comida,Alimentacion
Seguro casa,Vivienda
Carga gas LP,Servicios
Festival música,Ocio
MAGNA,Transporte
autobus,Transporte
Adornos hogar,Vivienda
Parking,Transporte
Curso de idiomas,Educación
Suscripcion Paramount,Ocio
Yogur,Alimentacion
Reparacion plomeria,Vivienda
Boleto cablebus,Transporte
Mantenimiento del edificio,Vivienda
Viaje en taxi,Transporte
Cafeteria local,Alimentacion
Compra en farmacia,Salud
Certificacion profesional,Educación
Internet hogar,Servicios
perfume,Ocio
Antibioticos,Salud
Mueble para sala,Vivienda
Pantalón,Ocio
disney,Ocio
Pintura casa,Vivienda
Pago de hipoteca,Vivienda
Seguro de casa,Vivienda
Articulos de limpieza,Vivienda
Netflix,Ocio
Consulta dental,Salud
Almuerzo,Alimentacion
Pago caseta,Transporte
spa,Ocio
pastillas,Salud
Cita medica,Salud
Farmacia Guadalajara,Salud
Examen certificacion,Educación
Leche,Alimentacion
Pago de television por cable,Servicios
GORRA,Ocio
ciclismo,Ocio
Colegiatura,Educación
Farmacia similares,Salud
Comic,Ocio
Cuota escolar,Educación
Consulta dental,Salud
Transporte publico,Transporte
Pago mensual renta,Vivienda
alimentos,Alimentacion
dentista,Salud
Leche,Alimentacion
Antibióticos,Salud
gorra,Ocio
Pago caseta,Transporte
Reparación de plomería,Vivienda
Suscripción de streaming,Servicios
Electricidad,Servicios
Examen médico,Salud
Útiles escuela,Educación
Antibióticos,Salud
Plan internet,Servicios
Diplomado,Educación
Gasolina Magna,Transporte
concierto,Ocio
Compra libros escolares,Educación
Antibióticos,Salud
Conferencia academica,Educación
Servicios de reparación hogar,Vivienda
Laboratorio,Salud
Gasolina,Transporte
colegiatura,Educación
Productos para hogar,Vivienda
Reparación hogar,Vivienda
Pan,Alimentacion
Lentes,Ocio
Pago gas,Servicios
Pago crédito hipotecario,Vivienda
taxi sitio,Transporte
Hospital,Salud
Suscripción de streaming,Servicios
examen medico,Salud
Dentista,Salud
Compra farmacia,Salud
Pago credito hipotecario,Vivienda
medico,Salud
Recibo servicio,Servicios
Camiseta,Ocio
Falda,Ocio
Medico,Salud
Tour ciudad,Ocio
Uber Eats,Alimentacion
Streaming,Ocio
Seguro casa,Vivienda
Farmacia Guadalajara,Salud
Estacionamiento vehículo,Transporte
Productos limpieza,Vivienda
Credito hipotecario,Vivienda
Viaje Uber,Transporte
Comida rapida,Alimentacion
Escuela,Educación
GORRA,Ocio
Combustible,Transporte
Compra pintura,Vivienda
FARMACIA,Salud
Reparacion casa,Vivienda
Recarga tarjeta movilidad,Transporte
Compra de muebles,Vivienda
Herramientas,Vivienda
Curso en linea,Educación
hipoteca,Vivienda
Pago inscripcion,Educación
Taxi de sitio,Transporte
taxi,Transporte
Mantenimiento del edificio,Vivienda
Seminario académico,Educación
Boliche,Ocio
Parque diversiones,Ocio
Camión,Transporte
SACMEX,Servicios
Gas Natural,Servicios
Boleto cine,Ocio
pantalon,Ocio
plomeria,Vivienda
Pasaje urbano,Transporte
Medicina,Salud
Limpieza,Servicios
colegiatura,Educación
Plan de internet,Servicios
tianguis,Alimentacion
Paramount,Ocio
Consulta dental,Salud
Congreso academico,Educación
Paramount+,Ocio
Boleto teatro,Ocio
TIANGUIS,Alimentacion
taxi,Transporte
Compra despensa,Alimentacion
Telcel,Servicios
Reparacion tuberia,Vivienda
Collar,Ocio
gasolina magna,Transporte
Carnicería,Alimentacion
MAGNA,Transporte
Servicio telefonico,Servicios
Cita medica,Salud
Servicio de mantenimiento,Servicios
Cita médica,Salud
Seguro médico,Salud
Compra en farmacia,Salud
Servicio medico,Salud
Pago limpieza,Servicios
Medicamentos,Salud
Té y galletas,Alimentacion
Carga gas LP,Servicios
Servicio caldera,Servicios
Pago luz,Servicios
Pedido comida,Alimentacion
medicina,Salud
Pago mensual renta,Vivienda
Gasolina Magna,Transporte
Farmacia del Ahorro,Salud
Hospitalizacion,Salud
HIPOTECA,Vivienda
gas natural,Servicios
Transporte publico,Transporte
UBER,Transporte
Colegiatura,Educación
Pago de internet,Servicios
Lacteos,Alimentacion
Karaoke,Ocio
Consulta médica,Salud
Pemex,Transporte
Plomeria,Vivienda
Gas LP,Servicios
Uber viaje,Transporte
Recibo gas,Servicios
Curso de idiomas,Educación
Urgencias medicas,Salud
Mantenimiento hogar,Vivienda
Decoracion hogar,Vivienda
Farmacia Guadalajara,Salud
Material educativo,Educación
GORRA,Ocio
Odontólogo,Salud
gas lp,Servicios
Servicio limpieza hogar,Servicios
Compra muebles,Vivienda
Uber eats,Alimentacion
Reparacion caldera,Servicios
Viaje,Ocio
Transporte publico,Transporte
camiseta,Ocio
Factura de agua,Servicios
Reparacion casa,Vivienda
Pasaje,Transporte
Visita turística,Ocio
Calzado,Ocio
metro,Transporte
recarga telcel,Servicios
Recarga Metro,Transporte
Seguro de gastos medicos,Salud
Mensualidad hipoteca,Vivienda
Ropa bazar,Ocio
Recibo de gas,Servicios
FERRETERIA,Vivienda
Clases privadas,Educación
Paramount+,Ocio
MEDICINA,Salud
Examen certificacion,Educación
Leche,Alimentacion
cfe,Servicios
Compra limpieza hogar,Vivienda
Recarga de gas,Servicios
Cafe,Alimentacion
MAGNA,Transporte
Limpieza del hogar,Vivienda
Restaurante,Alimentacion
Te,Alimentacion
Uber viaje,Transporte
Diplomado profesional,Educación
Delivery de comida,Alimentacion
Inscripcion universidad,Educación
Inscripción curso,Educación
Spa,Ocio
Urgencias médicas,Salud
Psicólogo,Salud
Terapia física,Salud
Cena en restaurante,Alimentacion
Servicio streaming,Servicios
Limpieza,Servicios
Examen médico,Salud
Receta médica,Salud
GASOLINA,Transporte
Recibo agua,Servicios
didi,Transporte
muebles,Vivienda
Pago de universidad,Educación
taxi sitio,Transporte
CAFÉ,Alimentacion
Análisis Laboratorio,Salud
Consulta nutricional,Salud
gas,Servicios
Carga de gasolina,Transporte
farmacia,Salud
Cena,Alimentacion
LABORATORIO,Salud
Servicio médico,Salud
verdura,Alimentacion
DiDi,Transporte
Pago electricidad,Servicios
Boleto de autobús,Transporte
Curso virtual,Educación
Compra libros escolares,Educación
Servicio telefonico,Servicios
Seguro de casa,Vivienda
Tacos restaurante,Alimentacion
Taxi,Transporte
RECIBO CFE,Servicios
cartera,Ocio
Comida rápida,Alimentacion
Viaje en taxi,Transporte
Tutorías,Educación
Tianguis,Alimentacion
Uber Eats,Alimentacion
Frutas,Alimentacion
Compra muebles,Vivienda
Laboratorio,Salud
CAFÉ,Alimentacion
Camión,Transporte
Lentes para sol,Ocio
paramount,Ocio
consulta medica,Salud
Ciclismo,Ocio
Gasolina,Transporte
Gym,Servicios
RESTAURANTE,Alimentacion
Rappi comida,Alimentacion
Psicologo,Salud
Reparación plomería,Vivienda
Consulta médica,Salud
gorra,Ocio
Didi,Transporte
taxi sitio,Transporte
Psicologo,Salud
Despensa,Alimentacion
Urgencias medicas,Salud
Herramientas hogar,Vivienda
gimnasio,Servicios
Festival,Ocio
Alquiler,Vivienda
Medicamento,Salud
Didi food,Alimentacion
Terapia fisica,Salud
Renta,Vivienda
Metro,Transporte
Mantenimiento edificio,Vivienda
Café espresso,Alimentacion
TAXI,Transporte
laboratorio medico,Salud
Comida en restaurante,Alimentacion
Servicio médico,Salud
Universidad,Educación
Servicios de reparacion hogar,Vivienda
Seguro de vivienda,Vivienda
Pago de hipoteca,Vivienda
Reparacion plomeria,Vivienda
medicamento,Salud
Gas natural,Servicios
Cablebús,Transporte
Karaoke,Ocio
pantalon,Ocio
Comida en restaurante,Alimentacion
DOCTOR,Salud
Recibo de luz,Servicios
Calzado,Ocio
Matcha,Alimentacion
Clases idiomas,Educación
Renta mensual,Vivienda
Netflix,Ocio
Compra libro escolar,Educación
libro,Ocio
Pago mensualidad escolar,Educación
despensa,Alimentacion
Fibra óptica,Servicios
Herramientas hogar,Vivienda
GASOLINA,Transporte
Comida para llevar,Alimentacion
Inscripción universidad,Educación
gas,Servicios
Autobús,Transporte
Laboratorio medico,Salud
Compra en supermercado,Alimentacion
Servicio cable,Servicios
taxi sitio,Transporte
walmart,Alimentacion
Útiles escolares,Educación
Medicamento,Salud
Alimentos,Alimentacion
Antibióticos,Salud
Consulta especialista,Salud
Tutorias,Educación
Crema corporal,Ocio
Transporte urbano,Transporte
Hospitalizacion,Salud
CFE pago,Servicios
farmacia,Salud
Utiles escolares,Educación
Cuota autopista,Transporte
Examen certificación,Educación
Doctor,Salud
Seminario académico,Educación
SACMEX,Servicios
Hamburguesa,Alimentacion
Tienda de abarrotes,Alimentacion
Médico,Salud
Autopista,Transporte
Telefonía celular,Servicios
Leche,Alimentacion
dentista,Salud
Seguro médico,Salud
Crema facial,Ocio
Pago cable,Servicios
Camiseta,Ocio
Boleto tren,Transporte
Productos de limpieza,Vivienda
Festival musica,Ocio
Certificacion profesional,Educación
Pago combustible,Transporte
Mantenimiento edificio,Vivienda
Internet hogar,Servicios
Electricidad,Servicios
Seguro medico,Salud
Tour ciudad,Ocio
Recarga Telcel,Servicios
Gas LP,Servicios
Carne,Alimentacion
Surf,Ocio
Fotografia,Ocio
Patinaje,Ocio
Estudio médico,Salud
Reparacion casa,Vivienda
gas,Servicios
Carga gasolina,Transporte
Boleto de autobus,Transporte
cablebus,Transporte
internet,Servicios
MAGNA,Transporte
Spa,Ocio
Compra en mercado,Alimentacion
MAGNA,Transporte
Estudios de laboratorio,Salud
Tren Suburbano,Transporte
Conferencia academica,Educación
laboratorio medico,Salud
Material escolar,Educación
Disney Plus,Ocio
Crema corporal,Ocio
Compra electrodomestico,Vivienda
Compra comida,Alimentacion
Entrada cine,Ocio
Paramount+,Ocio
Mantenimiento edificio,Vivienda
Internet,Servicios
tortillas,Alimentacion
Antibióticos,Salud
Cita médica,Salud
Farmacia del Ahorro,Salud
Seguro medico,Salud
COLEGIATURA,Educación
Gasolinera,Transporte
Disney+,Ocio
Pago mensualidad escolar,Educación
ropa,Ocio
Analgesico,Salud
Taller de idiomas,Educación
Pago colegiatura,Educación
Cafeteria local,Alimentacion
pastillas,Salud
Cuota escolar,Educación
Examen medico,Salud
Útiles escuela,Educación
Aretes,Ocio
Antibiótico,Salud
escuela,Educación
Recarga tarjeta transporte,Transporte
Frutas,Alimentacion
doctor,Salud
curso en linea,Educación
Herramientas hogar,Vivienda
laboratorio medico,Salud
Hospital,Salud
Pago television por cable,Servicios
gas,Servicios
Seguro de gastos médicos,Salud
Tortilleria,Alimentacion
MEDICO,Salud
Analisis Laboratorio,Salud
crema,Ocio
Disney Plus,Ocio
Credito hipotecario,Vivienda
CAFÉ,Alimentacion
Curso ingles,Educación
Compra en supermercado,Alimentacion
Recibo de luz,Servicios
Didi Food,Alimentacion
Diplomado profesional,Educación
Cita doctor,Salud
Verduras,Alimentacion
Curso de internet,Educación
Cafe espresso,Alimentacion
Inscripcion curso,Educación
Disney plus,Ocio
Inscripción escuela,Educación
Utensilios de cocina,Vivienda
Cita doctor,Salud
Evento,Ocio
Clases de matematicas,Educación
Compra de despensa,Alimentacion
Pedido de comida,Alimentacion
Cafetería,Alimentacion
Festival musica,Ocio
Crédito hipotecario,Vivienda
Delivery de comida,Alimentacion
Tortillas,Alimentacion
Electrodomesticos,Vivienda
Matcha,Alimentacion
Servicio internet,Servicios
Tortillería,Alimentacion
Muebles para sala,Vivienda
Pago gas natural,Servicios
Analgésico,Salud
Autobus,Transporte
Compra en farmacia,Salud
Artículos limpieza,Vivienda
senderismo,Ocio
Agua embotellada,Alimentacion
Compra ferreteria,Vivienda
Útiles escuela,Educación
Mantenimiento hogar,Vivienda
Articulos de limpieza,Vivienda
Pago inscripcion,Educación
Festival musica,Ocio
Articulos de limpieza,Vivienda
Clases de matemáticas,Educación
Hamburguesa,Alimentacion
Pago inscripción,Educación
Material escolar,Educación
Agua potable,Servicios
Compra de muebles,Vivienda
Pago crédito hipotecario,Vivienda
consulta medica,Salud
concierto,Ocio
Utiles escolares,Educación
Cafeteria local,Alimentacion
Despensa mensual,Alimentacion
Uber,Transporte
RECIBO CFE,Servicios
Mensualidad universidad,Educación
gas lp,Servicios
examen medico,Salud
Taxi Didi,Transporte
Inscripcion escolar,Educación
Utiles escuela,Educación
medicamento,Salud
Telcel,Servicios
Agua potable,Servicios
Set de ducha,Ocio
Boleto cablebus,Transporte
Dentista,Salud
Compra en tianguis,Alimentacion
Paramount,Ocio
Telcel,Servicios
Carne,Alimentacion
electricidad,Servicios
pago cfe,Servicios
Servicio mantenimiento,Servicios
Consola videojuego,Ocio
Festival música,Ocio
Pista de hielo,Ocio
Mensualidad escuela,Educación
Pago servicio,Servicios
Utiles escolares,Educación
Parque de diversiones,Ocio
Cuota de mantenimiento,Vivienda
MEDICINA,Salud
Recarga Metro,Transporte
Pago de colegiatura,Educación
Estudios de laboratorio,Salud
Limpieza del hogar,Vivienda
Frances,Educación
Curso idiomas,Educación
Café espresso,Alimentacion
Recibo CFE,Servicios
Colegiatura,Educación
spa,Ocio
Transporte público,Transporte
Lacteos,Alimentacion
Articulos de limpieza,Vivienda
Tienda de abarrotes,Alimentacion
farmacia similares,Salud
Mantenimiento caldera,Servicios
Tour turistico,Ocio
Congreso académico,Educación
Gas,Servicios
Suscripción de streaming,Servicios
FARMACIA,Salud
Laboratorio,Salud
Transporte público,Transporte
Lentes,Ocio
Factura agua,Servicios
Psicologo,Salud
Despensa Walmart,Alimentacion
Disney plus,Ocio
medico,Salud
Paseo,Ocio
Pasaje autobus,Transporte
Consulta especialista,Salud
Consulta nutricional,Salud
Pago Telcel,Servicios
Compra farmacia,Salud
internet,Servicios
Abono Hipoteca,Vivienda
Lácteos,Alimentacion
Curso de internet,Educación
Viaje,Ocio
CFE pago,Servicios
medicamento,Salud
Lentes,Ocio
Supermercado,Alimentacion
Compra libros escolares,Educación
Pago de universidad,Educación
Tarjeta Metro,Transporte
metro,Transporte
examen medico,Salud
Pintura hogar,Vivienda
Pintura,Vivienda
Médico,Salud
Compra farmacia,Salud
Cafeteria local,Alimentacion
perfume,Ocio
Limpieza casa,Servicios
sacmex,Servicios
FARMACIA,Salud
Hospital,Salud
Recarga Metro,Transporte
UberEats,Alimentacion
Comida rapida,Alimentacion
Cafetería,Alimentacion
TIANGUIS,Alimentacion
LIBRO,Ocio
tortilleria,Alimentacion
CURSO,Educación
Factura agua,Servicios
Pago crédito hipotecario,Vivienda
Lacteos,Alimentacion
Servicio de cable,Servicios
suscripcion netflix,Ocio
Articulos limpieza,Vivienda
Medicamento farmacia,Salud
Boleto tren,Transporte
Reparacion plomeria,Vivienda
Muebles sala,Vivienda
cablebus,Transporte
Gas LP,Servicios
autobus,Transporte
Telefonia movil,Servicios
Boleto teatro,Ocio
Alquiler,Vivienda
Cablebus,Transporte
Natación,Ocio
Caseta,Transporte
Tanque de gasolina,Transporte
Plomería,Vivienda
hipoteca,Vivienda
Latte,Alimentacion
Transporte público,Transporte
Electrodomesticos,Vivienda
Útiles escolares,Educación
Pago telefonía,Servicios
Compra ferreteria,Vivienda
Compra muebles,Vivienda
UBER,Transporte
Didi food,Alimentacion
Tanque de gas,Servicios
Analisis de laboratorio,Salud
Cafe espresso,Alimentacion
pastillas,Salud
articulos de limpieza,Vivienda
Gasolina Premium,Transporte
Telefonía celular,Servicios
FARMACIA,Salud
Consulta medica,Salud
Inscripcion escuela,Educación
Playera,Ocio
Mochila,Ocio
Pago de universidad,Educación
Utiles escolares,Educación
panaderia,Alimentacion
Pago crédito hipotecario,Vivienda
DIDI,Transporte
Boliche,Ocio
Pago renta,Vivienda
Compra muebles,Vivienda
Combustible,Transporte
Clases de idiomas,Educación
recarga telcel,Servicios
Fotografia,Ocio
Paseo turístico,Ocio
walmart,Alimentacion
pintura,Vivienda
Comida rapida restaurante,Alimentacion
recibo CFE,Servicios
Matcha latte,Alimentacion
Mantenimiento edificio,Vivienda
Taxi de sitio,Transporte
Pago caseta,Transporte
Pista de hielo,Ocio
plomeria,Vivienda
Suscripcion Paramount,Ocio
disney,Ocio
Cuota de mantenimiento,Vivienda
Mercado,Alimentacion
medicamento,Salud
Servicio limpieza,Servicios
Certificación profesional,Educación
farmacia,Salud
Restaurante,Alimentacion
Analisis de laboratorio,Salud
Seminario académico,Educación
Vitaminas,Salud
cafe,Alimentacion
Medicamento farmacia,Salud
Pago seguro medico,Salud
Nutriologo,Salud
Servicios de reparación hogar,Vivienda
Análisis Laboratorio,Salud
Decoración casa,Vivienda
GORRA,Ocio
GASOLINA,Transporte
Tarjeta Metro,Transporte
Ciclismo,Ocio
SACMEX,Servicios
Cablebus,Transporte
Tortilleria,Alimentacion
Seguro médico,Salud
Servicio gasolinera,Transporte
Estacionamiento vehículo,Transporte
Pago celular,Servicios
Servicio spa,Ocio
Útiles escuela,Educación
Hobby,Ocio
Patinaje,Ocio
Pago escuela,Educación
Pasaje tren,Transporte
Comida rapida restaurante,Alimentacion
Cuota autopista,Transporte
Tutorías,Educación
Consulta nutricional,Salud
Pago de escuela,Educación
Reparación electrodoméstico,Vivienda
Pantalon,Ocio
Gasolinera PEMEX,Transporte
Decoracion del hogar,Vivienda
Viaje transporte,Transporte
laboratorio medico,Salud
Recibo CFE,Servicios
Te,Alimentacion
Juegos,Ocio
analisis laboratorio,Salud
cfe,Servicios
gas lp,Servicios
Pago mensualidad escolar,Educación
Agua potable,Servicios
Tienda de abarrotes,Alimentacion
Pago gimnasio,Servicios
Vitamina,Salud
Analgésico,Salud
Seguro medico,Salud
Matcha latte,Alimentacion
Mensualidad Netflix,Ocio
Cita medica,Salud
Matcha,Alimentacion
Jugo,Alimentacion
Estudios de laboratorio,Salud
patinaje,Ocio
Seguro médico,Salud
Te,Alimentacion
Despensa,Alimentacion
Accesorios,Ocio
despensa,Alimentacion
Escuela,Educación
Rappi comida,Alimentacion
Gym,Servicios
Pasaje autobus,Transporte
Examen certificacion,Educación
Pintura para casa,Vivienda
Frutas y verduras,Alimentacion
Cafe espresso,Alimentacion
Compra de alimentos,Alimentacion
crema,Ocio
Comision Federal de Electricidad,Servicios
Inglés,Educación
Kit de ducha,Ocio
Cuota escolar,Educación
Carniceria,Alimentacion
Servicio gasolinera,Transporte
Servicio de internet,Servicios
Suscripcion netflix,Ocio
Pago colegiatura,Educación
Plomeria,Vivienda
Material educativo,Educación
Certificación,Educación
Gasolina premium,Transporte
Pista de hielo,Ocio
certificacion,Educación
Decoración del hogar,Vivienda
Pintura,Vivienda
Examen certificación,Educación
RENTA,Vivienda
Mantenimiento de caldera,Servicios
Material didactico,Educación
Servicio telefónico,Servicios
curso,Educación
Psicologo,Salud
Telefonía celular,Servicios
Frutas y verduras,Alimentacion
Alquiler vivienda,Vivienda
Pago crédito hipotecario,Vivienda
Tren suburbano,Transporte
Recibo de gas,Servicios
Pago inscripcion,Educación
Bolso,Ocio
Clases privadas,Educación
playera,Ocio
Pago de luz,Servicios
Walmart,Alimentacion
Cafeteria local,Alimentacion
delivery comida,Alimentacion
Suscripción de streaming,Servicios
Seguro vivienda,Vivienda
combustible,Transporte
paramount,Ocio
vegetales,Alimentacion
Taxi sitio,Transporte
Lentes de sol,Ocio
comida rapida,Alimentacion
Libro escolar,Educación
Viaje,Ocio
Boleto tren,Transporte
Té,Alimentacion
Recibo de gas,Servicios
Abono hipoteca ,Vivienda
Mantenimiento departamento,Vivienda
Comida para llevar restaurante,Alimentacion
Nutriologo,Salud
Didi Food,Alimentacion
Suscripción Disney,Ocio
Artículos de limpieza,Vivienda
pago agua,Servicios
Gasolina,Transporte
Uber eats,Alimentacion
Diplomado,Educación
Tarjeta Metro,Transporte
Servicio de limpieza,Servicios
Parking,Transporte
Material ferreteria,Vivienda
Te,Alimentacion
articulos de limpieza,Vivienda
Curso de internet,Educación
Reparacion plomeria,Vivienda
Factura agua,Servicios
Compra útiles escolares,Educación
CURSO,Educación
Walmart,Alimentacion
Clase particular,Educación
Mantenimiento departamento,Vivienda
Suscripcion de streaming,Servicios
Farmacia Guadalajara,Salud
TIANGUIS,Alimentacion
pastillas,Salud
Inscripción escuela,Educación
Laboratorio,Salud
Jugo,Alimentacion
Pago gimnasio,Servicios
Certificación,Educación
comida rapida,Alimentacion
Recarga tarjeta transporte,Transporte
Fibra óptica,Servicios
Telefonía móvil,Servicios
Compra ferreteria,Vivienda
Mensualidad escolar,Educación
FERRETERIA,Vivienda
Servicio gas,Servicios
Comida rapida,Alimentacion
Camiseta,Ocio
Disney+,Ocio
Ropa bazar,Ocio
PEMEX,Transporte
Walmart,Alimentacion
muebles,Vivienda
certificacion,Educación
Analgesico,Salud
taxi,Transporte
certificacion,Educación
Comida rapida,Alimentacion
Suscripción de streaming,Servicios
Taxi sitio,Transporte
recibo CFE,Servicios
Boleto de autobus,Transporte
Examen laboratorio,Salud
Consulta especialista,Salud
Pago universidad,Educación
Tarjeta Metro,Transporte
Taller idiomas,Educación
Servicio streaming,Servicios
Suscripcion Netflix,Ocio
Herramientas hogar,Vivienda
Despensa quincenal,Alimentacion
Tren Suburbano,Transporte
Herramientas hogar,Vivienda
curso en linea,Educación
Pago SACMEX,Servicios
Botanas,Alimentacion
Pago telefonía,Servicios
Estacionamiento vehiculo,Transporte
Boleto cablebus,Transporte
RENTA,Vivienda
Suscripción Netflix,Ocio
Paseo turístico,Ocio
Reparacion tuberia,Vivienda
Aretes,Ocio
Compra farmacia,Salud
crema,Ocio
Ingles,Educación
Cocina,Vivienda
Laboratorio medico,Salud
Compra libro escolar,Educación
Lácteos,Alimentacion
Pago universidad,Educación
Gasolina premium,Transporte
Reparacion caldera,Servicios
dentista,Salud
Hipoteca,Vivienda
Consulta doctor,Salud
GYM,Servicios
Abarrotes,Alimentacion
Tour turístico,Ocio
verdura,Alimentacion
gimnasio,Servicios
Inscripcion universidad,Educación
Set de ducha,Ocio
CFE pago,Servicios
Paramount,Ocio
Disney Plus,Ocio
Libros de texto,Educación
Consulta especialista,Salud
Carga de gasolina,Transporte
paramount,Ocio
tianguis,Alimentacion
Boleto de autobus,Transporte
Productos de limpieza,Vivienda
Bolso,Ocio
Pago Paramount,Ocio
CURSO,Educación
Cuota escolar,Educación
Antibióticos,Salud
Pago de internet,Servicios
natacion,Ocio
Limpieza del hogar,Vivienda
Electrodomésticos,Vivienda
Carga Gas LP,Servicios
Carga de gasolina,Transporte
Paramount+,Ocio
Material ferreteria,Vivienda
gas,Servicios
Museo,Ocio
Pago combustible,Transporte
laboratorio,Salud
MEDICO,Salud
Pago gas natural,Servicios
Compra de muebles,Vivienda
Estudios de laboratorio,Salud
Artículos de limpieza,Vivienda
Antibiotico,Salud
Pago de gimnasio,Servicios
Pago renta,Vivienda
Francés,Educación
DiDi,Transporte
Pizza,Alimentacion
Productos limpieza,Vivienda
Factura de agua,Servicios
Tacos restaurante,Alimentacion
Médico,Salud
Adornos hogar,Vivienda
Natacion,Ocio
Conferencia académica,Educación
curso en linea,Educación
Reparación de plomería,Vivienda
ESCUELA,Educación
Certificación,Educación
Compra electrodoméstico,Vivienda
Recarga tarjeta metro,Transporte
CURSO,Educación
colegiatura,Educación
Electrodomesticos,Vivienda
Abono Hipoteca,Vivienda
Reparacion de plomeria,Vivienda
CFE pago,Servicios
Autobus,Transporte
Uber,Transporte
pago cfe,Servicios
Cómic,Ocio
Antibiótico,Salud
delivery comida,Alimentacion
Tren suburbano,Transporte
Verduras,Alimentacion
hipoteca,Vivienda
Gorra,Ocio
Compra de alimentos,Alimentacion
Medicina,Salud
Compra de comida,Alimentacion
Inscripción curso,Educación
Pago Netflix,Ocio
MEDICINA,Salud
gasolina,Transporte
Curso de idiomas,Educación
Panaderia,Alimentacion
Laboratorio,Salud
Senderismo,Ocio
Compra libro,Ocio
Terapia física,Salud
Farmacia Guadalajara,Salud
Pago escuela,Educación
Despensa quincenal,Alimentacion
ciclismo,Ocio
Transporte publico,Transporte
Combustible,Transporte
Autobus,Transporte
stream,Ocio
Servicio limpieza,Servicios
SACMEX,Servicios
Reparacion plomeria,Vivienda
Té y galletas,Alimentacion
Taxi de Sitio,Transporte
Libro de texto,Educación
Mercado,Alimentacion
Inscripcion curso,Educación
Tienda de abarrotes,Alimentacion
articulos de limpieza,Vivienda
supermercadoDESPENSA,Alimentacion
Examen certificación,Educación
Tour turistico,Ocio
UberEats,Alimentacion
Botanas,Alimentacion
Mantenimiento casa,Vivienda
Cafeteria,Alimentacion
Boleto de autobús,Transporte
verdura,Alimentacion
Consulta médica,Salud
Vitamina,Salud
Boleto de autobús,Transporte
Pasaje tren,Transporte
Reparación hogar,Vivienda
gasolina premium,Transporte
DOCTOR,Salud
Análisis de laboratorio,Salud
Analgesico,Salud
Artículos para hogar,Vivienda
Congreso académico,Educación
LABORATORIO,Salud
Pasaje tren,Transporte
Examen de laboratorio,Salud
Reparacion caldera,Servicios
Analgésico,Salud
Medicamentos,Salud
Pago de electricidad,Servicios
Congreso académico,Educación
Carnicería,Alimentacion
Obra de teatro,Ocio
Cafe de cafeteria,Alimentacion
UberEats,Alimentacion
Examen medico,Salud
Pago gas natural,Servicios
Compra de alimentos,Alimentacion
Suscripción Netflix,Ocio
TELCEL,Servicios
PREMIUM,Transporte
Artículos limpieza,Vivienda
Mensualidad del gimnasio,Servicios
Adornos para casa,Vivienda
Set de ducha,Ocio
Compra ropa,Ocio
Gas LP,Servicios
Mensualidad gimnasio,Servicios
Ferretería,Vivienda
Pago caseta,Transporte
Certificación,Educación
PREMIUM,Transporte
Gasolina premium,Transporte
Pago limpieza,Servicios
TELCEL,Servicios
Matcha,Alimentacion
Análisis Laboratorio,Salud
Congreso académico,Educación
Joyería,Ocio
renta,Vivienda
Pago gimnasio,Servicios
Transporte por aplicación,Transporte
Caseta,Transporte
Carga de gasolina,Transporte
Yogurt,Alimentacion
Telefonia movil,Servicios
Pemex,Transporte
Cafe espresso,Alimentacion
didi,Transporte
Psicólogo,Salud
Curso en linea,Educación
escuela,Educación
Utensilios de cocina,Vivienda
Pedido de comida,Alimentacion
Huevos,Alimentacion
tortillas,Alimentacion
Pago celular mensual,Servicios
Tanque de gasolina,Transporte
Certificacion,Educación
GAS LP,Servicios
Clases de inglés,Educación
Pago de Agua,Servicios
Lacteos,Alimentacion
Servicio mantenimiento,Servicios
Boleto tren,Transporte
Boleto cablebus,Transporte
Carga de gasolina,Transporte
Examen de laboratorio,Salud
CURSO,Educación
Lácteos,Alimentacion
Servicio de plomería,Vivienda
Compra en supermercado,Alimentacion
Farmacia del Ahorro,Salud
Servicio streaming,Servicios
Servicio de plomería,Vivienda
Pago telefonía,Servicios
Decoración casa,Vivienda
Decoración casa,Vivienda
Tarjeta movilidad,Transporte
Rappi comida,Alimentacion
taxi,Transporte
Renta mensual,Vivienda
Pago inscripcion,Educación
Taller idiomas,Educación
Libro de texto,Educación
Mantenimiento servicio,Servicios
Curso ingles,Educación
Terapia fisica,Salud
Matcha latte,Alimentacion
Ingles,Educación
Taller de idiomas,Educación
comida rapida,Alimentacion
Herramientas,Vivienda
GORRA,Ocio
Inscripción escolar,Educación
Inglés,Educación
Clases de matemáticas,Educación
Inscripcion escuela,Educación
Taxi de Sitio,Transporte
Farmacia Similares,Salud
Tanque gasolina,Transporte
Estudio médico,Salud
Analisis de laboratorio,Salud
Natacion,Ocio
Suscripción de streaming,Servicios
Farmacia Similares,Salud
Tutorias,Educación
Articulos limpieza,Vivienda
Clase particular,Educación
Cafetería,Alimentacion
Cursos,Educación
gorra,Ocio
Certificacion profesional,Educación
Cine,Ocio
Huevos,Alimentacion
Clases de inglés,Educación
Inscripción universidad,Educación
Plomeria,Vivienda
Inscripcion universidad,Educación
Pago renta,Vivienda
Despensa,Alimentacion
Paseo,Ocio
pemex,Transporte
Pago Disney,Ocio
Servicio cable,Servicios
Mensualidad del gimnasio,Servicios
Herramientas hogar,Vivienda
Carniceria,Alimentacion
Nutriologo,Salud
UBER,Transporte
Pago gimnasio,Servicios
Seminario académico,Educación
Compra útiles escolares,Educación
Pago inscripcion,Educación
Gasolina Premium,Transporte
Servicio Uber,Transporte
Muebles,Vivienda
Pizza,Alimentacion
Suscripcion de streaming,Servicios
Telefonia movil,Servicios
Aretes,Ocio
hipoteca,Vivienda
Medicamento,Salud
Odontólogo,Salud
reloj,Ocio
consulta medica,Salud
Boliche,Ocio
Pago de universidad,Educación
Boleto tren,Transporte
muebles,Vivienda
CAFÉ,Alimentacion
Gym,Servicios
TELCEL,Servicios
Plomeria,Vivienda
Didi Food,Alimentacion
laboratorio,Salud
Análisis de laboratorio,Salud
Laboratorio medico,Salud
Latte,Alimentacion
plomeria,Vivienda
Comida para llevar,Alimentacion
Boleto teatro,Ocio
Compra libro escolar,Educación
servicio streaming,Servicios
Reparacion plomeria,Vivienda
delivery comida,Alimentacion
Recibo agua,Servicios
Cursos,Educación
Gorra,Ocio
Compra en farmacia,Salud
Leche,Alimentacion
Servicio Uber,Transporte
Pago gas,Servicios
Tanque gas,Servicios
Articulos de limpieza,Vivienda
NETFLIX,Ocio
Pintura interiores,Vivienda
Internet hogar,Servicios
Compra en supermercado,Alimentacion
Reparación de plomería,Vivienda
Material educativo,Educación
Camion,Transporte
Natacion,Ocio
Examen medico,Salud
Tacos restaurante,Alimentacion
Set de ducha,Ocio
Comida rapida,Alimentacion
Material educativo,Educación
Tarjeta movilidad,Transporte
cartera,Ocio
Estudio medico,Salud
TAXI,Transporte
Combustible,Transporte
Clases de matemáticas,Educación
Decoracion del hogar,Vivienda
Pasaje de autobus,Transporte
Pago escuela,Educación
Jeans,Ocio
Recarga Telcel,Servicios
consulta medica,Salud
Ferretería,Vivienda
curso en linea,Educación
Hospital,Salud
articulos de limpieza,Vivienda
Servicio mantenimiento,Servicios
Certificación profesional,Educación
WALMART,Alimentacion
Adornos para casa,Vivienda
doctor,Salud
Reparacion tuberia,Vivienda
Pago internet,Servicios
Compra útiles escolares,Educación
Visita guiada,Ocio
natacion,Ocio
taxi,Transporte
Tanque de gas,Servicios
Cena,Alimentacion
Analgésico,Salud
Combustible,Transporte
Factura de agua,Servicios
UberEats,Alimentacion
Productos de limpieza,Vivienda
Pago mensual renta,Vivienda
Viaje Didi,Transporte
Utiles escuela,Educación
Consulta médica,Salud
Zapatos,Ocio
Viaje en taxi,Transporte
Caseta,Transporte
muebles,Vivienda
Boleto de cine,Ocio
Servicio de cable,Servicios
Decoración casa,Vivienda
Certificacion,Educación
Lácteos,Alimentacion
Electrodomesticos,Vivienda
UNIVERSIDAD,Educación
Medicinas,Salud
Seminario académico,Educación
Pago Disney,Ocio
Tutor,Educación
Productos para hogar,Vivienda
Uber,Transporte
Lácteos,Alimentacion
WALMART,Alimentacion
Servicio de mantenimiento,Servicios
Pago gimnasio,Servicios
Servicio gas,Servicios
escuela,Educación
tren suburbano,Transporte
Huevos,Alimentacion
Compra muebles,Vivienda
Pasaje de autobus,Transporte
Streaming,Ocio
taxi,Transporte
Didi food,Alimentacion
pemex,Transporte
Laboratorio medico,Salud
Reparacion electrodomestico,Vivienda
Medicamentos,Salud
Pastilla,Salud
Didi Food,Alimentacion
UBER,Transporte
Servicios de reparación hogar,Vivienda
Pedido de comida,Alimentacion
Taxi de sitio,Transporte
Pago Telcel,Servicios
Pago de internet,Servicios
Transporte público,Transporte
Accesorios,Ocio
CAFÉ,Alimentacion
Diplomado profesional,Educación
Suscripcion Paramount,Ocio
Clases de ingles,Educación
Pago renta,Vivienda
Tren Suburbano,Transporte
Seguro vivienda,Vivienda
Utiles escuela,Educación
Decoracion del hogar,Vivienda
UBER,Transporte
Boleto concierto,Ocio
Despensa Walmart,Alimentacion
Pizza,Alimentacion
gasolina,Transporte
Viaje Didi,Transporte
Servicio mantenimiento,Servicios
plomeria,Vivienda
Herramientas,Vivienda
senderismo,Ocio
Accesorios,Ocio
Compra medicamento,Salud
Antibióticos,Salud
Internet hogar,Servicios
escuela,Educación
Compra libro escolar,Educación
Certificacion,Educación
Hamburguesa,Alimentacion
Estudios de laboratorio,Salud
transporte publico,Transporte
Libro,Ocio
Carnicería,Alimentacion
Tortillería,Alimentacion
Perfume,Ocio
medicina,Salud
Boliche,Ocio
Servicio limpieza,Servicios
Telefonia movil,Servicios
Evento,Ocio
Pago renta,Vivienda
Cine,Ocio
Tanque de gas,Servicios
Transporte público,Transporte
Reparacion casa,Vivienda
renta,Vivienda
Comida rápida,Alimentacion
Pago Disney,Ocio
Transporte urbano,Transporte
Tour por ciudad,Ocio
Pago luz,Servicios
vegetal,Alimentacion
Productos limpieza,Vivienda
Pasaje,Transporte
Cursos,Educación
Gasolina premium,Transporte
Odontologo,Salud
Taller de idiomas,Educación
Compra combustible,Transporte
Compra de tortillas,Alimentacion
Hobby,Ocio
DiDi,Transporte
Limpieza del hogar,Vivienda
suscripcion netflix,Ocio
Pago credito hipotecario,Vivienda
netflix,Ocio
Decoración del hogar,Vivienda
Delivery de comida,Alimentacion
Diplomado,Educación
Natación,Ocio
Examen médico,Salud
Plomería,Vivienda
Pago colegiatura,Educación
taxi sitio,Transporte
Calzado,Ocio
Huevos,Alimentacion
TAXI,Transporte
streaming,Ocio
Cafetería,Alimentacion
Parque diversiones,Ocio
Gym,Servicios
Compra farmacia,Salud
gasolina magna,Transporte
Cafeteria local,Alimentacion
Pedido de comida,Alimentacion
DIDI,Transporte
Muebles sala,Vivienda
Tanque gas,Servicios
Compra en mercado,Alimentacion
Alimentos,Alimentacion
Spa,Ocio
Natación,Ocio
gas lp,Servicios
Videojuegos,Ocio
Pago electricidad,Servicios
cafe,Alimentacion
Suscripcion Paramount,Ocio
Gas Natural,Servicios
Material didactico,Educación
Fibra óptica,Servicios
laboratorio,Salud
Universidad,Educación
Servicio Uber,Transporte
Servicio streaming,Servicios
Electrodomestico,Vivienda
Electrodoméstico,Vivienda
Reparacion hogar,Vivienda
Pago limpieza,Servicios
MEDICO,Salud
Galletas,Alimentacion
Masaje,Ocio
Carniceria,Alimentacion
Decoración casa,Vivienda
Gym,Servicios
Plan de internet,Servicios
Teatro,Ocio
Consulta médica,Salud
Cena en restaurante,Alimentacion
Ingles,Educación
recibo de luz,Servicios
Servicio telefonico,Servicios
Pago electricidad,Servicios
Reparación plomería,Vivienda
Pago gimnasio,Servicios
Compra electrodomestico,Vivienda
Pago seguro vivienda,Vivienda
fruta,Alimentacion
Gasolina Premium,Transporte
Kit de ducha,Ocio
transporte publico,Transporte
Autobús,Transporte
Decoracion del hogar,Vivienda
Compra limpieza hogar,Vivienda
Pago inscripcion,Educación
Metró,Transporte
Inscripcion universidad,Educación
transporte publico,Transporte
pastillas,Salud
Terapia fisica,Salud
Tutor,Educación
Pintura hogar,Vivienda
Viaje Didi,Transporte
Curso idiomas,Educación
Gasolina Magna,Transporte
Conferencia académica,Educación
Pintura casa,Vivienda
walmart,Alimentacion
joyeria,Ocio
Pago cable,Servicios
Utiles escuela,Educación
Material didáctico,Educación
Cine,Ocio
medico,Salud
Analgesico,Salud
Médico,Salud
Suscripción Disney,Ocio
walmart,Alimentacion
Útiles escuela,Educación
Gasolina Magna,Transporte
Boleto de autobús,Transporte
Boleto concierto,Ocio
TAXI,Transporte
Nutriólogo,Salud
Caseta,Transporte
Pago de celular,Servicios
Tortilleria,Alimentacion
Transporte por aplicación,Transporte
Certificación,Educación
escuela,Educación
Camión,Transporte
ferreteria,Vivienda
Boleto cine,Ocio
Pago de universidad,Educación
Recibo gas,Servicios
Cita médica,Salud
Antibiotico,Salud
Factura de agua,Servicios
Pago credito hipotecario,Vivienda
cfe,Servicios
Suscripcion Paramount,Ocio
Crédito hipotecario,Vivienda
Yogur,Alimentacion
ferreteria,Vivienda
Servicio de limpieza,Servicios
Recarga gas,Servicios
UBER,Transporte
Playera,Ocio
Utensilios de cocina,Vivienda
Material didactico,Educación
curso en linea,Educación
Clases de idiomas,Educación
Pago CFE,Servicios
Pago credito hipotecario,Vivienda
Examen de laboratorio,Salud
Carga gasolina,Transporte
Artículos limpieza,Vivienda
Clases de ingles,Educación
Mercado,Alimentacion
Calzado,Ocio
Adornos para casa,Vivienda
gorra,Ocio
supermercadoDESPENSA,Alimentacion
Receta medica,Salud
Reparación tubería,Vivienda
TELCEL,Servicios
Clases de matemáticas,Educación
Pago television por cable,Servicios
stream,Ocio
Clases de matematicas,Educación
Colegio,Educación
Estacionamiento vehiculo,Transporte
Curso online,Educación
Inscripción escuela,Educación
Mensualidad escuela,Educación
playera,Ocio
Pedido comida,Alimentacion
Tutorías,Educación
Festival música,Ocio
paramount,Ocio
UBER,Transporte
Compra muebles,Vivienda
Decoración casa,Vivienda
Boleto de cine,Ocio
Gas,Servicios
Mantenimiento hogar,Vivienda
Compra de muebles,Vivienda
Curso en línea,Educación
Mantenimiento casa,Vivienda
Seguro de gastos medicos,Salud
Pintura hogar,Vivienda
Tortillería,Alimentacion
perfume,Ocio
Pago luz,Servicios
Pago de universidad,Educación
cablebus,Transporte
Perfume,Ocio
Curso en linea,Educación
Reparación casa,Vivienda
Pintura hogar,Vivienda
Articulos limpieza,Vivienda
Hospital,Salud
Abarrotes,Alimentacion
Taxi,Transporte
Autobús,Transporte
Comic,Ocio
Comida rapida restaurante,Alimentacion
Taxi de Sitio,Transporte
Decoración casa,Vivienda
Pago Disney,Ocio
Laboratorio médico,Salud
spa,Ocio
Médico,Salud
despensa,Alimentacion
Pasatiempo,Ocio
Herramientas,Vivienda
Taxi Didi,Transporte
Alquiler,Vivienda
Compra comida,Alimentacion
Despensa mensual,Alimentacion
Mensualidad escolar,Educación
Curso en linea,Educación
Boleto cablebus,Transporte
Disney+,Ocio
Telcel,Servicios
Mensualidad universidad,Educación
Viaje transporte,Transporte
Gimnasio,Servicios
Rappi comida,Alimentacion
LIBRO,Ocio
Pago de universidad,Educación
Colegiatura,Educación
farmacia,Salud
Seguro de casa,Vivienda
Combustible,Transporte
Lentes de sol,Ocio
Carga gasolina,Transporte
Tacos restaurante,Alimentacion
Pago de television por cable,Servicios
Farmacia,Salud
Desayuno,Alimentacion
Cómic,Ocio
Sombrero,Ocio
Medicamentos,Salud
Herramientas hogar,Vivienda
Comida para llevar,Alimentacion
internet,Servicios
Delivery de comida,Alimentacion
Pago de hipoteca,Vivienda
Pastillas,Salud
Pedido de comida,Alimentacion
Telefonia movil,Servicios
Productos limpieza,Vivienda
Pago seguro medico,Salud
PERFUME,Ocio
certificacion,Educación
Recibo de agua,Servicios
Patinaje,Ocio
plomeria,Vivienda
Articulos de limpieza,Vivienda
Gasolinera PEMEX,Transporte
Agua embotellada,Alimentacion
Inscripción universidad,Educación
Conferencia académica,Educación
Comida rapida,Alimentacion
Reparacion electrodomestico,Vivienda
Pago seguro vivienda,Vivienda
Botanas,Alimentacion
Matcha latte,Alimentacion
taxi,Transporte
tren suburbano,Transporte
tren suburbano,Transporte
Seguro de vivienda,Vivienda
Medicamento farmacia,Salud
Cable,Servicios
Galletas,Alimentacion
Lentes de sol,Ocio
Plomería,Vivienda
servicio streaming,Servicios
galleta,Alimentacion
CAFÉ,Alimentacion
Compra de alimentos,Alimentacion
Odontólogo,Salud
Panaderia,Alimentacion
Telefonia celular,Servicios
Pago gas,Servicios
Pago agua,Servicios
Servicio gasolinera,Transporte
paramount,Ocio
Botanas,Alimentacion
Analgésico,Salud
Tanque de gasolina,Transporte
Odontólogo,Salud
Compra limpieza hogar,Vivienda
Congreso académico,Educación
Carga gas LP,Servicios
Inscripción escolar,Educación
Pasaje autobus,Transporte
Curso inglés,Educación
Taller idiomas,Educación
Artículos para hogar,Vivienda
transporte publico,Transporte
Pan,Alimentacion
Crédito hipotecario,Vivienda
Psicólogo,Salud
Taller de idiomas,Educación
Medicamento,Salud
Tarjeta Metro,Transporte
Recibo agua,Servicios
Entrada cine,Ocio
gasolina,Transporte
Artículos para hogar,Vivienda
Plan internet,Servicios
stream,Ocio
Despensa mensual,Alimentacion
Análisis Laboratorio,Salud
Metró,Transporte
Clases de matematicas,Educación
Farmacia similares,Salud
Certificacion profesional,Educación
plomeria,Vivienda
vegetal,Alimentacion
Cena en restaurante,Alimentacion
Pago gas,Servicios
supermercado,Alimentacion
Inscripción universidad,Educación
Fisioterapia,Salud
cartera,Ocio
Rappi comida,Alimentacion
GASOLINA,Transporte
Inscripcion escolar,Educación
Mueble para sala,Vivienda
Muebles,Vivienda
Gasolina premium,Transporte
Utensilios cocina,Vivienda
cfe,Servicios
Pan dulce,Alimentacion
Carga gasolina,Transporte
Suscripcion Paramount,Ocio
Pago electricidad,Servicios
Recibo de luz,Servicios
Seminario académico,Educación
MEDICO,Salud
Tour por ciudad,Ocio
Pago de Agua,Servicios
Abono hipoteca,Vivienda
FERRETERIA,Vivienda
Terapia física,Salud
Taller idiomas,Educación
Aretes,Ocio
hipoteca,Vivienda
tortilleria,Alimentacion
Mensualidad gimnasio,Servicios
Recarga Telcel,Servicios
Despensa mensual,Alimentacion
Pasaje urbano,Transporte
Análisis de laboratorio,Salud
delivery comida,Alimentacion
Servicio de plomería,Vivienda
certificacion,Educación
Pago de hipoteca,Vivienda
Compra en tianguis,Alimentacion
Receta medica,Salud
Reparación de plomería,Vivienda
Compra en farmacia,Salud
Gasolina premium,Transporte
ESCUELA,Educación
Cafeteria local,Alimentacion
Hamburguesa,Alimentacion
Visita turística,Ocio
Servicio streaming,Servicios
Matcha,Alimentacion
Pago de electricidad,Servicios
LABORATORIO,Salud
mantenimiento edificio,Vivienda
Pintura para casa,Vivienda
Pago de universidad,Educación
Nutriologo,Salud
Masaje,Ocio
Comision Federal de Electricidad,Servicios
Mantenimiento departamento,Vivienda
Servicios de reparación hogar,Vivienda
Libros escolares,Educación
Farmacia Similares,Salud
Análisis de laboratorio,Salud
suscripcion netflix,Ocio
Analgesico,Salud
Recibo gas,Servicios
Uber viaje,Transporte
Té y galletas,Alimentacion
Recibo agua,Servicios
Estacionamiento,Transporte
Servicio streaming,Servicios
Pulsera,Ocio
Pago credito hipotecario,Vivienda
Pago de escuela,Educación
Vitamina,Salud
Pago telefonía,Servicios
Parking,Transporte
Recarga tarjeta metro,Transporte
universidad,Educación
Odontólogo,Salud
Electricidad,Servicios
delivery comida,Alimentacion
Huevos,Alimentacion
DOCTOR,Salud
Taxi de sitio,Transporte
Frutas y verduras,Alimentacion
Clases de ingles,Educación
Reparacion hogar,Vivienda
Paramount Plus,Ocio
Abarrotes,Alimentacion
Tour ciudad,Ocio
Paseo turistico,Ocio
Mantenimiento servicio,Servicios
Obra de teatro,Ocio
Pago CFE,Servicios
Ingles,Educación
Mensualidad renta,Vivienda
Utiles escuela,Educación
Compra medicamento,Salud
DOCTOR,Salud
tren suburbano,Transporte
ciclismo,Ocio
Servicio de plomeria,Vivienda
Curso de internet,Educación
Compra de tortillas,Alimentacion
Abono hipoteca ,Vivienda
RECIBO CFE,Servicios
Pescado,Alimentacion
Parking,Transporte
Delivery de comida,Alimentacion
Curso ingles,Educación
GAS LP,Servicios
Congreso académico,Educación
Ingles,Educación
Ropa,Ocio
Mantenimiento edificio,Vivienda
Suscripcion Disney,Ocio
Alquiler,Vivienda
Té,Alimentacion
Articulos limpieza,Vivienda
Cena,Alimentacion
autobus,Transporte
supermercadoDESPENSA,Alimentacion
Didi,Transporte
Pago caseta,Transporte
Visita guiada,Ocio
pintura,Vivienda
Festival,Ocio
Material didactico,Educación
Visita turistica,Ocio
Decoracion casa,Vivienda
Taxi de sitio,Transporte
TAXI,Transporte
Examen laboratorio,Salud
Pago de colegiatura,Educación
Tour turístico,Ocio
Pastillas,Salud
Pago gimnasio,Servicios
Estacionamiento vehiculo,Transporte
Servicio agua,Servicios
MEDICINA,Salud
Baile,Ocio
Servicio telefónico,Servicios
Compra en farmacia,Salud
Despensa,Alimentacion
Té y galletas,Alimentacion
Antibiótico,Salud
FARMACIA,Salud
DIDI,Transporte
Abono hipoteca,Vivienda
gasolina premium,Transporte
Inscripcion universidad,Educación
Compra alimentos,Alimentacion
Tarjeta Metro,Transporte
Aretes,Ocio
Taxi,Transporte
Colegiatura,Educación
Fibra optica,Servicios
Transporte público,Transporte
Reparación casa,Vivienda
Articulos limpieza,Vivienda
Electrodoméstico,Vivienda
Recarga Telcel,Servicios
Parque de diversiones,Ocio
Utensilios cocina,Vivienda
Colonia,Ocio
ciclismo,Ocio
Utiles escuela,Educación
Terapia fisica,Salud
CFE pago,Servicios
Muebles para sala,Vivienda
Mantenimiento del edificio,Vivienda
Pago de celular,Servicios
Tren suburbano,Transporte
Almuerzo,Alimentacion
Huevos,Alimentacion
Peaje,Transporte
universidad,Educación
Recibo de servicio,Servicios
Certificacion,Educación
Comida rapida,Alimentacion
Cursos,Educación
Servicio cable,Servicios
Colegiatura,Educación
Parking,Transporte
Pescado,Alimentacion
Transporte público,Transporte
Compra de muebles,Vivienda
Pago cable,Servicios
Material de estudio,Educación
Examen laboratorio,Salud
Compra pintura,Vivienda
delivery comida,Alimentacion
Pago cable,Servicios
Seguro vivienda,Vivienda
Consulta con doctor,Salud
DOCTOR,Salud
Pago alquiler,Vivienda
Reparación electrodoméstico,Vivienda
RECIBO CFE,Servicios
Limpieza,Servicios
Servicios de reparación hogar,Vivienda
Uber viaje,Transporte
Curso en linea,Educación
Cuota autopista,Transporte
Servicio Didi,Transporte
gorra,Ocio
Pago television por cable,Servicios
Tour ciudad,Ocio
COLEGIATURA,Educación
Compra de comida,Alimentacion
Gasolina Magna,Transporte
Estacionamiento,Transporte
Cafeteria local,Alimentacion
Visita turistica,Ocio
Videojuegos,Ocio
Plan internet,Servicios
Mantenimiento edificio,Vivienda
PREMIUM,Transporte
Medicina,Salud
Lentes para sol,Ocio
Boleto de autobús,Transporte
Té y galletas,Alimentacion
Materiales escolares,Educación
Electrodomesticos,Vivienda
Tanque gas,Servicios
Consulta medica,Salud
disney,Ocio
Terapia física,Salud
Pago cable,Servicios
Restaurante,Alimentacion
Camiseta,Ocio
Inscripcion curso,Educación
Comida,Alimentacion
Comision Federal de Electricidad,Servicios
Receta médica,Salud
Decoración casa,Vivienda
Estudios de laboratorio,Salud
Plan de internet,Servicios
Tienda de abarrotes,Alimentacion
Pago television por cable,Servicios
gasolina magna,Transporte
Recarga Metro,Transporte
Pasaje autobus,Transporte
Uber viaje,Transporte
cafe,Alimentacion
Entrada evento,Ocio
Mensualidad escuela,Educación
internet,Servicios
Taller idiomas,Educación
Electrodomésticos,Vivienda
crema,Ocio
transporte publico,Transporte
Patinaje,Ocio
Combustible,Transporte
Estacionamiento vehiculo,Transporte
Mantenimiento casa,Vivienda
Pago CFE,Servicios
paramount,Ocio
Taller de idiomas,Educación
Pago de luz,Servicios
PEMEX,Transporte
Pantalón,Ocio
Pago celular,Servicios
Taller idiomas,Educación
Pago mensual renta,Vivienda
escuela,Educación
Utiles escolares,Educación
Transporte por aplicación,Transporte
CFE,Servicios
Adornos hogar,Vivienda
Clases de matematicas,Educación
Diplomado profesional,Educación
Útiles escuela,Educación
Utensilios de cocina,Vivienda
Pedido comida,Alimentacion
Pago internet,Servicios
Gasolina,Transporte
Tarjeta Metro,Transporte
Recarga Metro,Transporte
combustible,Transporte
Psicólogo,Salud
Farmacia,Salud
Carga gasolina,Transporte
Compra libro escolar,Educación
DIDI,Transporte
Masaje,Ocio
consulta medica,Salud
Articulos para hogar,Vivienda
ropa,Ocio
Seguro médico,Salud
fruta,Alimentacion
electricidad,Servicios
Médico,Salud
Comida,Alimentacion
disney,Ocio
Metró,Transporte
Compra en farmacia,Salud
Compra en mercado,Alimentacion
Servicio cable,Servicios
Pago gas,Servicios
Pago de television por cable,Servicios
pemex,Transporte
Juego,Ocio
Paseo turístico,Ocio
Suscripcion Paramount,Ocio
Muebles sala,Vivienda
Queso,Alimentacion
Recibo de agua,Servicios
Clases particulares,Educación
MEDICO,Salud
Tienda de abarrotes,Alimentacion
CFE pago,Servicios
Pollo,Alimentacion
TIANGUIS,Alimentacion
Uber viaje,Transporte
panaderia,Alimentacion
Netflix,Ocio
Conferencia académica,Educación
reloj,Ocio
Pago caseta,Transporte
Reparacion casa,Vivienda
Walmart,Alimentacion
autobus,Transporte
concierto,Ocio
Queso,Alimentacion
verdura,Alimentacion
gasolina,Transporte
Galletas,Alimentacion
TELCEL,Servicios
WALMART,Alimentacion
Analgesico,Salud
gas lp,Servicios
Antibióticos,Salud
Examen médico,Salud
Material escolar,Educación
Pago inscripción,Educación
Sombrero,Ocio
Boleto cine,Ocio
Recibo de luz,Servicios
Libro escolar,Educación
Suscripcion de streaming,Servicios
Mercado,Alimentacion
Inglés,Educación
COLEGIATURA,Educación
Mantenimiento casa,Vivienda
Medicina,Salud
Seguro de vivienda,Vivienda
Paseo turístico,Ocio
LIBRO,Ocio
Vitaminas,Salud
Telefonia celular,Servicios
Uber viaje,Transporte
Uber,Transporte
Urgencias medicas,Salud
Boleto autobus,Transporte
Compra en farmacia,Salud
Libros de texto,Educación
sacmex,Servicios
colegiatura,Educación
Medicamento,Salud
antibiotico,Salud
Limpieza casa,Servicios
CFE pago,Servicios
Seminario,Educación
Compra utiles escolares,Educación
vegetales,Alimentacion
Nutriologo,Salud
taxi,Transporte
Comic,Ocio
Gasolinera PEMEX,Transporte
taxi,Transporte
Comic,Ocio
Material escolar,Educación
Caseta,Transporte
LABORATORIO,Salud
TAXI,Transporte
Delivery de comida,Alimentacion
Pago gas natural,Servicios
Suscripcion Paramount,Ocio
Antibioticos,Salud
Pago agua,Servicios
Crema,Ocio
tren suburbano,Transporte
Médico,Salud
Pago SACMEX,Servicios
Teatro,Ocio
Reparación de plomería,Vivienda
NETFLIX,Ocio
Urgencias médicas,Salud
Adornos hogar,Vivienda
Inglés,Educación
Comision Federal de Electricidad,Servicios
Clase de baile,Ocio
Tanque de gas,Servicios
Pago de celular,Servicios
Material didactico,Educación
Recarga gas,Servicios
Crema,Ocio
Curso en línea,Educación
Comida para llevar,Alimentacion
Videojuegos,Ocio
walmart,Alimentacion
Examen certificación,Educación
Mantenimiento del edificio,Vivienda
Pedido comida,Alimentacion
Útiles escuela,Educación
Compra despensa,Alimentacion
Parking,Transporte
Cafeteria local,Alimentacion
DOCTOR,Salud
Joyería,Ocio
Pago colegiatura,Educación
Cita médica,Salud
Servicio de internet,Servicios
Internet,Servicios
Abono hipoteca ,Vivienda
Tren suburbano,Transporte
Pago gas,Servicios
Panaderia,Alimentacion
Material educativo,Educación
MAGNA,Transporte
Pago inscripción,Educación
CFE pago,Servicios
Patinaje,Ocio
walmart,Alimentacion
Netflix,Ocio
Autobus,Transporte
Cafe,Alimentacion
Accesorios de moda,Ocio
Transporte urbano,Transporte
Te,Alimentacion
Medicina,Salud
Pago cable,Servicios
Factura agua,Servicios
Pago cable,Servicios
Electrodomestico,Vivienda
Cuota mantenimiento,Vivienda
Natacion,Ocio
medicamento,Salud
Tortillería,Alimentacion
Comida restaurante,Alimentacion
Pista de hielo,Ocio
Gasolinera,Transporte
streaming,Ocio
Limpieza casa,Servicios
Antibioticos,Salud
Delivery de comida,Alimentacion
tren suburbano,Transporte
Servicio gas,Servicios
Examen certificacion,Educación
PREMIUM,Transporte
Pedido comida,Alimentacion
Gasolina Magna,Transporte
Abono hipoteca,Vivienda
Festival,Ocio
RESTAURANTE,Alimentacion
Fibra óptica,Servicios
GYM,Servicios
Camión,Transporte
Reparación hogar,Vivienda
Te,Alimentacion
Pago Disney,Ocio
Consulta con doctor,Salud
Utensilios de cocina,Vivienda
Internet,Servicios
Estudio medico,Salud
Te,Alimentacion
comida,Alimentacion
Seminario academico,Educación
GASOLINA,Transporte
Pago de universidad,Educación
Laboratorio médico,Salud
Gym,Servicios
Gas,Servicios
sacmex,Servicios
Estudio medico,Salud
SACMEX,Servicios
Gas natural,Servicios
Reparación de plomería,Vivienda
Laboratorio médico,Salud
pago cfe,Servicios
Escuela,Educación
Fibra óptica,Servicios
Examen certificación,Educación
Senderismo,Ocio
Renta,Vivienda
Compra supermercado,Alimentacion
taxi sitio,Transporte
Compra en tianguis,Alimentacion
laboratorio medico,Salud
farmacia similares,Salud
Taxi de Sitio,Transporte
Pago gas natural,Servicios
Recibo de gas,Servicios
Visita turística,Ocio
Limpieza casa,Servicios
Seguro vivienda,Vivienda
NETFLIX,Ocio
Té y galletas,Alimentacion
Televisión por cable,Servicios
Reparación plomería,Vivienda
Reparacion casa,Vivienda
Compra de muebles,Vivienda
Transporte urbano,Transporte
Compra medicamentos,Salud
Visita turística,Ocio
Lácteos,Alimentacion
Clases idiomas,Educación
Farmacia Similares,Salud
Productos de cuidado personal,Ocio
Curso online,Educación
limpieza,Servicios
Compra de comida,Alimentacion
Utiles escuela,Educación
Pago de servicio,Servicios
Medicamento,Salud
Suscripcion Netflix,Ocio
Recibo de agua,Servicios
Estudio médico,Salud
TAXI,Transporte
universidad,Educación
Credito hipotecario,Vivienda
HIPOTECA,Vivienda
Calzado,Ocio
Pan dulce,Alimentacion
Gasolinera,Transporte
Entrada museo,Ocio
RESTAURANTE,Alimentacion
medico,Salud
Medicamento,Salud
Escuela,Educación
Pasaje autobus,Transporte
Artículos de limpieza,Vivienda
Joyería,Ocio
Limpieza casa,Servicios
Lacteos,Alimentacion
Parque de diversiones,Ocio
Estudios de laboratorio,Salud
Seguro de gastos medicos,Salud
Curso de internet,Educación
Compra en supermercado,Alimentacion
Clases de inglés,Educación
Gasolina magna,Transporte
Viaje en taxi,Transporte
Seguro de gastos medicos,Salud
Clase particular,Educación
Servicio agua,Servicios
restaurante,Alimentacion
Congreso académico,Educación
Boleto de autobus,Transporte
supermercadoDESPENSA,Alimentacion
Boleto cine,Ocio
Examen certificación,Educación
Limpieza del hogar,Vivienda
ferreteria,Vivienda
Alquiler,Vivienda
Alquiler vivienda,Vivienda
pastillas,Salud
Pasaje de autobus,Transporte
Compra de muebles,Vivienda
Pago de Agua,Servicios
Café espresso,Alimentacion
Verduras,Alimentacion
Carga de gasolina,Transporte
Peaje,Transporte
Pago universidad,Educación
Compra útiles escolares,Educación
antibiotico,Salud
Farmacia Guadalajara,Salud
Mensualidad del gimnasio,Servicios
Material escolar,Educación
Pasaje,Transporte
Tortillería,Alimentacion
Antibiótico,Salud
Comida para llevar restaurante,Alimentacion
Boleto de autobus,Transporte
Renta mensual,Vivienda
Cafeteria,Alimentacion
Gorra,Ocio
Agua embotellada,Alimentacion
Inscripción escuela,Educación
Articulos limpieza,Vivienda
Artículos limpieza,Vivienda
Recarga gas,Servicios
Taxi de Sitio,Transporte
Consulta doctor,Salud
Té,Alimentacion
Set de ducha,Ocio
playera,Ocio
GASOLINA,Transporte
Lentes para sol,Ocio
Pago servicio,Servicios
Recibo de agua,Servicios
Boleto cine,Ocio
Hamburguesa,Alimentacion
Ingles,Educación
Despensa quincenal,Alimentacion
Paramount Plus,Ocio
Visita turistica,Ocio
Estudios de laboratorio,Salud
Artículos para hogar,Vivienda
Pago de gimnasio,Servicios
Cafeteria local,Alimentacion
Decoracion del hogar,Vivienda
Crema facial,Ocio
Consulta médica,Salud
Cafeteria local,Alimentacion
Medicamento farmacia,Salud
Parque diversiones,Ocio
Examen médico,Salud
Vitamina,Salud
PEMEX,Transporte
Gasolina,Transporte
Compra limpieza hogar,Vivienda
Servicio telefónico,Servicios
Mantenimiento servicio,Servicios
Pago mensualidad escolar,Educación
Curso en linea,Educación
Pago inscripcion,Educación
Vitamina,Salud
autobus,Transporte
Universidad,Educación
Colegio,Educación
Cómic,Ocio
Tren Suburbano,Transporte
Recarga Telcel,Servicios
Tortilleria,Alimentacion
Cuota autopista,Transporte
Inscripcion universidad,Educación
Paseo turistico,Ocio
Urgencias médicas,Salud
Electrodoméstico,Vivienda
Compra de comida,Alimentacion
Estudio medico,Salud
Pago crédito hipotecario,Vivienda
Analgésico,Salud
Servicio de plomeria,Vivienda
combustible,Transporte
Credito hipotecario,Vivienda
PREMIUM,Transporte
Reparacion plomeria,Vivienda
Taxi de Sitio,Transporte
colegiatura,Educación
Didi food,Alimentacion
Pulsera,Ocio
Té,Alimentacion
Curso de idiomas,Educación
metro,Transporte
Libro escolar,Educación
Suscripción Disney,Ocio
ESCUELA,Educación
Mensualidad escuela,Educación
Pago telefonia,Servicios
gorra,Ocio
Zapatos,Ocio
Mensualidad del gimnasio,Servicios
Seguro de gastos médicos,Salud
Servicio médico,Salud
Consulta doctor,Salud
Cablebus,Transporte
despensa,Alimentacion
Mensualidad renta,Vivienda
Viaje,Ocio
Curso en línea,Educación
muebles,Vivienda
panaderia,Alimentacion
Crédito hipotecario,Vivienda
Conferencia académica,Educación
Seguro medico,Salud
Cuota autopista,Transporte
Factura de agua,Servicios
Desayuno,Alimentacion
mantenimiento edificio,Vivienda
TAXI,Transporte
Clases de ingles,Educación
Articulos para hogar,Vivienda
Abono Hipoteca,Vivienda
Recarga gas,Servicios
Utiles escuela,Educación
Servicio Didi,Transporte
Entrada concierto,Ocio
Tenis,Ocio
Plan internet,Servicios
Visita turistica,Ocio
Diplomado profesional,Educación
Pago caseta,Transporte
Materiales escolares,Educación
Analgesico,Salud
FARMACIA,Salud
tortilleria,Alimentacion
consulta medica,Salud
recibo de luz,Servicios
Cafetería,Alimentacion
Antibiotico,Salud
Paramount+,Ocio
Tienda de ropa,Ocio
medicamento,Salud
Paramount+,Ocio
Combustible,Transporte
Reparacion tuberia,Vivienda
Pago Disney,Ocio
Farmacias Guadalajara,Salud
Curso idiomas,Educación
Plan de internet,Servicios
Karaoke,Ocio
Reparación plomería,Vivienda
Pago Telcel,Servicios
Analisis de laboratorio,Salud
Reparación tubería,Vivienda
Compra limpieza hogar,Vivienda
Adornos hogar,Vivienda
Verduras,Alimentacion
Compra medicamento,Salud
Libro,Ocio
CURSO,Educación
Streaming,Servicios
Plan internet,Servicios
Inscripción escolar,Educación
Agua potable,Servicios
Renta,Vivienda
Pago hipoteca,Vivienda
Compra medicamento,Salud
DiDi,Transporte
Análisis de laboratorio,Salud
Servicio celular,Servicios
comida rapida,Alimentacion
Inscripción curso,Educación
Tanque gasolina,Transporte
Servicio mantenimiento,Servicios
Tortillería,Alimentacion
combustible,Transporte
Material educativo,Educación
Reparacion tuberia,Vivienda
Recarga tarjeta metro,Transporte
Pintura interiores,Vivienda
Pago universidad,Educación
Receta medica,Salud
TELCEL,Servicios
Utensilios cocina,Vivienda
Mochila,Ocio
Inscripción escuela,Educación
Crema corporal,Ocio
Pago luz,Servicios
Compra en tianguis,Alimentacion
Ingles,Educación
Seminario académico,Educación
Herramientas hogar,Vivienda
UBER,Transporte
Pago colegiatura,Educación
Medicamentos,Salud
Paramount,Ocio
Tanque gas,Servicios
Tarjeta movilidad,Transporte
Servicio gasolinera,Transporte
Decoracion del hogar,Vivienda
Calzado,Ocio
Huevos,Alimentacion
Tour turístico,Ocio
Seguro de casa,Vivienda
cablebus,Transporte
Compra libros escolares,Educación
Suscripcion Netflix,Ocio
Terapia fisica,Salud
GASOLINA,Transporte
Libro escolar,Educación
Articulos limpieza,Vivienda
Suscripcion Netflix,Ocio
Compra despensa,Alimentacion
Servicio cable,Servicios
Productos para hogar,Vivienda
Curso online,Educación
Tortillas,Alimentacion
Pago cable,Servicios
Servicio de cable,Servicios
Escuela,Educación
Té y galletas,Alimentacion
Gas,Servicios
Taxi de Sitio,Transporte
Nutriologo,Salud
verdura,Alimentacion
Lacteos,Alimentacion
Pago CFE,Servicios
Compra de despensa,Alimentacion
Taxi,Transporte
medico,Salud
MEDICINA,Salud
Servicio spa,Ocio
Pago universidad,Educación
Libros escolares,Educación
Entrada teatro,Ocio
CFE,Servicios
Frutas,Alimentacion
Francés,Educación
curso,Educación
Abono hipoteca ,Vivienda
Pantalón,Ocio
Gas LP,Servicios
Perfume,Ocio
Streaming,Ocio
Paseo,Ocio
Pago mensual renta,Vivienda
Accesorios de moda,Ocio
Alquiler,Vivienda
Factura agua,Servicios
universidad,Educación
Streaming,Servicios
Electrodomestico,Vivienda
Tanque de gasolina,Transporte
Reparacion electrodomestico,Vivienda
recibo de luz,Servicios
Pan dulce,Alimentacion
Te,Alimentacion
Clases privadas,Educación
Cafe de cafeteria,Alimentacion
Examen de laboratorio,Salud
Mensualidad universidad,Educación
plomeria,Vivienda
Lentes,Ocio
Pago gas natural,Servicios
PEMEX,Transporte
suscripcion netflix,Ocio
Despensa,Alimentacion
Pago colegiatura,Educación
Novela,Ocio
Agua embotellada,Alimentacion
Restaurante,Alimentacion
colegiatura,Educación
Paseo turistico,Ocio
Compra en supermercado,Alimentacion
Hospitalizacion,Salud
UBER,Transporte
Cita médica,Salud
Viaje en taxi,Transporte
Rappi comida,Alimentacion
Utensilios cocina,Vivienda
panaderia,Alimentacion
Festival,Ocio
Certificacion,Educación
Fisioterapia,Salud
cafe,Alimentacion
Seminario academico,Educación
Inglés,Educación
Television por cable,Servicios
Caseta,Transporte
pago cfe,Servicios
transporte publico,Transporte
HIPOTECA,Vivienda
Dentista,Salud
Yogur,Alimentacion
Articulos de limpieza,Vivienda
Pago Netflix,Ocio
Clases idiomas,Educación
Medicamento,Salud
Estacionamiento vehículo,Transporte
Congreso academico,Educación
Clases particulares,Educación
hipoteca,Vivienda
Farmacias Guadalajara,Salud
Cartera,Ocio
Clases de inglés,Educación
Material de estudio,Educación
curso,Educación
SACMEX,Servicios
medicamento,Salud
universidad,Educación
Compra comida,Alimentacion
Utensilios cocina,Vivienda
Pulsera,Ocio
Pago alquiler,Vivienda
Curso de internet,Educación
Suscripción Paramount,Ocio
Clase particular,Educación
gas,Servicios
Mensualidad escuela,Educación
Clase particular,Educación
Mensualidad universidad,Educación
gas,Servicios
Tanque de gasolina,Transporte
Consulta doctor,Salud
Pintura para casa,Vivienda
Mantenimiento de caldera,Servicios
Pasaje tren,Transporte
Tenis,Ocio
Tacos,Alimentacion
gorra,Ocio
Pago crédito hipotecario,Vivienda
Cablebus CDMX,Transporte
Panaderia,Alimentacion
Telefonía celular,Servicios
Conferencia academica,Educación
Antibiotico,Salud
metro,Transporte
Pantalón,Ocio
Rappi comida,Alimentacion
Mantenimiento de caldera,Servicios
Productos de cuidado personal,Ocio
Servicio de internet,Servicios
Frances,Educación
Mantenimiento caldera,Servicios
Pago de hipoteca,Vivienda
Examen de laboratorio,Salud
Pantalon,Ocio
Servicio cable,Servicios
Antibiotico,Salud
Herramientas,Vivienda
CFE pago,Servicios
Streaming,Servicios
taxi,Transporte
dentista,Salud
Electrodoméstico,Vivienda
Pago de renta,Vivienda
Análisis Laboratorio,Salud
Transporte urbano,Transporte
Seminario academico,Educación
Compra libro escolar,Educación
Videojuegos,Ocio
Materiales escolares,Educación
Material didáctico,Educación
gorra,Ocio
Credito hipotecario,Vivienda
Yogur,Alimentacion
combustible,Transporte
Recibo gas,Servicios
Examen de laboratorio,Salud
Pago de universidad,Educación
Antibiótico,Salud
Estacionamiento vehiculo,Transporte
Boleto cine,Ocio
Delivery de comida,Alimentacion
Pago combustible,Transporte
Pasaje,Transporte
Plomeria,Vivienda
RENTA,Vivienda
Autobús,Transporte
Boleto de autobus,Transporte
Boleto cine,Ocio
Cómic,Ocio
taxi sitio,Transporte
Recibo CFE,Servicios
Frutas y verduras,Alimentacion
Curso de internet,Educación
Recarga Metro,Transporte
Tarjeta movilidad,Transporte
Servicio spa,Ocio
Reparación de plomería,Vivienda
Pantalón,Ocio
Examen medico,Salud
CFE,Servicios
Estacionamiento,Transporte
Muebles sala,Vivienda
Autopista,Transporte
Medico,Salud
Decoración casa,Vivienda
Cafeteria,Alimentacion
Medicina,Salud
Farmacia del Ahorro,Salud
Pago renta,Vivienda
uber,Transporte
Pasaje de autobus,Transporte
Utiles escolares,Educación
Materiales escolares,Educación
Productos para hogar,Vivienda
Pasaje,Transporte
Tanque gas,Servicios
Pago inscripcion,Educación
Consulta con doctor,Salud
Limpieza casa,Servicios
Pago cable,Servicios
TELCEL,Servicios
Comida rapida restaurante,Alimentacion
Compra de comida,Alimentacion
Material escolar,Educación
Materiales escolares,Educación
Antibiótico,Salud
Mensualidad universidad,Educación
CFE pago,Servicios
Inscripción escuela,Educación
Tren suburbano,Transporte
Recarga gas,Servicios
Crema,Ocio
Crema corporal,Ocio
Internet hogar,Servicios
Congreso académico,Educación
Clase de baile,Ocio
Despensa quincenal,Alimentacion
MAGNA,Transporte
Pintura interiores,Vivienda
RESTAURANTE,Alimentacion
Cafe,Alimentacion
Comida en restaurante,Alimentacion
Ferreteria,Vivienda
Cita medica,Salud
Pago de celular,Servicios
Festival,Ocio
Surf,Ocio
Servicios de reparación hogar,Vivienda
Decoración del hogar,Vivienda
Crema,Ocio
Visita turística,Ocio
Paseo,Ocio
Urgencias medicas,Salud
Antibióticos,Salud
Comisión Federal de Electricidad,Servicios
Cita doctor,Salud
Playera,Ocio
paramount,Ocio
Cablebus CDMX,Transporte
Baile,Ocio
Mensualidad escolar,Educación
Libro,Ocio
Receta medica,Salud
Clases de ingles,Educación
Pago seguro vivienda,Vivienda
Suscripcion netflix,Ocio
Te,Alimentacion
Pedido comida,Alimentacion
Autobus,Transporte
Patinaje,Ocio
Gas natural,Servicios
Boleto de autobús,Transporte
Didi food,Alimentacion
farmacia,Salud
Compra medicamento,Salud
Tour por ciudad,Ocio
Paseo,Ocio
Medicina,Salud
Joyeria,Ocio
TIANGUIS,Alimentacion
Visita turística,Ocio
galleta,Alimentacion
Parking,Transporte
Fotografia,Ocio
CAFÉ,Alimentacion
Curso de idiomas,Educación
walmart,Alimentacion
Tour turístico,Ocio
pago agua,Servicios
Examen médico,Salud
Alquiler,Vivienda
Servicio telefónico,Servicios
Pago seguro medico,Salud
DiDi,Transporte
Dentista,Salud
Consulta medica,Salud
Comida para llevar,Alimentacion
Útiles escolares,Educación
Urgencias médicas,Salud
Odontologo,Salud
Consulta medica,Salud
Libro de texto,Educación
Streaming,Ocio
Farmacia similares,Salud
Boleto teatro,Ocio
MEDICO,Salud
Analgesico,Salud
Joyeria,Ocio
Mercado,Alimentacion
Superercado,Alimentacion
Pago colegiatura,Educación
Abono Hipoteca,Vivienda
Fisioterapia,Salud
LIBRO,Ocio
Pago internet,Servicios
Pago de universidad,Educación
Recibo de gas,Servicios
Mueble para sala,Vivienda
Recibo de agua,Servicios
combustible,Transporte
Peaje,Transporte
stream,Ocio
RESTAURANTE,Alimentacion
Limpieza,Servicios
Pago inscripcion,Educación
Clases particulares,Educación
Viaje Didi,Transporte
Cable,Servicios
Gasolina magna,Transporte
Suscripción Disney,Ocio
Boleto autobus,Transporte
Limpieza casa,Servicios
laboratorio medico,Salud
Tienda de ropa,Ocio
Cafetería,Alimentacion
Recarga tarjeta transporte,Transporte
Mantenimiento caldera,Servicios
Jarabe,Salud
Hospitalización,Salud
surf,Ocio
Certificacion profesional,Educación
Alquiler vivienda,Vivienda
TAXI,Transporte
TAXI,Transporte
Obra de teatro,Ocio
Compra pintura,Vivienda
Reparación casa,Vivienda
Antibiotico,Salud
Médico,Salud
Reparacion de plomeria,Vivienda
Cartera,Ocio
Mantenimiento del edificio,Vivienda
Urgencias medicas,Salud
Curso online,Educación
Mantenimiento servicio,Servicios
Compra pintura,Vivienda
Pago inscripción,Educación
Renta,Vivienda
SACMEX,Servicios
Decoración casa,Vivienda
Mueble para sala,Vivienda
pastilla,Salud
Curso virtual,Educación
Tianguis,Alimentacion
laboratorio medico,Salud
Pintura hogar,Vivienda
Mensualidad universidad,Educación
Electrodomestico,Vivienda
pemex,Transporte
Abono hipoteca,Vivienda
Doctor,Salud
Tortillas,Alimentacion
Curso online,Educación
Pago de universidad,Educación
Útiles escolares,Educación
Cómic,Ocio
taxi,Transporte
Tacos,Alimentacion
Colegio,Educación
tortillas,Alimentacion
Pago cable,Servicios
GAS LP,Servicios
Pago combustible,Transporte
Camion,Transporte
Entrada evento,Ocio
Recarga tarjeta metro,Transporte
Clases de inglés,Educación
sacmex,Servicios
Tutor,Educación
Pago de escuela,Educación
Alimentos,Alimentacion
Café espresso,Alimentacion
Reparacion plomeria,Vivienda
Conferencia académica,Educación
Clase particular,Educación
Pastillas,Salud
Decoracion del hogar,Vivienda
Compra en mercado,Alimentacion
Reparación casa,Vivienda
Consola videojuego,Ocio
Artículos limpieza,Vivienda
Yogurt,Alimentacion
curso,Educación
Pago de hipoteca,Vivienda
HIPOTECA,Vivienda
playera,Ocio
Pago inscripción,Educación
Universidad,Educación
pago agua,Servicios
Servicio gas,Servicios
Material de estudio,Educación
Servicio mantenimiento,Servicios
Transporte publico,Transporte
ropa,Ocio
Articulos de limpieza,Vivienda
Plan de internet,Servicios
Mantenimiento caldera,Servicios
Artículos de limpieza,Vivienda
Inscripción escolar,Educación
Viaje transporte,Transporte
Decoracion del hogar,Vivienda
Pasaje tren,Transporte
Boleto concierto,Ocio
limpieza,Servicios
Material didactico,Educación
Uber Eats,Alimentacion
Artículos limpieza,Vivienda
Tianguis,Alimentacion
Cablebús,Transporte
Compra de despensa,Alimentacion
Psicologo,Salud
MEDICINA,Salud
Libros escolares,Educación
Congreso académico,Educación
Pago mensual renta,Vivienda
Latte,Alimentacion
Recibo de luz,Servicios
reloj,Ocio
tortillas,Alimentacion
gas,Servicios
Comic,Ocio
Viaje transporte,Transporte
Reparación tubería,Vivienda
Visita guiada,Ocio
Clases de matemáticas,Educación
crema,Ocio
Servicio de mantenimiento,Servicios
Curso de idiomas,Educación
Pasaje urbano,Transporte
Pasatiempo,Ocio
Bolso,Ocio
Cuota de mantenimiento,Vivienda
Laboratorio medico,Salud
Consulta con doctor,Salud
Reparación electrodoméstico,Vivienda
Reparacion plomeria,Vivienda
muebles,Vivienda
Inscripcion escuela,Educación
Medicamento farmacia,Salud
Ciclismo,Ocio
Dentista,Salud
Compra en farmacia,Salud
pemex,Transporte
Tianguis,Alimentacion
vegetal,Alimentacion
Seguro de vivienda,Vivienda
Bolsa,Ocio
Desayuno,Alimentacion
Pintura para casa,Vivienda
Pago renta,Vivienda
Cuota escolar,Educación
Compra limpieza hogar,Vivienda
Té,Alimentacion
Médico,Salud
Pago agua,Servicios
Pintura hogar,Vivienda
ciclismo,Ocio
Compra libro escolar,Educación
Inscripcion curso,Educación
Yogur,Alimentacion
Artículos de limpieza,Vivienda
Crédito hipotecario,Vivienda
Articulos para hogar,Vivienda
Antibiotico,Salud
Examen médico,Salud
Pan,Alimentacion
Uber eats,Alimentacion
TAXI,Transporte
Conferencia académica,Educación
ESCUELA,Educación
Jugo,Alimentacion
Compra muebles,Vivienda
Botanas,Alimentacion
Televisión por cable,Servicios
Pintura hogar,Vivienda
Visita turistica,Ocio
Farmacia Similares,Salud
Té,Alimentacion
Mantenimiento casa,Vivienda
Consulta dental,Salud
Pago de hipoteca,Vivienda
Pago servicio,Servicios
Estacionamiento,Transporte
Inscripcion escuela,Educación
Consulta médica,Salud
Tarjeta Metro,Transporte
Recibo de gas,Servicios
Curso de idiomas,Educación
Laboratorio medico,Salud
Electrodoméstico,Vivienda
Latte,Alimentacion
Pintura interiores,Vivienda
Metro,Transporte
Decoración casa,Vivienda
Servicio mantenimiento,Servicios
Receta medica,Salud
Cablebus CDMX,Transporte
Examen certificación,Educación
pago agua,Servicios
Medicinas,Salud
Cuota de mantenimiento,Vivienda
Colegio,Educación
Museo,Ocio
Crema facial,Ocio
Pago gas,Servicios
Boleto cine,Ocio
Autopista,Transporte
Inscripción curso,Educación
Pago combustible,Transporte
autobus,Transporte
Recarga tarjeta metro,Transporte
Clases de matematicas,Educación
Recarga de gas,Servicios
Urgencias médicas,Salud
Telefonía móvil,Servicios
Compra de comida,Alimentacion
natacion,Ocio
gasolina premium,Transporte
Hospital,Salud
Novela,Ocio
cafe,Alimentacion
Joyeria,Ocio
Cablebus,Transporte
Juegos,Ocio
Jarabe,Salud
Recarga gas,Servicios
Viaje Uber,Transporte
Material de estudio,Educación
Agua potable,Servicios
Suscripción Paramount,Ocio
Streaming,Servicios
Compra medicamentos,Salud
Inscripción curso,Educación
CFE pago,Servicios
Recibo de servicio,Servicios
Compra en supermercado,Alimentacion
Consulta dental,Salud
Artículos de limpieza,Vivienda
Peaje,Transporte
Fotografia,Ocio
Seguro medico,Salud
Té,Alimentacion
Telefonia celular,Servicios
Compra en tianguis,Alimentacion
Compra libro escolar,Educación
Mantenimiento servicio,Servicios
Consulta doctor,Salud
Tanque de gasolina,Transporte
Servicio gasolinera,Transporte
RENTA,Vivienda
Pago television por cable,Servicios
universidad,Educación
Autobus,Transporte
Pago de escuela,Educación
Clases de ingles,Educación
Pista de hielo,Ocio
Caseta,Transporte
Cita medica,Salud
Tienda de abarrotes,Alimentacion
uber,Transporte
Cuota autopista,Transporte
Pago de electricidad,Servicios
Libros de texto,Educación
Material de estudio,Educación
Hobby,Ocio
Obra de teatro,Ocio
Comida en restaurante,Alimentacion
Uber Eats,Alimentacion
Vestido,Ocio
Boleto concierto,Ocio
Gorra,Ocio
Útiles escolares,Educación
medico,Salud
Compra medicamentos,Salud
Pago de universidad,Educación
MEDICINA,Salud
Colegiatura,Educación
Delivery de comida,Alimentacion
pintura,Vivienda
Abarrotes,Alimentacion
restaurante,Alimentacion
Frutas y verduras,Alimentacion
Consulta dental,Salud
Pago television por cable,Servicios
Gasolina Premium,Transporte
Parque diversiones,Ocio
Consulta medica,Salud
Pintura para interiores,Vivienda
Herramientas,Vivienda
Laboratorio,Salud
Curso virtual,Educación
Televisión por cable,Servicios
Televisión por cable,Servicios
patinaje,Ocio
Tren suburbano,Transporte
Pago limpieza,Servicios
Servicio mantenimiento,Servicios
Consulta nutricional,Salud
Pago crédito hipotecario,Vivienda
dentista,Salud
Tanque gasolina,Transporte
Reparacion hogar,Vivienda
curso,Educación
Escuela,Educación
Internet,Servicios
Recarga tarjeta movilidad,Transporte
Análisis Laboratorio,Salud
Compra farmacia,Salud
Patinaje,Ocio
Cablebús,Transporte
Transporte urbano,Transporte
Productos limpieza,Vivienda
Mantenimiento casa,Vivienda
Servicio telefónico,Servicios
Frutas y verduras,Alimentacion
Caseta,Transporte
Abarrotes tienda,Alimentacion
Servicio streaming,Servicios
Mensualidad universidad,Educación
Gasolina Magna,Transporte
Seminario,Educación
Herramientas hogar,Vivienda
Compra en supermercado,Alimentacion
Clase particular,Educación
farmacia similares,Salud
Lentes de sol,Ocio
Tutorías,Educación
doctor,Salud
Pasaje urbano,Transporte
Pago limpieza,Servicios
Pintura hogar,Vivienda
Fibra óptica,Servicios
Mensualidad escolar,Educación
Pago Disney,Ocio
PEMEX,Transporte
Servicio gasolinera,Transporte
Panaderia,Alimentacion
Carga gas LP,Servicios
Entrada teatro,Ocio
joyeria,Ocio
TELCEL,Servicios
Curso virtual,Educación
Suscripcion netflix,Ocio
pantalon,Ocio
Compra en farmacia,Salud
verdura,Alimentacion
Mantenimiento servicio,Servicios
HIPOTECA,Vivienda
Electrodomésticos,Vivienda
Analgesico,Salud
Artículos limpieza,Vivienda
Abarrotes tienda,Alimentacion
Reparación hogar,Vivienda
Cablebus CDMX,Transporte
Entrada museo,Ocio
Conferencia academica,Educación
senderismo,Ocio
vegetales,Alimentacion
Evento,Ocio
GASOLINA,Transporte
Pasaje autobus,Transporte
Antibiotico,Salud
Reparacion plomeria,Vivienda
Pedido comida,Alimentacion
Reparación hogar,Vivienda
Clases de inglés,Educación
Frutas y verduras,Alimentacion
Suscripcion de streaming,Servicios
Servicio Didi,Transporte
Recarga Metro,Transporte
Pago telefonia,Servicios
despensa,Alimentacion
Taller idiomas,Educación
pago agua,Servicios
WALMART,Alimentacion
Cafetería,Alimentacion
Seguro médico,Salud
Comida rapida,Alimentacion
Pago gas,Servicios
Reparación casa,Vivienda
Set de ducha,Ocio
Material de estudio,Educación
Tren Suburbano,Transporte
Seminario académico,Educación
Seminario academico,Educación
Medicina,Salud
Tutorias,Educación
Sombrero,Ocio
Muebles sala,Vivienda
Pago de universidad,Educación
Supermercado,Alimentacion
Psicologo,Salud
Servicio de internet,Servicios
Inscripción escuela,Educación
Farmacia,Salud
Boleto cablebus,Transporte
pastillas,Salud
Streaming,Servicios
Utiles escolares,Educación
Reparación electrodoméstico,Vivienda
Vestido,Ocio
tortilleria,Alimentacion
Compra supermercado,Alimentacion
Suscripcion de streaming,Servicios
Suscripcion Netflix,Ocio
Hobby,Ocio
Tutor,Educación
Compra pintura,Vivienda
Boleto concierto,Ocio
Diplomado,Educación
Compra medicamentos,Salud
Servicio caldera,Servicios
Examen laboratorio,Salud
Pago gas,Servicios
Kit de ducha,Ocio
cafe,Alimentacion
Laboratorio médico,Salud
Autopista,Transporte
Cafetería local,Alimentacion
Doctor,Salud
Compra en tianguis,Alimentacion
Telefonia celular,Servicios
Verduras,Alimentacion
Inscripcion escolar,Educación
pago cfe,Servicios
Mensualidad escolar,Educación
Walmart,Alimentacion
Farmacia,Salud
SACMEX,Servicios
autobus,Transporte
combustible,Transporte
Recarga tarjeta movilidad,Transporte
Recibo CFE,Servicios
Mantenimiento departamento,Vivienda
Compra utiles escolares,Educación
Adornos para casa,Vivienda
Pemex,Transporte
Inglés,Educación
Carga gasolina,Transporte
gas natural,Servicios
Consulta médica,Salud
Material didactico,Educación
Frutas y verduras,Alimentacion
Patinaje,Ocio
Taxi,Transporte
Paseo turístico,Ocio
paramount,Ocio
Recarga Metro,Transporte
Conferencia académica,Educación
Delivery de comida,Alimentacion
cafe,Alimentacion
Mensualidad del gimnasio,Servicios
Certificación profesional,Educación
gasolina premium,Transporte
Carga gas LP,Servicios
TAXI,Transporte
Mantenimiento casa,Vivienda
Analgesico,Salud
Cafetería local,Alimentacion
Viaje Didi,Transporte
Comida para llevar,Alimentacion
tortillas,Alimentacion
Paseo,Ocio
Pago escuela,Educación
Entrada cine,Ocio
Didi Food,Alimentacion
Compra electrodomestico,Vivienda
Festival musica,Ocio
Pago de servicio,Servicios
Taxi sitio,Transporte
Examen certificacion,Educación
mantenimiento edificio,Vivienda
Panaderia,Alimentacion
dentista,Salud
Servicio limpieza,Servicios
Pago inscripcion,Educación
muebles,Vivienda
Carniceria,Alimentacion
Compra limpieza hogar,Vivienda
Seguro de gastos médicos,Salud
Servicio limpieza hogar,Servicios
Seguro casa,Vivienda
Herramientas hogar,Vivienda
Psicologo,Salud
Clases de ingles,Educación
Reparación plomería,Vivienda
Pago de colegiatura,Educación
tianguis,Alimentacion
Compra muebles,Vivienda
Clases idiomas,Educación
Estudio médico,Salud
Pago credito hipotecario,Vivienda
Frutas y verduras,Alimentacion
tortilleria,Alimentacion
DiDi,Transporte
Servicios de reparacion hogar,Vivienda
Camión,Transporte
Certificacion,Educación
Pintura,Vivienda
Factura de agua,Servicios
walmart,Alimentacion
Disney Plus,Ocio
Compra medicamentos,Salud
Pago de celular,Servicios
libro,Ocio
Transporte público,Transporte
Hospitalizacion,Salud
Clase particular,Educación
Netflix,Ocio
Estacionamiento,Transporte
Diplomado,Educación
Transporte por aplicación,Transporte
Pago SACMEX,Servicios
Pago CFE,Servicios
Curso de internet,Educación
Urgencias medicas,Salud
Hospitalización,Salud
Estudio médico,Salud
Doctor,Salud
Viaje Didi,Transporte
Comida para llevar,Alimentacion
Compra medicamentos,Salud
gas natural,Servicios
Pasaje tren,Transporte
Inscripcion curso,Educación
Pago de gimnasio,Servicios
Teatro,Ocio
Pago de renta,Vivienda
Pasatiempo,Ocio
crema,Ocio
Servicio mantenimiento,Servicios
Consulta con doctor,Salud
Electrodomesticos,Vivienda
RENTA,Vivienda
examen medico,Salud
pintura,Vivienda
Material ferreteria,Vivienda
Inscripcion escuela,Educación
Tienda de abarrotes,Alimentacion
Recibo CFE,Servicios
Spa,Ocio
Servicio celular,Servicios
Recarga Telcel,Servicios
Mensualidad gimnasio,Servicios
Autopista,Transporte
Disney,Ocio
PEMEX,Transporte
Cuota mantenimiento,Vivienda
Reparacion de plomeria,Vivienda
Escuela,Educación
Psicólogo,Salud
Cafeteria,Alimentacion
Pintura para interiores,Vivienda
Pago Paramount,Ocio
Compra farmacia,Salud
Reparacion hogar,Vivienda
Tutor,Educación
Baile,Ocio
Ferretería,Vivienda
Agua potable,Servicios
Reparacion plomeria,Vivienda
Reparacion hogar,Vivienda
autobus,Transporte
Muebles sala,Vivienda
Libros de texto,Educación
Estacionamiento vehículo,Transporte
Surf,Ocio
Supermercado,Alimentacion
Material didactico,Educación
Inscripción universidad,Educación
Suscripcion Netflix,Ocio
Boleto teatro,Ocio
Médico,Salud
Didi Food,Alimentacion
RECIBO CFE,Servicios
Despensa mensual,Alimentacion
Mensualidad universidad,Educación
Curso en linea,Educación
Telcel,Servicios
mantenimiento edificio,Vivienda
Material educativo,Educación
Comida rápida,Alimentacion
Disney plus,Ocio
Terapia física,Salud
Pago seguro vivienda,Vivienda
reloj,Ocio
Estacionamiento vehículo,Transporte
patinaje,Ocio
Seguro medico,Salud
MEDICINA,Salud
Seminario academico,Educación
Viaje en taxi,Transporte
UBER,Transporte
surf,Ocio
Gas Natural,Servicios
Utensilios de cocina,Vivienda
Reparacion casa,Vivienda
Articulos limpieza,Vivienda
Compra de muebles,Vivienda
Inscripcion curso,Educación
Pantalon,Ocio
Antibiótico,Salud
Examen medico,Salud
Vitamina,Salud
DIDI,Transporte
Hamburguesa,Alimentacion
Boleto cablebus,Transporte
Plan de internet,Servicios
mantenimiento edificio,Vivienda
curso en linea,Educación
consulta medica,Salud
Camiseta,Ocio
Cita medica,Salud
Terapia física,Salud
Electrodomestico,Vivienda
Pago inscripción,Educación
Decoracion del hogar,Vivienda
Electrodoméstico,Vivienda
Reparacion hogar,Vivienda
Jeans,Ocio
Perfume,Ocio
Artículos limpieza,Vivienda
supermercadoDESPENSA,Alimentacion
Boletos cine,Ocio
Cartera,Ocio
Tacos,Alimentacion
Libros de texto,Educación
Servicio Uber,Transporte
Articulos para hogar,Vivienda
Artículos limpieza,Vivienda
Servicios de reparacion hogar,Vivienda
Pago de hipoteca,Vivienda
Doctor,Salud
Pago alquiler,Vivienda
Netflix,Ocio
Plan de internet,Servicios
cfe,Servicios
Compra despensa,Alimentacion
Crema facial,Ocio
Clases privadas,Educación
Antibioticos,Salud
Clases privadas,Educación
Seguro casa,Vivienda
curso,Educación
Taxi de Sitio,Transporte
Mochila,Ocio
Tienda de ropa,Ocio
Tren suburbano,Transporte
Comida rápida,Alimentacion
Camion,Transporte
Cafe de cafeteria,Alimentacion
sacmex,Servicios
Compra muebles,Vivienda
Tienda de abarrotes,Alimentacion
Spa,Ocio
Libro escolar,Educación
Cena,Alimentacion
recibo CFE,Servicios
Servicio limpieza,Servicios
Pago alquiler,Vivienda
Natacion,Ocio
Electrodomesticos,Vivienda
Entrada evento,Ocio
Cablebus CDMX,Transporte
Reparación hogar,Vivienda
Factura agua,Servicios
Frutas y verduras,Alimentacion
Alquiler,Vivienda
Pago de celular,Servicios
Muebles,Vivienda
Tanque de gasolina,Transporte
Fragancia,Ocio
Pago celular mensual,Servicios
combustible,Transporte
TELCEL,Servicios
Set de ducha,Ocio
Novela,Ocio
Alquiler,Vivienda
Decoracion hogar,Vivienda
Zapatos,Ocio
transporte publico,Transporte
SACMEX,Servicios
Inscripcion universidad,Educación
Compra de comida,Alimentacion
Libro escolar,Educación
Metró,Transporte
Servicio streaming,Servicios
GYM,Servicios
taxi sitio,Transporte
Pintura para casa,Vivienda
gorra,Ocio
cine,Ocio
Curso inglés,Educación
Urgencias medicas,Salud
Tren Suburbano,Transporte
Medicamento farmacia,Salud
GAS LP,Servicios
paramount,Ocio
Café espresso,Alimentacion
Hobby,Ocio
Autobús,Transporte
Libro,Ocio
Herramientas hogar,Vivienda
Pago de electricidad,Servicios
Decoración hogar,Vivienda
Boletos cine,Ocio
Productos limpieza,Vivienda
Desayuno,Alimentacion
Huevos,Alimentacion
PERFUME,Ocio
Pasaje de autobus,Transporte
Conferencia academica,Educación
Mensualidad universidad,Educación
Mensualidad gimnasio,Servicios
Servicio telefónico,Servicios
Cuota escolar,Educación
Camion,Transporte
Gasolina magna,Transporte
Fotografia,Ocio
Carnicería,Alimentacion
Boleto de cine,Ocio
ESCUELA,Educación
Cartera,Ocio
Uber viaje,Transporte
Cita doctor,Salud
Servicio agua,Servicios
Cocina,Vivienda
Servicio streaming,Servicios
Alquiler vivienda,Vivienda
Suscripcion netflix,Ocio
Adornos para casa,Vivienda
Pago gas,Servicios
COLEGIATURA,Educación
Senderismo,Ocio
Inscripción curso,Educación
FERRETERIA,Vivienda
Juegos,Ocio
Limpieza,Servicios
Recibo CFE,Servicios
Seguro vivienda,Vivienda
Suscripcion Paramount,Ocio
Inscripcion escolar,Educación
Streaming,Servicios
Curso de internet,Educación
Recarga tarjeta movilidad,Transporte
Mueble para sala,Vivienda
Internet hogar,Servicios
Seguro médico,Salud
gasolina,Transporte
Superercado,Alimentacion
CURSO,Educación
Taxi de sitio,Transporte
Seguro casa,Vivienda
farmacia,Salud
Comida para llevar,Alimentacion
Ropa,Ocio
Pastillas,Salud
Servicio medico,Salud
plomeria,Vivienda
Congreso academico,Educación
Pago de hipoteca,Vivienda
ferreteria,Vivienda
Compra ropa,Ocio
Compra de tortillas,Alimentacion
Pintura interiores,Vivienda
Yogur,Alimentacion
Fotografía,Ocio
Consulta dental,Salud
Cita doctor,Salud
Material ferreteria,Vivienda
Analisis de laboratorio,Salud
Tacos,Alimentacion
Seguro medico,Salud
GASOLINA,Transporte
internet,Servicios
Cita médica,Salud
internet,Servicios
Alquiler vivienda,Vivienda
Gasolina premium,Transporte
Festival,Ocio
tianguis,Alimentacion
Artículos limpieza,Vivienda
Pintura interiores,Vivienda
Mantenimiento caldera,Servicios
Medicina,Salud
Despensa mensual,Alimentacion
certificacion,Educación
Material didactico,Educación
Servicio limpieza,Servicios
Tutorías,Educación
Muebles,Vivienda
Mantenimiento departamento,Vivienda
Certificación,Educación
Psicologo,Salud
MAGNA,Transporte
Pago mensualidad escolar,Educación
concierto,Ocio
Recibo CFE,Servicios
Pasaje,Transporte
combustible,Transporte
Análisis de laboratorio,Salud
gasolina,Transporte
Útiles escolares,Educación
Clases de inglés,Educación
Odontologo,Salud
Compra libros escolares,Educación
laboratorio,Salud
Queso,Alimentacion
cafe,Alimentacion
Disney,Ocio
plomeria,Vivienda
Reparacion hogar,Vivienda
Cine,Ocio
Parking,Transporte
Cafeteria local,Alimentacion
Boleto de cine,Ocio
Compra pintura,Vivienda
Gasolina magna,Transporte
restaurante,Alimentacion
articulos de limpieza,Vivienda
Museo,Ocio
Consulta nutricional,Salud
Servicio médico,Salud
Certificación profesional,Educación
pastilla,Salud
Restaurante,Alimentacion
Antibiótico,Salud
Curso en linea,Educación
Medicinas,Salud
Lácteos,Alimentacion
Gas,Servicios
Crema facial,Ocio
Medicinas,Salud
Yogur,Alimentacion
Crema facial,Ocio
UBER,Transporte
cartera,Ocio
Té,Alimentacion
Compra ferreteria,Vivienda
Te y galletas,Alimentacion
Abarrotes tienda,Alimentacion
Analgesico,Salud
Boleto tren,Transporte
Mantenimiento del edificio,Vivienda
Suscripcion netflix,Ocio
Comic,Ocio
Reparacion casa,Vivienda
pastilla,Salud
Servicio de plomería,Vivienda
Juegos,Ocio
Compra libros escolares,Educación
gorra,Ocio
certificacion,Educación
Materiales escolares,Educación
vegetales,Alimentacion
Mensualidad universidad,Educación
Pollo,Alimentacion
Reparacion plomeria,Vivienda
Recibo de agua,Servicios
Seguro de gastos médicos,Salud
Cuota mantenimiento,Vivienda
Restaurante,Alimentacion
Disney plus,Ocio
electricidad,Servicios
Reparación de plomería,Vivienda
Uber,Transporte
Pago gas,Servicios
Mensualidad gimnasio,Servicios
Compra de despensa,Alimentacion
Telefonia celular,Servicios
escuela,Educación
Limpieza del hogar,Vivienda
Limpieza casa,Servicios
Abarrotes,Alimentacion
Mercado,Alimentacion
Decoracion del hogar,Vivienda
Compra pintura,Vivienda
Clases privadas,Educación
Pista de hielo,Ocio
Curso en línea,Educación
Disney+,Ocio
Cuota escolar,Educación
Telefonía móvil,Servicios
Combustible,Transporte
Desayuno,Alimentacion
Antibiotico,Salud
Pastilla,Salud
Estudio medico,Salud
Laboratorio,Salud
Uber,Transporte
Cablebús,Transporte
analisis laboratorio,Salud
camiseta,Ocio
Senderismo,Ocio
Pago hipoteca,Vivienda
Libros de texto,Educación
Boleto parque,Ocio
taxi sitio,Transporte
ciclismo,Ocio
tianguis,Alimentacion
Gas natural,Servicios
Compra muebles,Vivienda
Boleto de autobús,Transporte
Curso virtual,Educación
Visita turistica,Ocio
colegiatura,Educación
Utensilios de cocina,Vivienda
Visita turistica,Ocio
Boleto cablebus,Transporte
Pasaje urbano,Transporte
Panadería,Alimentacion
Panaderia,Alimentacion
Comida restaurante,Alimentacion
Suscripcion Netflix,Ocio
Recibo servicio,Servicios
Lacteos,Alimentacion
Pollo,Alimentacion
Recarga gas,Servicios
Almuerzo,Alimentacion
Fragancia,Ocio
tianguis,Alimentacion
Pasaje,Transporte
libro,Ocio
Pago cable,Servicios
Pasaje autobus,Transporte
Compra en farmacia,Salud
Pago escuela,Educación
Reparacion caldera,Servicios
Diplomado profesional,Educación
Tienda de ropa,Ocio
Zapatos,Ocio
Tortillas,Alimentacion
Aretes,Ocio
Compra ropa,Ocio
Pago limpieza,Servicios
Aretes,Ocio
Clases idiomas,Educación
Gasolina,Transporte
Articulos limpieza,Vivienda
Natacion,Ocio
Receta medica,Salud
Cita médica,Salud
Fibra optica,Servicios
Reparación casa,Vivienda
Almuerzo,Alimentacion
Peaje,Transporte
LABORATORIO,Salud
Material de estudio,Educación
Ferreteria,Vivienda
Mantenimiento servicio,Servicios
Crema corporal,Ocio
RENTA,Vivienda
escuela,Educación
sacmex,Servicios
electricidad,Servicios
Consola videojuego,Ocio
Seguro vivienda,Vivienda
plomeria,Vivienda
Servicio telefónico,Servicios
Botanas,Alimentacion
Pago de luz,Servicios
Mantenimiento departamento,Vivienda
Materiales escolares,Educación
Despensa mensual,Alimentacion
Reparacion casa,Vivienda
Gasolina,Transporte
Crema facial,Ocio
surf,Ocio
Recarga de gas,Servicios
Servicio de limpieza,Servicios
Analisis de laboratorio,Salud
GASOLINA,Transporte
MEDICO,Salud
cine,Ocio
Compra utiles escolares,Educación
Boleto de autobús,Transporte
Servicio gasolinera,Transporte
supermercadoDESPENSA,Alimentacion
Estudio médico,Salud
Huevos,Alimentacion
dentista,Salud
netflix,Ocio
Gasolinera,Transporte
Metro,Transporte
Yogurt,Alimentacion
Gasolina,Transporte
Didi,Transporte
comida,Alimentacion
UBER,Transporte
Uber Eats,Alimentacion
Pago de universidad,Educación
Telefonia movil,Servicios
Pago renta,Vivienda
Boleto de cine,Ocio
Electrodoméstico,Vivienda
Frutas,Alimentacion
Servicio limpieza hogar,Servicios
combustible,Transporte
Pasaje tren,Transporte
Cafe de cafeteria,Alimentacion
crema,Ocio
Inscripción escuela,Educación
RECIBO CFE,Servicios
Pago servicio,Servicios
Pasaje tren,Transporte
Restaurante,Alimentacion
Ferretería,Vivienda
Pago colegiatura,Educación
combustible,Transporte
Servicio gas,Servicios
Limpieza casa,Servicios
Telefonía celular,Servicios
Materiales escolares,Educación
Hipoteca,Vivienda
Despensa,Alimentacion
muebles,Vivienda
Parking,Transporte
Pollo,Alimentacion
Servicio internet,Servicios
universidad,Educación
Recarga Telcel,Servicios
Cable,Servicios
Mantenimiento del edificio,Vivienda
Suscripción Paramount,Ocio
Accesorios,Ocio
TIANGUIS,Alimentacion
Autobús,Transporte
Herramientas,Vivienda
antibiotico,Salud
Pago Telcel,Servicios
Parking,Transporte
Rappi comida,Alimentacion
Inscripcion escolar,Educación
Carne,Alimentacion
GASOLINA,Transporte
Didi food,Alimentacion
Recarga Telcel,Servicios
Carga Gas LP,Servicios
CFE,Servicios
Delivery de comida,Alimentacion
Electrodomesticos,Vivienda
dentista,Salud
Despensa,Alimentacion
Clases de idiomas,Educación
Decoracion hogar,Vivienda
panaderia,Alimentacion
Telefonia movil,Servicios
Peaje,Transporte
Cena en restaurante,Alimentacion
Dentista,Salud
Compra ferreteria,Vivienda
Caseta,Transporte
Sombrero,Ocio
Diplomado profesional,Educación
Compra electrodoméstico,Vivienda
Inscripcion escolar,Educación
alimentos,Alimentacion
Pago celular,Servicios
Natacion,Ocio
Pintura para interiores,Vivienda
Muebles para sala,Vivienda
Recarga tarjeta movilidad,Transporte
Inscripcion curso,Educación
gasolina,Transporte
MEDICO,Salud
Muebles,Vivienda
Mantenimiento edificio,Vivienda
LABORATORIO,Salud
Compra videojuego,Ocio
Autobús,Transporte
Didi,Transporte
Recibo de servicio,Servicios
Servicio de mantenimiento,Servicios
Clases privadas,Educación
Bolsa,Ocio
Cita medica,Salud
Perfume,Ocio
Clases de inglés,Educación
Compra utiles escolares,Educación
Examen laboratorio,Salud
Medico,Salud
combustible,Transporte
Jeans,Ocio
Clases de matematicas,Educación
Pintura,Vivienda
Medicamento farmacia,Salud
Laboratorio,Salud
Muebles para sala,Vivienda
Pedido comida,Alimentacion
Farmacia Guadalajara,Salud
Tutorias,Educación
doctor,Salud
Viaje,Ocio
Set de ducha,Ocio
Medicamento,Salud
Taller idiomas,Educación
Pasaje autobus,Transporte
Inscripción curso,Educación
pastillas,Salud
Servicio medico,Salud
tren suburbano,Transporte
Alquiler,Vivienda
Estacionamiento,Transporte
farmacia,Salud
Seguro vivienda,Vivienda
Alimentos,Alimentacion
Factura de agua,Servicios
Pintura,Vivienda
Abono hipoteca,Vivienda
Farmacia similares,Salud
Mensualidad gimnasio,Servicios
Gas LP,Servicios
Combustible,Transporte
Pantalon,Ocio
Gasolina magna,Transporte
Tortillas,Alimentacion
Compra ropa,Ocio
Colonia,Ocio
Inscripción escolar,Educación
netflix,Ocio
Autobus,Transporte
Pago agua,Servicios
Patinaje,Ocio
Refrescos,Alimentacion
Examen médico,Salud
Despensa Walmart,Alimentacion
Consulta especialista,Salud
Pago credito hipotecario,Vivienda
Reparación caldera,Servicios
Paseo,Ocio
Pintura hogar,Vivienda
Joyeria,Ocio
Utensilios cocina,Vivienda
reloj,Ocio
Analisis Laboratorio,Salud
Pintura hogar,Vivienda
cafe,Alimentacion
Transporte público,Transporte
Ingles,Educación
Comida en restaurante,Alimentacion
Tacos restaurante,Alimentacion
muebles,Vivienda
Servicio de agua,Servicios
Gas,Servicios
Consulta doctor,Salud
tortillas,Alimentacion
Utensilios de cocina,Vivienda
Cafetería local,Alimentacion
Materiales escolares,Educación
Mochila,Ocio
Mensualidad hipoteca,Vivienda
Camion,Transporte
Analgesico,Salud
Tanque gasolina,Transporte
Pago celular mensual,Servicios
Reloj,Ocio
Pago de television por cable,Servicios
Vitaminas,Salud
Gas LP,Servicios
Dentista,Salud
Suscripción de streaming,Servicios
Muebles sala,Vivienda
Curso en linea,Educación
Utiles escuela,Educación
Cursos,Educación
Teatro,Ocio
Mantenimiento de caldera,Servicios
Concierto,Ocio
Cita médica,Salud
Comida para llevar restaurante,Alimentacion
Pago hipoteca,Vivienda
Pan,Alimentacion
Mantenimiento hogar,Vivienda
Tacos restaurante,Alimentacion
uber,Transporte
Curso ingles,Educación
Telcel,Servicios
Gas LP,Servicios
Crema corporal,Ocio
CURSO,Educación
Certificacion,Educación
Universidad,Educación
Escuela,Educación
Compra medicamentos,Salud
Mensualidad del gimnasio,Servicios
Taller idiomas,Educación
Compra alimentos,Alimentacion
Tanque gasolina,Transporte
Karaoke,Ocio
Clases privadas,Educación
Té y galletas,Alimentacion
Tanque de gas,Servicios
taxi,Transporte
Compra farmacia,Salud
Electrodomésticos,Vivienda
Pago celular,Servicios
concierto,Ocio
Electricidad,Servicios
Mensualidad escolar,Educación
Renta mensual,Vivienda
Examen medico,Salud
spa,Ocio
Conferencia académica,Educación
Comisión Federal de Electricidad,Servicios
Cuota autopista,Transporte
Botanas,Alimentacion
Reparacion electrodomestico,Vivienda
Carga de gasolina,Transporte
Pago mensual renta,Vivienda
Electricidad,Servicios
Boliche,Ocio
Cita doctor,Salud
Pago crédito hipotecario,Vivienda
uber,Transporte
Consulta medica,Salud
Pintura para interiores,Vivienda
Pago de escuela,Educación
Pago renta,Vivienda
despensa,Alimentacion
medico,Salud
Universidad,Educación
senderismo,Ocio
Abono Hipoteca,Vivienda
Reparación casa,Vivienda
tortilleria,Alimentacion
Internet hogar,Servicios
Electricidad,Servicios
Laboratorio médico,Salud
Colegiatura,Educación
Tour por ciudad,Ocio
Colegio,Educación
Electrodomésticos,Vivienda
Compra libros escolares,Educación
joyeria,Ocio
gorra,Ocio
Visita guiada,Ocio
Pago servicio,Servicios
despensa,Alimentacion
Psicologo,Salud
Seguro de casa,Vivienda
Recarga de gas,Servicios
joyeria,Ocio
UBER,Transporte
pago cfe,Servicios
Seguro de vivienda,Vivienda
Diplomado,Educación
limpieza,Servicios
Útiles escolares,Educación
Colonia,Ocio
ferreteria,Vivienda
Tren suburbano,Transporte
Inscripción curso,Educación
Karaoke,Ocio
RECIBO CFE,Servicios
Plomería,Vivienda
Tutor,Educación
Servicio gasolinera,Transporte
MEDICO,Salud
Internet hogar,Servicios
Servicio limpieza,Servicios
Abarrotes,Alimentacion
Caseta,Transporte
uber,Transporte
Boleto parque,Ocio
plomeria,Vivienda
Boleto teatro,Ocio
Crema corporal,Ocio
Pago alquiler,Vivienda
Didi Food,Alimentacion
Curso de idiomas,Educación
Boliche,Ocio
Cafe,Alimentacion
Laboratorio médico,Salud
netflix,Ocio
Pago escuela,Educación
Transporte por aplicación,Transporte
Servicio de agua,Servicios
Pago telefonia,Servicios
Comida en restaurante,Alimentacion
transporte publico,Transporte
Tren suburbano,Transporte
Consulta con doctor,Salud
fruta,Alimentacion
CURSO,Educación
Netflix,Ocio
Internet hogar,Servicios
Paramount+,Ocio
PEMEX,Transporte
Transporte por aplicación,Transporte
Farmacia del Ahorro,Salud
colegiatura,Educación
Cafeteria,Alimentacion
Consulta medica,Salud
Sombrero,Ocio
Pizza,Alimentacion
Walmart,Alimentacion
gas lp,Servicios
Cafetería,Alimentacion
Lácteos,Alimentacion
Pago de gimnasio,Servicios
Limpieza del hogar,Vivienda
Combustible,Transporte
Servicio de cable,Servicios
Frutas y verduras,Alimentacion
Odontólogo,Salud
Recibo agua,Servicios
Limpieza del hogar,Vivienda
senderismo,Ocio
renta,Vivienda
Uber viaje,Transporte
Cablebus CDMX,Transporte
Consola videojuego,Ocio
Verduras,Alimentacion
Cablebús,Transporte
Servicio de plomería,Vivienda
Utiles escuela,Educación
Muebles sala,Vivienda
Delivery de comida,Alimentacion
Lentes para sol,Ocio
Compra despensa,Alimentacion
pintura,Vivienda
Te y galletas,Alimentacion
Servicio gas,Servicios
tianguis,Alimentacion
comida rapida,Alimentacion
Pastillas,Salud
Falda,Ocio
Uber Eats,Alimentacion
Analisis de laboratorio,Salud
Servicio caldera,Servicios
Pago SACMEX,Servicios
Comida restaurante,Alimentacion
UBER,Transporte
TELCEL,Servicios
Psicologo,Salud
Reparación plomería,Vivienda
Pulsera,Ocio
Servicio de internet,Servicios
escuela,Educación
Artículos de limpieza,Vivienda
pastilla,Salud
Vestido,Ocio
Vitaminas,Salud
Compra alimentos,Alimentacion
TELCEL,Servicios
tortillas,Alimentacion
pago agua,Servicios
RECIBO CFE,Servicios
Autobus,Transporte
Curso online,Educación
pago cfe,Servicios
Servicio de plomeria,Vivienda
Boleto concierto,Ocio
Ciclismo,Ocio
Plomería,Vivienda
patinaje,Ocio
Pago gas,Servicios
Bolso,Ocio
Te,Alimentacion
Pago mensualidad escolar,Educación
galleta,Alimentacion
Carniceria,Alimentacion
Inscripcion universidad,Educación
Decoración hogar,Vivienda
laboratorio,Salud
renta,Vivienda
metro,Transporte
Panadería,Alimentacion
Frances,Educación
supermercado,Alimentacion
Streaming,Ocio
Té y galletas,Alimentacion
Tutor,Educación
Lácteos,Alimentacion
Festival música,Ocio
Yogurt,Alimentacion
Telefonía celular,Servicios
Autopista,Transporte
GYM,Servicios
Pago inscripción,Educación
Pintura para interiores,Vivienda
Pago mensualidad escolar,Educación
Libros escolares,Educación
Recibo CFE,Servicios
Pago combustible,Transporte
Curso inglés,Educación
Suscripcion netflix,Ocio
gasolina,Transporte
Pago credito hipotecario,Vivienda
Reparacion caldera,Servicios
Boleto cablebus,Transporte
Analisis de laboratorio,Salud
Visita turística,Ocio
Gasolina premium,Transporte
Diplomado,Educación
Inglés,Educación
pastilla,Salud
Médico,Salud
Tour por ciudad,Ocio
Material de estudio,Educación
Farmacias Guadalajara,Salud
Compra de despensa,Alimentacion
Boleto parque,Ocio
Festival,Ocio
Seguro casa,Vivienda
Pago celular mensual,Servicios
Frances,Educación
Cafeteria,Alimentacion
Adornos para casa,Vivienda
Tanque gasolina,Transporte
Materiales escolares,Educación
Servicio spa,Ocio
Decoracion casa,Vivienda
Collar,Ocio
Telefonia movil,Servicios
dentista,Salud
Compra farmacia,Salud
Parque diversiones,Ocio
Compra libros escolares,Educación
Adornos para casa,Vivienda
Tanque gas,Servicios
supermercado,Alimentacion
Herramientas hogar,Vivienda
Compra medicamento,Salud
Compra libros escolares,Educación
UberEats,Alimentacion
spa,Ocio
paramount,Ocio
Tren Suburbano,Transporte
gimnasio,Servicios
Telefonía celular,Servicios
Compra útiles escolares,Educación
gimnasio,Servicios
Cocina,Vivienda
Consulta nutricional,Salud
Servicio streaming,Servicios
Curso inglés,Educación
Pago de electricidad,Servicios
Pintura interiores,Vivienda
Servicio de cable,Servicios
Examen medico,Salud
Consulta médica,Salud
Cena,Alimentacion
Inscripcion escuela,Educación
Didi food,Alimentacion
Tanque gasolina,Transporte
Agua potable,Servicios
Autobús,Transporte
DIDI,Transporte
Seguro de casa,Vivienda
MAGNA,Transporte
autobus,Transporte
Muebles sala,Vivienda
gasolina premium,Transporte
Curso en linea,Educación
MAGNA,Transporte
Analgésico,Salud
Tienda de ropa,Ocio
Pasaje de autobus,Transporte
Comida rapida,Alimentacion
Pago celular,Servicios
Cafeteria local,Alimentacion
Antibioticos,Salud
Seguro casa,Vivienda
farmacia similares,Salud
disney,Ocio
Cita médica,Salud
Recarga Metro,Transporte
Articulos limpieza,Vivienda
Gasolinera,Transporte
Pago luz,Servicios
Pago Telcel,Servicios
Telcel,Servicios
Frutas y verduras,Alimentacion
Disney plus,Ocio
suscripcion netflix,Ocio
Pago de hipoteca,Vivienda
limpieza,Servicios
Medicinas,Salud
Frutas y verduras,Alimentacion
Examen certificacion,Educación
Pago de colegiatura,Educación
Tour por ciudad,Ocio
Servicio limpieza,Servicios
tianguis,Alimentacion
Libros de texto,Educación
ESCUELA,Educación
Antibióticos,Salud
Cita medica,Salud
Articulos limpieza,Vivienda
colegiatura,Educación
combustible,Transporte
Yogurt,Alimentacion
Caseta,Transporte
Estacionamiento vehiculo,Transporte
Mantenimiento edificio,Vivienda
Viaje Didi,Transporte
dentista,Salud
Clases de ingles,Educación
Decoracion hogar,Vivienda
DiDi,Transporte
ferreteria,Vivienda
LIBRO,Ocio
Consulta nutricional,Salud
Pago de television por cable,Servicios
Adornos hogar,Vivienda
Electrodomésticos,Vivienda
Paramount Plus,Ocio
Pago crédito hipotecario,Vivienda
Tortilleria,Alimentacion
Museo,Ocio
pintura,Vivienda
Analgesico,Salud
TELCEL,Servicios
Mantenimiento caldera,Servicios
Lentes para sol,Ocio
Lácteos,Alimentacion
Cablebús,Transporte
Inscripcion escuela,Educación
Congreso académico,Educación
tortilleria,Alimentacion
Seguro de gastos médicos,Salud
Reparación hogar,Vivienda
Servicio limpieza hogar,Servicios
Pasaje tren,Transporte
Cuota de mantenimiento,Vivienda
Herramientas hogar,Vivienda
crema,Ocio
internet,Servicios
Terapia fisica,Salud
Recarga tarjeta movilidad,Transporte
PREMIUM,Transporte
Compra en mercado,Alimentacion
Productos para hogar,Vivienda
vegetales,Alimentacion
Boleto cablebus,Transporte
Festival musica,Ocio
Uber Eats,Alimentacion
gorra,Ocio
Curso en línea,Educación
supermercado,Alimentacion
farmacia,Salud
Compra de comida,Alimentacion
Tarjeta Metro,Transporte
Disney+,Ocio
Curso de idiomas,Educación
Mensualidad del gimnasio,Servicios
Tanque de gasolina,Transporte
Servicio de mantenimiento,Servicios
Verduras,Alimentacion
Utensilios cocina,Vivienda
Boleto de cine,Ocio
Servicio gas,Servicios
pastilla,Salud
doctor,Salud
Mensualidad escolar,Educación
Supermercado,Alimentacion
curso,Educación
renta,Vivienda
Seguro de vivienda,Vivienda
limpieza,Servicios
Antibioticos,Salud
Decoracion casa,Vivienda
Metro,Transporte
Crema corporal,Ocio
Accesorios de moda,Ocio
Boleto de autobus,Transporte
DIDI,Transporte
Comisión Federal de Electricidad,Servicios
Nutriologo,Salud
Pago celular mensual,Servicios
Crédito hipotecario,Vivienda
Articulos para hogar,Vivienda
Taxi Didi,Transporte
Tour ciudad,Ocio
cartera,Ocio
Galletas,Alimentacion
Servicio telefónico,Servicios
Pago luz,Servicios
Utiles escolares,Educación
Psicólogo,Salud
Compra libros escolares,Educación
Entrada teatro,Ocio
Zapatos,Ocio
Matcha latte,Alimentacion
Pago colegiatura,Educación
Clases de inglés,Educación
Consulta dental,Salud
Medicinas,Salud
Panadería,Alimentacion
Tanque de gas,Servicios
Uber eats,Alimentacion
Parque diversiones,Ocio
Pollo,Alimentacion
Cita médica,Salud
Factura de agua,Servicios
Mensualidad gimnasio,Servicios
Cocina,Vivienda
Mensualidad del gimnasio,Servicios
Huevos,Alimentacion
gas,Servicios
cablebus,Transporte
Botanas,Alimentacion
Adornos para casa,Vivienda
Factura de agua,Servicios
Herramientas,Vivienda
Seguro medico,Salud
Fotografía,Ocio
Falda,Ocio
pemex,Transporte
transporte publico,Transporte
Cita médica,Salud
Comida en restaurante,Alimentacion
Alimentos,Alimentacion
Television por cable,Servicios
Taxi Didi,Transporte
Juego,Ocio
Gasolina premium,Transporte
Artículos de limpieza,Vivienda
Obra de teatro,Ocio
Entrada teatro,Ocio
Mantenimiento del edificio,Vivienda
Tanque gas,Servicios
recibo de luz,Servicios
medico,Salud
Panaderia,Alimentacion
Servicio de plomería,Vivienda
Servicio de agua,Servicios
Fisioterapia,Salud
Nutriologo,Salud
Clases privadas,Educación
Paseo turístico,Ocio
Recarga Telcel,Servicios
Productos de limpieza,Vivienda
Compra muebles,Vivienda
Inscripción escolar,Educación
Inscripcion escuela,Educación
Cita doctor,Salud
Herramientas,Vivienda
Boleto evento,Ocio
Latte,Alimentacion
Productos para hogar,Vivienda
Compra de muebles,Vivienda
Servicio medico,Salud
Disney,Ocio
Servicio agua,Servicios
colegiatura,Educación
Farmacia,Salud
Articulos para hogar,Vivienda
Inglés,Educación
transporte publico,Transporte
plomeria,Vivienda
Pago escuela,Educación
LABORATORIO,Salud
Comisión Federal de Electricidad,Servicios
Taxi,Transporte
restaurante,Alimentacion
Matcha,Alimentacion
Pintura para interiores,Vivienda
Estacionamiento vehículo,Transporte
Boleto cablebus,Transporte
Pasaje urbano,Transporte
Analisis Laboratorio,Salud
Herramientas hogar,Vivienda
Pasaje de autobus,Transporte
Comida rapida restaurante,Alimentacion
Abono hipoteca ,Vivienda
recarga telcel,Servicios
Analgésico,Salud
Verduras,Alimentacion
Cable,Servicios
Camiseta,Ocio
Tenis,Ocio
Inscripcion universidad,Educación
Compra combustible,Transporte
Boleto evento,Ocio
Playera,Ocio
patinaje,Ocio
Transporte publico,Transporte
Karaoke,Ocio
Limpieza,Servicios
Alquiler,Vivienda
Estudio medico,Salud
recibo CFE,Servicios
uber,Transporte
Gasolinera,Transporte
Herramientas hogar,Vivienda
Agua embotellada,Alimentacion
Didi food,Alimentacion
Plomería,Vivienda
Laboratorio medico,Salud
Antibiótico,Salud
Pago luz,Servicios
Boliche,Ocio
Gasolina Premium,Transporte
Cafeteria local,Alimentacion
restaurante,Alimentacion
Escuela,Educación
Recibo CFE,Servicios
recibo de luz,Servicios
Pago Netflix,Ocio
Autobus,Transporte
ferreteria,Vivienda
Compra comida,Alimentacion
Cita médica,Salud
Antibiótico,Salud
articulos de limpieza,Vivienda
Pago seguro vivienda,Vivienda
Cena en restaurante,Alimentacion
Mensualidad Netflix,Ocio
Cuota mantenimiento,Vivienda
Compra farmacia,Salud
Pago gimnasio,Servicios
Colegiatura,Educación
Accesorios de moda,Ocio
Seguro médico,Salud
Muebles para sala,Vivienda
Refrescos,Alimentacion
Plomería,Vivienda
hipoteca,Vivienda
Tienda de ropa,Ocio
Pago seguro vivienda,Vivienda
Libros escolares,Educación
sacmex,Servicios
RECIBO CFE,Servicios
Pago cable,Servicios
dentista,Salud
Compra utiles escolares,Educación
Gas natural,Servicios
Karaoke,Ocio
Yogurt,Alimentacion
Almuerzo,Alimentacion
UberEats,Alimentacion
Pasaje autobus,Transporte
Sombrero,Ocio
Telefonía móvil,Servicios
Taxi de sitio,Transporte
Diplomado profesional,Educación
Tortillas,Alimentacion
servicio streaming,Servicios
Internet hogar,Servicios
combustible,Transporte
Paramount Plus,Ocio
Inglés,Educación
Suscripcion Netflix,Ocio
transporte publico,Transporte
pintura,Vivienda
Laboratorio,Salud
Festival musica,Ocio
Servicios de reparacion hogar,Vivienda
Senderismo,Ocio
Jarabe,Salud
Seguro de casa,Vivienda
Transporte público,Transporte
Sombrero,Ocio
Comisión Federal de Electricidad,Servicios
Pago de colegiatura,Educación
pemex,Transporte
Pago inscripción,Educación
Visita turistica,Ocio
Clases idiomas,Educación
Pago de renta,Vivienda
Materiales escolares,Educación
Pago de Agua,Servicios
Reparación casa,Vivienda
Mantenimiento caldera,Servicios
vegetal,Alimentacion
Jarabe,Salud
UBER,Transporte
Taxi Didi,Transporte
dentista,Salud
Médico,Salud
Taxi de sitio,Transporte
Artículos para hogar,Vivienda
Francés,Educación
Servicio agua,Servicios
Comic,Ocio
Lentes,Ocio
Boleto tren,Transporte
Analisis Laboratorio,Salud
Mueble para sala,Vivienda
Panadería,Alimentacion
Servicio de agua,Servicios
CURSO,Educación
Pago Paramount,Ocio
Inscripcion curso,Educación
Odontólogo,Salud
Bolsa,Ocio
Vitaminas,Salud
CFE,Servicios
Curso inglés,Educación
Examen médico,Salud
Decoracion casa,Vivienda
Análisis Laboratorio,Salud
Pemex,Transporte
Compra supermercado,Alimentacion
gorra,Ocio
Universidad,Educación
Hospitalizacion,Salud
Examen de laboratorio,Salud
Viaje Uber,Transporte
Inscripcion curso,Educación
ESCUELA,Educación
Gasolina premium,Transporte
Compra supermercado,Alimentacion
TIANGUIS,Alimentacion
Servicios de reparacion hogar,Vivienda
Recarga Metro,Transporte
Compra de alimentos,Alimentacion
Farmacia similares,Salud
Fisioterapia,Salud
Colegiatura,Educación
Compra en tianguis,Alimentacion
Boleto parque,Ocio
Recarga tarjeta movilidad,Transporte
Natación,Ocio
COLEGIATURA,Educación
Baile,Ocio
Consulta especialista,Salud
Clases particulares,Educación
Pago telefonia,Servicios
Taxi sitio,Transporte
FARMACIA,Salud
Pago crédito hipotecario,Vivienda
Agua potable,Servicios
Recarga tarjeta movilidad,Transporte
didi,Transporte
Pago de servicio,Servicios
Tanque gasolina,Transporte
tren suburbano,Transporte
Servicio telefonico,Servicios
Cafe de cafeteria,Alimentacion
Pastillas,Salud
pemex,Transporte
Recarga Metro,Transporte
Pintura para casa,Vivienda
Material didactico,Educación
Pedido de comida,Alimentacion
Servicio Didi,Transporte
Pago credito hipotecario,Vivienda
Reparacion plomeria,Vivienda
Plomería,Vivienda
Frutas,Alimentacion
Compra medicamento,Salud
Uber eats,Alimentacion
GORRA,Ocio
Taxi de Sitio,Transporte
Pago universidad,Educación
Viaje en taxi,Transporte
Antibióticos,Salud
Alquiler vivienda,Vivienda
Servicios de reparación hogar,Vivienda
Tour ciudad,Ocio
Taxi de sitio,Transporte
Despensa,Alimentacion
Autopista,Transporte
Compra de tortillas,Alimentacion
Fibra óptica,Servicios
Herramientas,Vivienda
escuela,Educación
analisis laboratorio,Salud
Suscripción Netflix,Ocio
Crema corporal,Ocio
Seguro de gastos médicos,Salud
Pago de escuela,Educación
Cafeteria local,Alimentacion
Combustible,Transporte
gasolina magna,Transporte
Comida restaurante,Alimentacion
supermercado,Alimentacion
Decoración hogar,Vivienda
HIPOTECA,Vivienda
Decoracion hogar,Vivienda
Certificación,Educación
Telefonía móvil,Servicios
alimentos,Alimentacion
Seguro médico,Salud
Estacionamiento vehiculo,Transporte
Consulta medica,Salud
Mantenimiento casa,Vivienda
Seminario académico,Educación
Baile,Ocio
Clases privadas,Educación
Pago combustible,Transporte
Recibo CFE,Servicios
CAFÉ,Alimentacion
Farmacias Guadalajara,Salud
Té y galletas,Alimentacion
Clases de matemáticas,Educación
Antibióticos,Salud
Pago renta,Vivienda
Uber eats,Alimentacion
Gasolina premium,Transporte
Matcha latte,Alimentacion
Mensualidad escolar,Educación
Medicamento farmacia,Salud
Reparación de plomería,Vivienda
alimentos,Alimentacion
Botanas,Alimentacion
Consola videojuego,Ocio
Pago caseta,Transporte
netflix,Ocio
Reparacion casa,Vivienda
Accesorios de moda,Ocio
Pago mensual renta,Vivienda
Pago telefonia,Servicios
Crema corporal,Ocio
Recibo gas,Servicios
Consulta con doctor,Salud
pago agua,Servicios
surf,Ocio
Pago de hipoteca,Vivienda
Tutorías,Educación
autobus,Transporte
Urgencias médicas,Salud
Boleto concierto,Ocio
Compra farmacia,Salud
Tienda de abarrotes,Alimentacion
Gasolina,Transporte
Pago alquiler,Vivienda
Abarrotes,Alimentacion
Recibo gas,Servicios
Panadería,Alimentacion
Examen de laboratorio,Salud
Telcel,Servicios
Cena,Alimentacion
Abono hipoteca ,Vivienda
Evento,Ocio
Festival,Ocio
Mochila,Ocio
Suscripción Netflix,Ocio
LABORATORIO,Salud
Boleto de autobús,Transporte
Disney,Ocio
Consulta médica,Salud
Pago de internet,Servicios
Compra combustible,Transporte
Productos limpieza,Vivienda
Paramount Plus,Ocio
despensa,Alimentacion
Analgesico,Salud
tren suburbano,Transporte
Mochila,Ocio
Inscripción escolar,Educación
Museo,Ocio
Tutor,Educación
Inscripcion escuela,Educación
restaurante,Alimentacion
Antibiótico,Salud
Servicio internet,Servicios
Plan de internet,Servicios
Compra electrodomestico,Vivienda
Suscripcion de streaming,Servicios
Mochila,Ocio
Carga de gasolina,Transporte
Pago SACMEX,Servicios
Limpieza,Servicios
Carga gas LP,Servicios
Seguro médico,Salud
Analisis Laboratorio,Salud
Decoración hogar,Vivienda
Pago de colegiatura,Educación
surf,Ocio
Carniceria,Alimentacion
walmart,Alimentacion
taxi,Transporte
Seguro de gastos médicos,Salud
Telefonía celular,Servicios
Pago de colegiatura,Educación
Servicio de mantenimiento,Servicios
Tienda de ropa,Ocio
MEDICINA,Salud
cablebus,Transporte
Pemex,Transporte
Curso inglés,Educación
Renta,Vivienda
UNIVERSIDAD,Educación
Gas,Servicios
Gasolina magna,Transporte
Cafe,Alimentacion
Pasaje autobus,Transporte
Mensualidad universidad,Educación
Abono hipoteca,Vivienda
Mantenimiento edificio,Vivienda
Mercado,Alimentacion
Pasatiempo,Ocio
gas natural,Servicios
PEMEX,Transporte
gasolina magna,Transporte
Utiles escolares,Educación
Cursos,Educación
Servicio médico,Salud
tianguis,Alimentacion
Netflix,Ocio
Recibo de servicio,Servicios
Gas,Servicios
Libros de texto,Educación
Francés,Educación
Jugo,Alimentacion
Reparacion casa,Vivienda
Obra de teatro,Ocio
Gym,Servicios
Compra comida,Alimentacion
Articulos limpieza,Vivienda
TAXI,Transporte
pemex,Transporte
muebles,Vivienda
Mantenimiento casa,Vivienda
Recibo gas,Servicios
Carga gasolina,Transporte
Boleto autobus,Transporte
Medicina,Salud
Congreso academico,Educación
Abono Hipoteca,Vivienda
Boleto parque,Ocio
Clases de idiomas,Educación
Parque de diversiones,Ocio
Internet,Servicios
Jugo,Alimentacion
Pago television por cable,Servicios
Reparacion casa,Vivienda
Viaje Didi,Transporte
Cablebus,Transporte
Boleto cablebus,Transporte
Uber,Transporte
Suscripcion de streaming,Servicios
Compra en tianguis,Alimentacion
Analisis Laboratorio,Salud
Tarjeta Metro,Transporte
Taller de idiomas,Educación
Viaje Didi,Transporte
Utensilios cocina,Vivienda
Curso virtual,Educación
Seguro de gastos medicos,Salud
Inscripción universidad,Educación
PEMEX,Transporte
Cómic,Ocio
Abono hipoteca ,Vivienda
Cafe espresso,Alimentacion
Telefonia celular,Servicios
Joyería,Ocio
Pago luz,Servicios
verdura,Alimentacion
Gasolina magna,Transporte
Estudios de laboratorio,Salud
crema,Ocio
Compra medicamento,Salud
PREMIUM,Transporte
Accesorios de moda,Ocio
Comida restaurante,Alimentacion
Pastilla,Salud
Seguro vivienda,Vivienda
Dentista,Salud
Servicio de agua,Servicios
universidad,Educación
Pollo,Alimentacion
doctor,Salud
libro,Ocio
Clases de matematicas,Educación
farmacia,Salud
Útiles escolares,Educación
Cafetería local,Alimentacion
Útiles escuela,Educación
Pago servicio,Servicios
Compra libros escolares,Educación
DIDI,Transporte
Recarga tarjeta metro,Transporte
Pago de luz,Servicios
Peaje,Transporte
Streaming,Ocio
Clase particular,Educación
Curso de idiomas,Educación
sacmex,Servicios
Carnicería,Alimentacion
Servicio telefónico,Servicios
Nutriólogo,Salud
Inglés,Educación
Nutriólogo,Salud
Gym,Servicios
Cable,Servicios
Certificación profesional,Educación
Tacos restaurante,Alimentacion
Colonia,Ocio
Viaje transporte,Transporte
Pastillas,Salud
Compra de ropa,Ocio
Entrada museo,Ocio
Cafeteria local,Alimentacion
tren suburbano,Transporte
Compra electrodomestico,Vivienda
Pasaje autobus,Transporte
Renta mensual,Vivienda
Médico,Salud
Refrescos,Alimentacion
CAMISETA,Ocio
Servicios de reparación hogar,Vivienda
Libro escolar,Educación
Pintura interiores,Vivienda
UNIVERSIDAD,Educación
DIDI,Transporte
UNIVERSIDAD,Educación
medicina,Salud
Netflix,Ocio
Libros escolares,Educación
Consulta medica,Salud
Compra alimentos,Alimentacion
sacmex,Servicios
tortillas,Alimentacion
LABORATORIO,Salud
internet,Servicios
surf,Ocio
Farmacia Similares,Salud
Electrodomestico,Vivienda
gimnasio,Servicios
antibiotico,Salud
Pollo,Alimentacion
Gasolina Magna,Transporte
Cuota autopista,Transporte
Clases privadas,Educación
Festival musica,Ocio
Antibiotico,Salud
Farmacia Similares,Salud
Pago caseta,Transporte
Clases de ingles,Educación
Pasaje autobus,Transporte
Vitamina,Salud
Pasaje tren,Transporte
Material ferreteria,Vivienda
Transporte público,Transporte
Electricidad,Servicios
Pintura interiores,Vivienda
tianguis,Alimentacion
Parque diversiones,Ocio
FERRETERIA,Vivienda
Pintura,Vivienda
articulos de limpieza,Vivienda
Pago renta,Vivienda
Uber Eats,Alimentacion
Cena en restaurante,Alimentacion
combustible,Transporte
libro,Ocio
Pago limpieza,Servicios
Reparacion plomeria,Vivienda
Compra en tianguis,Alimentacion
Pago seguro vivienda,Vivienda
Pan,Alimentacion
Universidad,Educación
Estudio medico,Salud
Reparacion tuberia,Vivienda
comida rapida,Alimentacion
Pago limpieza,Servicios
Compra medicamentos,Salud
Entrada museo,Ocio
Pago inscripcion,Educación
Reloj,Ocio
Hospital,Salud
Tren Suburbano,Transporte
Suscripcion Netflix,Ocio
Laboratorio,Salud
Carga de gasolina,Transporte
Comida rapida,Alimentacion
Curso en línea,Educación
Vitamina,Salud
Fibra optica,Servicios
Laboratorio,Salud
Compra despensa,Alimentacion
Curso online,Educación
Curso de internet,Educación
Seguro de gastos medicos,Salud
Gas,Servicios
Uber,Transporte
Comisión Federal de Electricidad,Servicios
Reparacion tuberia,Vivienda
Fibra óptica,Servicios
Pago seguro medico,Salud
Entrada teatro,Ocio
Farmacia,Salud
MEDICINA,Salud
tortillas,Alimentacion
Tren Suburbano,Transporte
Zapatos,Ocio
GORRA,Ocio
gas,Servicios
Decoracion del hogar,Vivienda
Boleto autobus,Transporte
PREMIUM,Transporte
suscripcion netflix,Ocio
metro,Transporte
Reparacion caldera,Servicios
Suscripcion Paramount,Ocio
Concierto,Ocio
Gasolina Magna,Transporte
Alquiler vivienda,Vivienda
metro,Transporte
Gasolina,Transporte
Gasolina,Transporte
Receta médica,Salud
Conferencia académica,Educación
escuela,Educación
Suscripción Disney,Ocio
Boleto cablebus,Transporte
Muebles para sala,Vivienda
Compra de muebles,Vivienda
Visita guiada,Ocio
Frutas y verduras,Alimentacion
Metró,Transporte
Carga de gasolina,Transporte
Taxi,Transporte
Servicio medico,Salud
Servicio internet,Servicios
Té,Alimentacion
Urgencias medicas,Salud
Inscripcion escuela,Educación
Medico,Salud
Pago telefonia,Servicios
Natación,Ocio
Tanque gas,Servicios
Medicinas,Salud
Viaje en taxi,Transporte
Despensa mensual,Alimentacion
Entrada concierto,Ocio
Compra libro escolar,Educación
Comida rapida,Alimentacion
Panadería,Alimentacion
Inscripción escolar,Educación
Analisis Laboratorio,Salud
Productos para hogar,Vivienda
Farmacia similares,Salud
fruta,Alimentacion
laboratorio,Salud
Tutor,Educación
supermercado,Alimentacion
Mantenimiento de caldera,Servicios
CFE pago,Servicios
Pedido comida,Alimentacion
Seguro casa,Vivienda
Hospitalizacion,Salud
UberEats,Alimentacion
Reparacion de plomeria,Vivienda
Servicio gasolinera,Transporte
Herramientas hogar,Vivienda
Compra despensa,Alimentacion
Plomería,Vivienda
Estacionamiento,Transporte
Reparación electrodoméstico,Vivienda
Farmacias Guadalajara,Salud
Paramount Plus,Ocio
FARMACIA,Salud
Pago telefonía,Servicios
Analgesico,Salud
recibo CFE,Servicios
Cine,Ocio
Consulta nutricional,Salud
Certificación,Educación
Analgésico,Salud
Médico,Salud
Pago combustible,Transporte
Limpieza casa,Servicios
Certificación,Educación
Mensualidad universidad,Educación
Compra de despensa,Alimentacion
Gas natural,Servicios
Compra supermercado,Alimentacion
Cine,Ocio
Comida para llevar,Alimentacion
Productos de cuidado personal,Ocio
Seguro casa,Vivienda
PEMEX,Transporte
Suscripcion Netflix,Ocio
Boleto teatro,Ocio
Gasolina premium,Transporte
Antibioticos,Salud
taxi sitio,Transporte
mantenimiento edificio,Vivienda
tren suburbano,Transporte
joyeria,Ocio
hipoteca,Vivienda
Curso de idiomas,Educación
Laboratorio médico,Salud
Servicio limpieza,Servicios
Pago mensualidad escolar,Educación
Pago luz,Servicios
Reparación electrodoméstico,Vivienda
Frutas y verduras,Alimentacion
Pulsera,Ocio
Boleto de autobús,Transporte
Nutriologo,Salud
Collar,Ocio
Clases idiomas,Educación
Decoración casa,Vivienda
Estacionamiento vehiculo,Transporte
Tanque de gas,Servicios
Museo,Ocio
Pizza,Alimentacion
Pemex,Transporte
Abarrotes,Alimentacion
gas,Servicios
pemex,Transporte
Tanque gasolina,Transporte
tortilleria,Alimentacion
Recibo de servicio,Servicios
combustible,Transporte
Electrodomésticos,Vivienda
Tanque gasolina,Transporte
Pago celular mensual,Servicios
Pintura para interiores,Vivienda
Examen de laboratorio,Salud
Clase de baile,Ocio
Medicamento,Salud
Recarga gas,Servicios
medicina,Salud
Farmacia Guadalajara,Salud
Inscripcion universidad,Educación
Lentes de sol,Ocio
Curso ingles,Educación
Odontólogo,Salud
Carga de gasolina,Transporte
Inscripcion escuela,Educación
Electrodoméstico,Vivienda
Reparacion de plomeria,Vivienda
Reparacion caldera,Servicios
Comision Federal de Electricidad,Servicios
PERFUME,Ocio
Almuerzo,Alimentacion
Mantenimiento del edificio,Vivienda
Crédito hipotecario,Vivienda
Transporte urbano,Transporte
gasolina,Transporte
Reparación de plomería,Vivienda
Telcel,Servicios
Carnicería,Alimentacion
Gas natural,Servicios
Pago combustible,Transporte
Crédito hipotecario,Vivienda
Pago hipoteca,Vivienda
Pista de hielo,Ocio
transporte publico,Transporte
Decoración casa,Vivienda
Carne,Alimentacion
Pago de universidad,Educación
Combustible,Transporte
Playera,Ocio
Carniceria,Alimentacion
Suscripción Netflix,Ocio
Congreso academico,Educación
Mensualidad universidad,Educación
Teatro,Ocio
Pintura hogar,Vivienda
Despensa mensual,Alimentacion
Recarga Metro,Transporte
Taxi sitio,Transporte
Inscripción escuela,Educación
Crédito hipotecario,Vivienda
CAMISETA,Ocio
Recarga Metro,Transporte
Material de estudio,Educación
Tenis,Ocio
pago agua,Servicios
Mantenimiento casa,Vivienda
gasolina,Transporte
Cuota escolar,Educación
Servicio Uber,Transporte
Yogurt,Alimentacion
Pago telefonia,Servicios
Autopista,Transporte
Uber viaje,Transporte
Servicio limpieza hogar,Servicios
Servicio de limpieza,Servicios
Seguro medico,Salud
Analgesico,Salud
Clases particulares,Educación
Queso,Alimentacion
Carniceria,Alimentacion
Mensualidad escolar,Educación
Seguro medico,Salud
Té y galletas,Alimentacion
LIBRO,Ocio
Abono hipoteca,Vivienda
Mantenimiento caldera,Servicios
recarga telcel,Servicios
Clase de baile,Ocio
Clases de matemáticas,Educación
Karaoke,Ocio
Cablebus,Transporte
Servicio celular,Servicios
Pastilla,Salud
Cena,Alimentacion
Doctor,Salud
Clases de ingles,Educación
Surf,Ocio
Clases idiomas,Educación
Pago servicio,Servicios
reloj,Ocio
Pago cable,Servicios
Cafetería,Alimentacion
Parking,Transporte
colegiatura,Educación
Fisioterapia,Salud
Servicio agua,Servicios
Compra de alimentos,Alimentacion
Estudios de laboratorio,Salud
Pago de colegiatura,Educación
despensa,Alimentacion
Pedido de comida,Alimentacion
Servicio de agua,Servicios
Farmacia similares,Salud
cartera,Ocio
Curso en línea,Educación
Congreso académico,Educación
Recarga Telcel,Servicios
Boleto teatro,Ocio
Analisis de laboratorio,Salud
Servicio gasolinera,Transporte
Pago gimnasio,Servicios
Credito hipotecario,Vivienda
Taxi Didi,Transporte
Pintura interiores,Vivienda
medico,Salud
tortilleria,Alimentacion
Utiles escuela,Educación
Telefonía celular,Servicios
Medicinas,Salud
Joyería,Ocio
laboratorio,Salud
Comision Federal de Electricidad,Servicios
cartera,Ocio
Colegiatura,Educación
medico,Salud
Productos de cuidado personal,Ocio
restaurante,Alimentacion
Metró,Transporte
Consulta médica,Salud
Pago combustible,Transporte
Servicio de agua,Servicios
Mantenimiento de caldera,Servicios
UNIVERSIDAD,Educación
Cafeteria local,Alimentacion
Análisis Laboratorio,Salud
Antibiótico,Salud
Pago de hipoteca,Vivienda
Viaje transporte,Transporte
supermercado,Alimentacion
Pago de Agua,Servicios
Clase particular,Educación
farmacia similares,Salud
Concierto,Ocio
DiDi,Transporte
colegiatura,Educación
Mensualidad universidad,Educación
netflix,Ocio
Pago colegiatura,Educación
Entrada teatro,Ocio
Mantenimiento de caldera,Servicios
Reparación casa,Vivienda
Alquiler vivienda,Vivienda
Seguro medico,Salud
Telefonía móvil,Servicios
Panadería,Alimentacion
Tarjeta movilidad,Transporte
Compra limpieza hogar,Vivienda
playera,Ocio
Congreso académico,Educación
Comic,Ocio
Urgencias médicas,Salud
Pago luz,Servicios
Tenis,Ocio
Pago gas natural,Servicios
Boleto parque,Ocio
Análisis de laboratorio,Salud
Compra videojuego,Ocio
Metró,Transporte
pintura,Vivienda
Telefonia celular,Servicios
Mensualidad escuela,Educación
Comida para llevar restaurante,Alimentacion
comida rapida,Alimentacion
Artículos de limpieza,Vivienda
Credito hipotecario,Vivienda
Tacos,Alimentacion
tortillas,Alimentacion
Utiles escuela,Educación
Servicio medico,Salud
antibiotico,Salud
Herramientas hogar,Vivienda
MAGNA,Transporte
Suscripción Paramount,Ocio
Crédito hipotecario,Vivienda
pemex,Transporte
Inscripción escolar,Educación
Té,Alimentacion
Queso,Alimentacion
Seguro medico,Salud
Viaje Didi,Transporte
Recibo de agua,Servicios
Galletas,Alimentacion
Yogurt,Alimentacion
Concierto,Ocio
Compra muebles,Vivienda
autobus,Transporte
Laboratorio medico,Salud
Compra útiles escolares,Educación
Gasolinera PEMEX,Transporte
Compra utiles escolares,Educación
RENTA,Vivienda
Tutor,Educación
Pago crédito hipotecario,Vivienda
Servicio de limpieza,Servicios
ropa,Ocio
pastillas,Salud
cablebus,Transporte
Visita turística,Ocio
Productos limpieza,Vivienda
Productos para hogar,Vivienda
Decoración casa,Vivienda
Inscripcion universidad,Educación
Internet,Servicios
Taller idiomas,Educación
Compra medicamento,Salud
Recarga tarjeta movilidad,Transporte
Pago limpieza,Servicios
transporte publico,Transporte
Articulos limpieza,Vivienda
Cafe de cafeteria,Alimentacion
Cuota escolar,Educación
Autobus,Transporte
Servicios de reparacion hogar,Vivienda
Tanque de gas,Servicios
antibiotico,Salud
Electrodoméstico,Vivienda
Servicio Didi,Transporte
Consulta con doctor,Salud
Delivery de comida,Alimentacion
Te,Alimentacion
Comida en restaurante,Alimentacion
Servicio telefónico,Servicios
Streaming,Servicios
Factura de agua,Servicios
Compra ropa,Ocio
Comida restaurante,Alimentacion
Combustible,Transporte
Certificacion profesional,Educación
Hospitalización,Salud
Inscripción escuela,Educación
Alquiler vivienda,Vivienda
Servicio limpieza hogar,Servicios
tortilleria,Alimentacion
taxi sitio,Transporte
Servicio limpieza hogar,Servicios
Fragancia,Ocio
universidad,Educación
Comida en restaurante,Alimentacion
Universidad,Educación
Restaurante,Alimentacion
Compra en farmacia,Salud
hipoteca,Vivienda
Nutriólogo,Salud
Pago electricidad,Servicios
Cena en restaurante,Alimentacion
Consulta medica,Salud
LABORATORIO,Salud
supermercadoDESPENSA,Alimentacion
Tianguis,Alimentacion
laboratorio,Salud
Boleto de autobus,Transporte
Pasaje tren,Transporte
Servicio médico,Salud
Servicio gasolinera,Transporte
Conferencia académica,Educación
Taxi Didi,Transporte
Clases particulares,Educación
Servicio gasolinera,Transporte
Lácteos,Alimentacion
Tanque gasolina,Transporte
Disney+,Ocio
Electrodoméstico,Vivienda
Tanque gas,Servicios
tianguis,Alimentacion
Uber viaje,Transporte
Pago de celular,Servicios
Cafeteria,Alimentacion
Productos de limpieza,Vivienda
Cartera,Ocio
Pintura interiores,Vivienda
Compra en mercado,Alimentacion
MEDICO,Salud
Productos limpieza,Vivienda
DOCTOR,Salud
Certificacion,Educación
Material de estudio,Educación
surf,Ocio
Servicio de limpieza,Servicios
Bolsa,Ocio
Leche,Alimentacion
Consulta dental,Salud
Pasaje tren,Transporte
Odontologo,Salud
Combustible,Transporte
Reparación de plomería,Vivienda
Análisis de laboratorio,Salud
Té,Alimentacion
Tanque gas,Servicios
Compra de despensa,Alimentacion
Seguro casa,Vivienda
DiDi,Transporte
MEDICINA,Salud
Consola videojuego,Ocio
Mantenimiento hogar,Vivienda
gas natural,Servicios
Suscripcion de streaming,Servicios
Crema,Ocio
Estacionamiento,Transporte
medicina,Salud
Cita médica,Salud
Boleto de autobus,Transporte
hipoteca,Vivienda
Taxi sitio,Transporte
Compra electrodoméstico,Vivienda
Inscripcion universidad,Educación
Latte,Alimentacion
Cafe,Alimentacion
cafe,Alimentacion
Pago Telcel,Servicios
NETFLIX,Ocio
Suscripción Disney,Ocio
Carga de gasolina,Transporte
Tanque de gasolina,Transporte
Consola videojuego,Ocio
Matcha,Alimentacion
Pedido de comida,Alimentacion
didi,Transporte
netflix,Ocio
Hospitalizacion,Salud
Clases de matemáticas,Educación
Paseo turistico,Ocio
TAXI,Transporte
Galletas,Alimentacion
Reparación casa,Vivienda
Crédito hipotecario,Vivienda
Compra limpieza hogar,Vivienda
Pago escuela,Educación
Pago de servicio,Servicios
Agua potable,Servicios
Mantenimiento servicio,Servicios
Seminario academico,Educación
Servicio Uber,Transporte
Pago gimnasio,Servicios
medicina,Salud
Artículos limpieza,Vivienda
Jugo,Alimentacion
RESTAURANTE,Alimentacion
TELCEL,Servicios
Consulta medica,Salud
gimnasio,Servicios
Decoración casa,Vivienda
Tutor,Educación
Consulta con doctor,Salud
Pedido comida,Alimentacion
Ingles,Educación
Compra medicamentos,Salud
Inscripción escuela,Educación
Comida rapida,Alimentacion
Pintura para casa,Vivienda
CURSO,Educación
PERFUME,Ocio
Concierto,Ocio
Crema,Ocio
Pasaje autobus,Transporte
Pago television por cable,Servicios
Tarjeta Metro,Transporte
Antibiotico,Salud
Compra útiles escolares,Educación
Dentista,Salud
Gasolina Magna,Transporte
Hospital,Salud
Mensualidad hipoteca,Vivienda
Uber,Transporte
Didi,Transporte
Pago CFE,Servicios
Material didactico,Educación
Fotografia,Ocio
Uber eats,Alimentacion
Compra limpieza hogar,Vivienda
Inscripcion universidad,Educación
Pago universidad,Educación
Pago celular mensual,Servicios
camiseta,Ocio
Parque de diversiones,Ocio
Seguro médico,Salud
Clases privadas,Educación
MEDICINA,Salud
Servicio de agua,Servicios
Hobby,Ocio
Curso virtual,Educación
Clases de idiomas,Educación
Tianguis,Alimentacion
Estacionamiento,Transporte
Pago SACMEX,Servicios
Tacos,Alimentacion
Pago Telcel,Servicios
Compra supermercado,Alimentacion
Examen de laboratorio,Salud
Articulos de limpieza,Vivienda
Ingles,Educación
Analisis Laboratorio,Salud
Suscripcion netflix,Ocio
Médico,Salud
gas lp,Servicios
Tarjeta movilidad,Transporte
paramount,Ocio
Nutriólogo,Salud
Clases de idiomas,Educación
Seguro médico,Salud
Comida rapida restaurante,Alimentacion
Autobús,Transporte
Uber,Transporte
Recarga gas,Servicios
Compra supermercado,Alimentacion
Frances,Educación
Boleto parque,Ocio
Huevos,Alimentacion
Limpieza del hogar,Vivienda
tortillas,Alimentacion
Servicio de agua,Servicios
Pizza,Alimentacion
Cena,Alimentacion
Festival musica,Ocio
Urgencias medicas,Salud
Tortilleria,Alimentacion
concierto,Ocio
Television por cable,Servicios
playera,Ocio
Huevos,Alimentacion
vegetal,Alimentacion
taxi sitio,Transporte
Mensualidad universidad,Educación
Pintura interiores,Vivienda
Suscripcion Netflix,Ocio
laboratorio,Salud
Fibra optica,Servicios
Pago de internet,Servicios
Comida para llevar restaurante,Alimentacion
Metro,Transporte
Compra farmacia,Salud
Adornos hogar,Vivienda
Seguro vivienda,Vivienda
Hamburguesa,Alimentacion
Tren suburbano,Transporte
Uber,Transporte
Entrada cine,Ocio
Mantenimiento edificio,Vivienda
Gasolinera,Transporte
Transporte urbano,Transporte
Inscripcion escolar,Educación
Compra alimentos,Alimentacion
Inscripcion escolar,Educación
DiDi,Transporte
Pasaje urbano,Transporte
Boleto cablebus,Transporte
transporte publico,Transporte
Pizza,Alimentacion
Inscripcion universidad,Educación
Suscripcion Netflix,Ocio
Té,Alimentacion
FARMACIA,Salud
Cafeteria,Alimentacion
Curso en linea,Educación
Ferretería,Vivienda
Visita turística,Ocio
Accesorios de moda,Ocio
Combustible,Transporte
muebles,Vivienda
laboratorio,Salud
Antibiotico,Salud
Taxi de Sitio,Transporte
Pago de gimnasio,Servicios
Tacos,Alimentacion
Autopista,Transporte
CFE,Servicios
Peaje,Transporte
Curso online,Educación
PREMIUM,Transporte
Restaurante,Alimentacion
Pago Telcel,Servicios
LIBRO,Ocio
Mantenimiento del edificio,Vivienda
medicamento,Salud
Ropa,Ocio
laboratorio medico,Salud
tren suburbano,Transporte
Curso inglés,Educación
Compra libros escolares,Educación
gas,Servicios
Evento,Ocio
Conferencia academica,Educación
Compra electrodoméstico,Vivienda
Consola videojuego,Ocio
Doctor,Salud
Parque diversiones,Ocio
Servicio telefonico,Servicios
Compra utiles escolares,Educación
SACMEX,Servicios
Medicamento farmacia,Salud
Juegos,Ocio
Transporte urbano,Transporte
Refrescos,Alimentacion
Pago de Agua,Servicios
Pemex,Transporte
Supermercado,Alimentacion
cfe,Servicios
Te y galletas,Alimentacion
Compra farmacia,Salud
Cable,Servicios
Pollo,Alimentacion
Reparación tubería,Vivienda
autobus,Transporte
plomeria,Vivienda
Servicio de internet,Servicios
Gas natural,Servicios
Laboratorio medico,Salud
Mensualidad del gimnasio,Servicios
Urgencias medicas,Salud
Videojuego,Ocio
Rappi comida,Alimentacion
Utiles escolares,Educación
Útiles escuela,Educación
Pago Paramount,Ocio
Desayuno,Alimentacion
Disney+,Ocio
Cursos,Educación
Decoración del hogar,Vivienda
Abono hipoteca ,Vivienda
Mensualidad gimnasio,Servicios
Consulta medica,Salud
Tortillería,Alimentacion
GORRA,Ocio
MEDICINA,Salud
Consulta doctor,Salud
Curso idiomas,Educación
RECIBO CFE,Servicios
Farmacia Similares,Salud
curso en linea,Educación
Comida para llevar restaurante,Alimentacion
Cable,Servicios
Tarjeta movilidad,Transporte
Seminario académico,Educación
Servicio Uber,Transporte
Laboratorio medico,Salud
Farmacia,Salud
Kit de ducha,Ocio
panaderia,Alimentacion
Seguro de gastos médicos,Salud
Fisioterapia,Salud
Nutriologo,Salud
despensa,Alimentacion
Té,Alimentacion
Viaje en taxi,Transporte
Conferencia academica,Educación
Seguro medico,Salud
Carga de gasolina,Transporte
Compra medicamento,Salud
Uber,Transporte
Mantenimiento departamento,Vivienda
Tutor,Educación
Festival,Ocio
Terapia física,Salud
Material didáctico,Educación
Reparacion plomeria,Vivienda
Compra libro,Ocio
Reparacion tuberia,Vivienda
Pago luz,Servicios
Botanas,Alimentacion
Vestido,Ocio
Cocina,Vivienda
Limpieza casa,Servicios
Estacionamiento vehiculo,Transporte
Cafe de cafeteria,Alimentacion
Seguro de casa,Vivienda
Servicio mantenimiento,Servicios
Pago servicio,Servicios
Antibiotico,Salud
Muebles,Vivienda
HIPOTECA,Vivienda
vegetal,Alimentacion
Agua embotellada,Alimentacion
Pago electricidad,Servicios
Examen de laboratorio,Salud
Libro escolar,Educación
Certificación,Educación
Metró,Transporte
Servicios de reparacion hogar,Vivienda
Mantenimiento edificio,Vivienda
Antibióticos,Salud
Vitaminas,Salud
Gasolina,Transporte
Suscripcion de streaming,Servicios
combustible,Transporte
Masaje,Ocio
Boleto tren,Transporte
uber,Transporte
Verduras,Alimentacion
Reparacion hogar,Vivienda
Congreso académico,Educación
Suscripcion Paramount,Ocio
Pasaje autobus,Transporte
Comida en restaurante,Alimentacion
Reparacion tuberia,Vivienda
Curso en linea,Educación
Crema corporal,Ocio
recibo de luz,Servicios
Cuota escolar,Educación
Kit de ducha,Ocio
Kit de ducha,Ocio
doctor,Salud
Ferreteria,Vivienda
Inscripcion escolar,Educación
Pastillas,Salud
Electrodomésticos,Vivienda
Servicio internet,Servicios
Odontólogo,Salud
Compra electrodoméstico,Vivienda
Gas,Servicios
Cuota mantenimiento,Vivienda
gas lp,Servicios
cine,Ocio
Alimentos,Alimentacion
Seguro de casa,Vivienda
Servicio cable,Servicios
Utensilios de cocina,Vivienda
Dentista,Salud
Curso ingles,Educación
Seguro de gastos médicos,Salud
Cafeteria local,Alimentacion
netflix,Ocio
Obra de teatro,Ocio
Consola videojuego,Ocio
verdura,Alimentacion
Joyería,Ocio
Perfume,Ocio
Seguro de vivienda,Vivienda
Servicio gas,Servicios
Abarrotes tienda,Alimentacion
Tanque de gasolina,Transporte
Pastillas,Salud
Pago de luz,Servicios
muebles,Vivienda
Suscripcion Disney,Ocio
Laboratorio medico,Salud
Frances,Educación
Cita medica,Salud
crema,Ocio
Uber Eats,Alimentacion
Seguro medico,Salud
Limpieza casa,Servicios
Tour ciudad,Ocio
Compra comida,Alimentacion
Telefonía móvil,Servicios
Curso virtual,Educación
Uber,Transporte
curso,Educación
Pago seguro medico,Salud
Material didactico,Educación
Paseo turístico,Ocio
Compra medicamento,Salud
Productos limpieza,Vivienda
Pasaje tren,Transporte
Compra combustible,Transporte
Medicamento farmacia,Salud
Clases de matematicas,Educación
Suscripción de streaming,Servicios
Pago crédito hipotecario,Vivienda
gasolina magna,Transporte
Karaoke,Ocio
Pan dulce,Alimentacion
pago cfe,Servicios
Pago celular,Servicios
Material escolar,Educación
Boleto concierto,Ocio
Artículos de limpieza,Vivienda
Festival música,Ocio
Plomeria,Vivienda
Mensualidad hipoteca,Vivienda
Nutriólogo,Salud
Ropa bazar,Ocio
Comida en restaurante,Alimentacion
Pago de colegiatura,Educación
Entrada teatro,Ocio
Recibo de gas,Servicios
Fragancia,Ocio
Tortillas,Alimentacion
Reparación caldera,Servicios
Matcha,Alimentacion
Cafe de cafeteria,Alimentacion
Hospitalización,Salud
Recibo de gas,Servicios
Hospitalización,Salud
Metro,Transporte
Visita guiada,Ocio
Pintura interiores,Vivienda
Transporte publico,Transporte
Pago inscripción,Educación
Clases de idiomas,Educación
Antibiotico,Salud
Curso virtual,Educación
Servicio de cable,Servicios
dentista,Salud
Cafeteria,Alimentacion
Productos para hogar,Vivienda
MAGNA,Transporte
Servicio de mantenimiento,Servicios
Tanque gasolina,Transporte
comida rapida,Alimentacion
Gas Natural,Servicios
Cafeteria local,Alimentacion
Adornos para casa,Vivienda
tortillas,Alimentacion
Agua potable,Servicios
Clases de inglés,Educación
Seminario academico,Educación
Antibióticos,Salud
Gasolina magna,Transporte
Servicio de mantenimiento,Servicios
Calzado,Ocio
Compra despensa,Alimentacion
Festival,Ocio
sacmex,Servicios
Tianguis,Alimentacion
colegiatura,Educación
Productos limpieza,Vivienda
Material escolar,Educación
Taller idiomas,Educación
Compra de muebles,Vivienda
perfume,Ocio
Mensualidad hipoteca,Vivienda
Nutriologo,Salud
Transporte público,Transporte
Uber viaje,Transporte
Viaje en taxi,Transporte
Servicio limpieza,Servicios
mantenimiento edificio,Vivienda
Hospital,Salud
Mensualidad Netflix,Ocio
natacion,Ocio
restaurante,Alimentacion
Tour ciudad,Ocio
Compra limpieza hogar,Vivienda
Decoración del hogar,Vivienda
Lacteos,Alimentacion
Electrodomésticos,Vivienda
Carne,Alimentacion
Análisis de laboratorio,Salud
pemex,Transporte
Hipoteca,Vivienda
Seguro de casa,Vivienda
Farmacia del Ahorro,Salud
Tour turistico,Ocio
Huevos,Alimentacion
Examen de laboratorio,Salud
Clases idiomas,Educación
Analisis Laboratorio,Salud
Artículos de limpieza,Vivienda
Taller de idiomas,Educación
Servicios de reparacion hogar,Vivienda
Compra de comida,Alimentacion
Seguro vivienda,Vivienda
Recarga de gas,Servicios
Diplomado,Educación
Accesorios de moda,Ocio
Despensa,Alimentacion
Fisioterapia,Salud
Seguro de gastos medicos,Salud
playera,Ocio
Cita doctor,Salud
TELCEL,Servicios
Antibiotico,Salud
TELCEL,Servicios
Cablebús,Transporte
Tenis,Ocio
Servicio de agua,Servicios
Pago credito hipotecario,Vivienda
Pago de colegiatura,Educación
Mantenimiento edificio,Vivienda
Francés,Educación
Boleto cine,Ocio
Boleto concierto,Ocio
Material escolar,Educación
Reparación caldera,Servicios
Vitamina,Salud
Seguro de gastos medicos,Salud
Examen certificacion,Educación
Abono hipoteca ,Vivienda
Pintura casa,Vivienda
galleta,Alimentacion
Farmacia similares,Salud
Verduras,Alimentacion
Tanque gasolina,Transporte
delivery comida,Alimentacion
Mensualidad del gimnasio,Servicios
Curso inglés,Educación
Cita doctor,Salud
Pago gas natural,Servicios
Consulta especialista,Salud
Pasaje urbano,Transporte
Despensa quincenal,Alimentacion
MEDICINA,Salud
Analisis Laboratorio,Salud
Pista de hielo,Ocio
Tutor,Educación
Cafe de cafeteria,Alimentacion
Libro escolar,Educación
Mercado,Alimentacion
gasolina,Transporte
Herramientas,Vivienda
articulos de limpieza,Vivienda
Pista de hielo,Ocio
Conferencia académica,Educación
Servicio agua,Servicios
Clases de matematicas,Educación
Servicio Uber,Transporte
Lacteos,Alimentacion
Recarga Metro,Transporte
Compra limpieza hogar,Vivienda
Herramientas hogar,Vivienda
Estacionamiento vehículo,Transporte
Gas Natural,Servicios
Gasolina Premium,Transporte
Pago de celular,Servicios
Electrodoméstico,Vivienda
Pago hipoteca,Vivienda
pastillas,Salud
Cuota mantenimiento,Vivienda
Pintura casa,Vivienda
Pago servicio,Servicios
TAXI,Transporte
Paramount,Ocio
Analgésico,Salud
Plomería,Vivienda
gas,Servicios
Francés,Educación
TELCEL,Servicios
Playera,Ocio
ferreteria,Vivienda
Pago gas natural,Servicios
Estudio medico,Salud
Camion,Transporte
cafe,Alimentacion
Compra medicamentos,Salud
cablebus,Transporte
didi,Transporte
Inscripcion escuela,Educación
Estacionamiento vehículo,Transporte
Recarga tarjeta metro,Transporte
Uber viaje,Transporte
Reparación caldera,Servicios
Pago hipoteca,Vivienda
Pastillas,Salud
Compra combustible,Transporte
Hospitalización,Salud
Recibo agua,Servicios
Pago caseta,Transporte
netflix,Ocio
Compra videojuego,Ocio
Estacionamiento vehículo,Transporte
mantenimiento edificio,Vivienda
Peaje,Transporte
Útiles escolares,Educación
Electrodomésticos,Vivienda
Curso virtual,Educación
Tacos restaurante,Alimentacion
curso en linea,Educación
Diplomado,Educación
Té y galletas,Alimentacion
Recibo de luz,Servicios
verdura,Alimentacion
concierto,Ocio
Vitamina,Salud
Paseo turistico,Ocio
medico,Salud
Museo,Ocio
Transporte publico,Transporte
Suscripcion Paramount,Ocio
Estudio médico,Salud
Perfume,Ocio
Muebles sala,Vivienda
Cafe espresso,Alimentacion
Tour turístico,Ocio
Certificacion,Educación
Tianguis,Alimentacion
Almuerzo,Alimentacion
Suscripcion Paramount,Ocio
Antibiótico,Salud
Queso,Alimentacion
Tanque gasolina,Transporte
Reparación hogar,Vivienda
Hospitalización,Salud
Psicologo,Salud
combustible,Transporte
Recarga tarjeta transporte,Transporte
Congreso académico,Educación
Gasolina,Transporte
Viaje transporte,Transporte
Tanque gasolina,Transporte
Reparación de plomería,Vivienda
Comida rápida,Alimentacion
Despensa mensual,Alimentacion
PERFUME,Ocio
Visita guiada,Ocio
Ingles,Educación
Gas natural,Servicios
Medicina,Salud
metro,Transporte
Clases de ingles,Educación
Comida rapida,Alimentacion
Seguro de vivienda,Vivienda
Colegio,Educación
Compra medicamento,Salud
Cena en restaurante,Alimentacion
Pago inscripción,Educación
SACMEX,Servicios
Pan dulce,Alimentacion
Zapatos,Ocio
Streaming,Servicios
GORRA,Ocio
Curso inglés,Educación
Electricidad,Servicios
recibo CFE,Servicios
Gasolina,Transporte
Adornos hogar,Vivienda
Consulta doctor,Salud
Curso virtual,Educación
GYM,Servicios
examen medico,Salud
Pan dulce,Alimentacion
Productos limpieza,Vivienda
gasolina magna,Transporte
Mensualidad escuela,Educación
Masaje,Ocio
Examen medico,Salud
Terapia fisica,Salud
Seguro de gastos medicos,Salud
Carga de gasolina,Transporte
muebles,Vivienda
Reloj,Ocio
natacion,Ocio
Recibo agua,Servicios
Pago gas natural,Servicios
Hospitalización,Salud
Reparación casa,Vivienda
Crédito hipotecario,Vivienda
Suscripcion Netflix,Ocio
Compra utiles escolares,Educación
Natacion,Ocio
Reloj,Ocio
Visita turistica,Ocio
Utiles escolares,Educación
pantalon,Ocio
Seguro medico,Salud
Queso,Alimentacion
Pago de escuela,Educación
Camion,Transporte
Farmacias Guadalajara,Salud
Recarga de gas,Servicios
Comida restaurante,Alimentacion
Servicio de plomería,Vivienda
supermercadoDESPENSA,Alimentacion
Reparación casa,Vivienda
Mantenimiento del edificio,Vivienda
Tortillería,Alimentacion
Gas natural,Servicios
Pintura para casa,Vivienda
Estacionamiento,Transporte
combustible,Transporte
Pago cable,Servicios
Metro,Transporte
Gas natural,Servicios
Servicio medico,Salud
Pago celular mensual,Servicios
Seguro de vivienda,Vivienda
Tutorias,Educación
Farmacia del Ahorro,Salud
PREMIUM,Transporte
Cafetería,Alimentacion
Boleto cablebus,Transporte
Medicamento farmacia,Salud
Inscripcion escuela,Educación
Compra en farmacia,Salud
Colonia,Ocio
Huevos,Alimentacion
CFE,Servicios
Pago de renta,Vivienda
panaderia,Alimentacion
Taxi de Sitio,Transporte
Yogurt,Alimentacion
Tarjeta movilidad,Transporte
Tren suburbano,Transporte
Suscripcion de streaming,Servicios
cafe,Alimentacion
Botanas,Alimentacion
Agua embotellada,Alimentacion
Recibo gas,Servicios
Pago mensual renta,Vivienda
Taller idiomas,Educación
Hobby,Ocio
Receta médica,Salud
Limpieza del hogar,Vivienda
Entrada museo,Ocio
Tianguis,Alimentacion
Material de estudio,Educación
Gas natural,Servicios
Adornos hogar,Vivienda
Servicio celular,Servicios
Limpieza,Servicios
Compra pintura,Vivienda
Despensa mensual,Alimentacion
Tortilleria,Alimentacion
muebles,Vivienda
ropa,Ocio
Taxi Didi,Transporte
Suscripción Netflix,Ocio
Seguro médico,Salud
Pemex,Transporte
Ingles,Educación
Cafeteria local,Alimentacion
Jarabe,Salud
Jarabe,Salud
Cafeteria local,Alimentacion
Receta médica,Salud
Latte,Alimentacion
libro,Ocio
Panaderia,Alimentacion
Cafe espresso,Alimentacion
Compra electrodoméstico,Vivienda
Pintura para interiores,Vivienda
verdura,Alimentacion
Certificacion,Educación
Pago de servicio,Servicios
Seguro de vivienda,Vivienda
Abono Hipoteca,Vivienda
Compra de comida,Alimentacion
Recarga gas,Servicios
Electrodomestico,Vivienda
Mensualidad renta,Vivienda
Didi food,Alimentacion
Libro escolar,Educación
Servicio celular,Servicios
Inglés,Educación
farmacia,Salud
Tutorías,Educación
Frutas,Alimentacion
Autobus,Transporte
Clases de ingles,Educación
Servicio Didi,Transporte
Plomeria,Vivienda
Laboratorio médico,Salud
Electrodomésticos,Vivienda
Servicio telefonico,Servicios
Libro,Ocio
Cuota mantenimiento,Vivienda
Streaming,Servicios
Curso idiomas,Educación
recarga telcel,Servicios
Senderismo,Ocio
Medicinas,Salud
Pasatiempo,Ocio
comida,Alimentacion
Comisión Federal de Electricidad,Servicios
Pasaje tren,Transporte
Tanque gasolina,Transporte
Articulos de limpieza,Vivienda
Gas,Servicios
Tanque gasolina,Transporte
Compra medicamento,Salud
Pan dulce,Alimentacion
natacion,Ocio
Compra libro,Ocio
Compra alimentos,Alimentacion
Agua potable,Servicios
Odontologo,Salud
Comida en restaurante,Alimentacion
Combustible,Transporte
Certificación profesional,Educación
Hobby,Ocio
Servicio streaming,Servicios
Cita medica,Salud
Suscripción Disney,Ocio
laboratorio medico,Salud
cfe,Servicios
Reparación tubería,Vivienda
Entrada museo,Ocio
Disney plus,Ocio
Tutor,Educación
Consola videojuego,Ocio
Set de ducha,Ocio
Taller de idiomas,Educación
Tienda de abarrotes,Alimentacion
Servicio de internet,Servicios
Refrescos,Alimentacion
Seminario académico,Educación
uber,Transporte
Decoracion del hogar,Vivienda
Productos de limpieza,Vivienda
Servicio cable,Servicios
Spa,Ocio
Examen de laboratorio,Salud
Herramientas hogar,Vivienda
Collar,Ocio
vegetal,Alimentacion
stream,Ocio
Inscripción curso,Educación
Pescado,Alimentacion
Tacos restaurante,Alimentacion
Cita doctor,Salud
Visita guiada,Ocio
certificacion,Educación
Antibiotico,Salud
gasolina,Transporte
Superercado,Alimentacion
Telefonía móvil,Servicios
Urgencias médicas,Salud
antibiotico,Salud
Combustible,Transporte
Agua embotellada,Alimentacion
Masaje,Ocio
Urgencias médicas,Salud
Rappi comida,Alimentacion
Comisión Federal de Electricidad,Servicios
Tarjeta Metro,Transporte
Gas Natural,Servicios
examen medico,Salud
Electrodomésticos,Vivienda
Material ferreteria,Vivienda
crema,Ocio
Estudio medico,Salud
Viaje transporte,Transporte
Compra farmacia,Salud
DIDI,Transporte
Clases de ingles,Educación
Zapatos,Ocio
UberEats,Alimentacion
Herramientas,Vivienda
Seminario,Educación
Clases de idiomas,Educación
CFE,Servicios
Tutorias,Educación
Pintura hogar,Vivienda
Recibo de agua,Servicios
Reparacion caldera,Servicios
Alimentos,Alimentacion
Autobús,Transporte
Servicio medico,Salud
Recibo de gas,Servicios
Seguro de vivienda,Vivienda
Mensualidad del gimnasio,Servicios
Recarga Telcel,Servicios
Medicinas,Salud
Examen laboratorio,Salud
Reparación de plomería,Vivienda
Decoración hogar,Vivienda
senderismo,Ocio
Libro de texto,Educación
GASOLINA,Transporte
Bolsa,Ocio
Telefonía celular,Servicios
Suscripción Paramount,Ocio
Medicamento,Salud
Servicio streaming,Servicios
Disney,Ocio
Servicio celular,Servicios
Comida rapida,Alimentacion
Compra alimentos,Alimentacion
Recibo de servicio,Servicios
laboratorio medico,Salud
Desayuno,Alimentacion
Servicio de limpieza,Servicios
Medicamentos,Salud
Abarrotes,Alimentacion
Pago renta,Vivienda
Spa,Ocio
doctor,Salud
Productos de limpieza,Vivienda
Pago gas natural,Servicios
Pago de colegiatura,Educación
Compra videojuego,Ocio
Museo,Ocio
Análisis Laboratorio,Salud
Spa,Ocio
Television por cable,Servicios
DOCTOR,Salud
TELCEL,Servicios
Universidad,Educación
Reparación electrodoméstico,Vivienda
Compra libros escolares,Educación
Abono hipoteca ,Vivienda
Servicio spa,Ocio
Recibo gas,Servicios
Servicio telefónico,Servicios
Farmacia Similares,Salud
Supermercado,Alimentacion
Estudio medico,Salud
Café espresso,Alimentacion
Boleto tren,Transporte
Inscripción universidad,Educación
Pago alquiler,Vivienda
Mensualidad gimnasio,Servicios
Limpieza del hogar,Vivienda
Compra de alimentos,Alimentacion
Congreso academico,Educación
Superercado,Alimentacion
Viaje transporte,Transporte
Compra despensa,Alimentacion
Boleto autobus,Transporte
certificacion,Educación
Inscripción escolar,Educación
Didi,Transporte
Viaje,Ocio
walmart,Alimentacion
Boleto autobus,Transporte
Comida para llevar restaurante,Alimentacion
Spa,Ocio
certificacion,Educación
Servicio telefonico,Servicios
Pan,Alimentacion
Boleto de autobús,Transporte
Viaje Uber,Transporte
Camion,Transporte
Taxi Didi,Transporte
Comida,Alimentacion
Pemex,Transporte
Yogurt,Alimentacion
Cafeteria local,Alimentacion
Taxi Didi,Transporte
CAMISETA,Ocio
Seguro vivienda,Vivienda
Colegiatura,Educación
Compra de alimentos,Alimentacion
TAXI,Transporte
Material educativo,Educación
Reparacion electrodomestico,Vivienda
Viaje en taxi,Transporte
laboratorio medico,Salud
Curso online,Educación
Recarga Telcel,Servicios
Pedido de comida,Alimentacion
taxi,Transporte
sacmex,Servicios
Lentes para sol,Ocio
Pago gas,Servicios
Telefonía móvil,Servicios
Té y galletas,Alimentacion
Servicio de cable,Servicios
farmacia similares,Salud
Gasolina Magna,Transporte
UNIVERSIDAD,Educación
Clases de ingles,Educación
examen medico,Salud
Odontologo,Salud
Pago de universidad,Educación
Análisis de laboratorio,Salud
Pago seguro vivienda,Vivienda
Pedido comida,Alimentacion
certificacion,Educación
UNIVERSIDAD,Educación
Restaurante,Alimentacion
Pan dulce,Alimentacion
Combustible,Transporte
Servicio de limpieza,Servicios
Útiles escolares,Educación
Peaje,Transporte
Conferencia academica,Educación
FARMACIA,Salud
Pasaje,Transporte
cablebus,Transporte
Servicio mantenimiento,Servicios
Seminario académico,Educación
Uber Eats,Alimentacion
Servicio caldera,Servicios
Clase de baile,Ocio
Pago internet,Servicios
Seguro de gastos medicos,Salud
Reparacion plomeria,Vivienda
Servicio gasolinera,Transporte
FERRETERIA,Vivienda
Pago combustible,Transporte
Festival musica,Ocio
Alquiler,Vivienda
Pintura hogar,Vivienda
Antibiotico,Salud
MEDICINA,Salud
Compra pintura,Vivienda
LABORATORIO,Salud
TELCEL,Servicios
Playera,Ocio
Fibra optica,Servicios
Tutorias,Educación
Utensilios de cocina,Vivienda
Juego,Ocio
Crema facial,Ocio
CURSO,Educación
Seminario academico,Educación
Clases de inglés,Educación
Recarga de gas,Servicios
medico,Salud
Compra combustible,Transporte
Reparación de plomería,Vivienda
Pago de universidad,Educación
Transporte público,Transporte
PREMIUM,Transporte
Pasaje de autobus,Transporte
Cena,Alimentacion
HIPOTECA,Vivienda
Libro escolar,Educación
MEDICO,Salud
comida rapida,Alimentacion
Camion,Transporte
Decoración casa,Vivienda
Suscripcion Disney,Ocio
Entrada museo,Ocio
Reparacion tuberia,Vivienda
restaurante,Alimentacion
Pasaje urbano,Transporte
Cocina,Vivienda
Didi food,Alimentacion
Analgésico,Salud
Artículos de limpieza,Vivienda
NETFLIX,Ocio
Parque diversiones,Ocio
Farmacia Guadalajara,Salud
Boleto cablebus,Transporte
Netflix,Ocio
Cafe de cafeteria,Alimentacion
Suscripcion de streaming,Servicios
Pasaje autobus,Transporte
RECIBO CFE,Servicios
Credito hipotecario,Vivienda
Paseo,Ocio
Compra de muebles,Vivienda
LABORATORIO,Salud
Alimentos,Alimentacion
Servicio Uber,Transporte
Útiles escolares,Educación
Frutas y verduras,Alimentacion
Cita medica,Salud
Pago de luz,Servicios
Pintura,Vivienda
Mensualidad escuela,Educación
Boletos cine,Ocio
Servicio de cable,Servicios
Servicio médico,Salud
Transporte publico,Transporte
Útiles escuela,Educación
Pago escuela,Educación
alimentos,Alimentacion
Compra de alimentos,Alimentacion
Pago Disney,Ocio
Pago Telcel,Servicios
Pago de servicio,Servicios
Pago de electricidad,Servicios
Visita turística,Ocio
Pago alquiler,Vivienda
Pago celular,Servicios
Mantenimiento caldera,Servicios
Decoración hogar,Vivienda
Compra combustible,Transporte
DIDI,Transporte
mantenimiento edificio,Vivienda
Plomeria,Vivienda
ciclismo,Ocio
Servicio cable,Servicios
Material educativo,Educación
Útiles escolares,Educación
Pasaje tren,Transporte
Botanas,Alimentacion
Compra farmacia,Salud
Psicólogo,Salud
Viaje transporte,Transporte
Utiles escolares,Educación
Compra muebles,Vivienda
Comida rapida restaurante,Alimentacion
Aretes,Ocio
Pintura hogar,Vivienda
Suscripcion Netflix,Ocio
Tutor,Educación
Compra supermercado,Alimentacion
Didi,Transporte
Reparacion caldera,Servicios
Cafetería local,Alimentacion
Karaoke,Ocio
Pago crédito hipotecario,Vivienda
Compra en mercado,Alimentacion
Material ferreteria,Vivienda
Leche,Alimentacion
Curso inglés,Educación
Compra limpieza hogar,Vivienda
Recibo servicio,Servicios
Cable,Servicios
Servicio de mantenimiento,Servicios
ciclismo,Ocio
Transporte urbano,Transporte
TAXI,Transporte
Pintura interiores,Vivienda
Mantenimiento departamento,Vivienda
Panaderia,Alimentacion
Jarabe,Salud
pago agua,Servicios
Antibiotico,Salud
Medicamento farmacia,Salud
Didi,Transporte
Mantenimiento servicio,Servicios
Tren suburbano,Transporte
Compra de muebles,Vivienda
Estacionamiento vehiculo,Transporte
renta,Vivienda
Análisis Laboratorio,Salud
Libro de texto,Educación
Compra supermercado,Alimentacion
Útiles escuela,Educación
curso en linea,Educación
Electrodomésticos,Vivienda
recibo de luz,Servicios
Uber,Transporte
pastillas,Salud
Mantenimiento de caldera,Servicios
Parking,Transporte
dentista,Salud
Abono hipoteca ,Vivienda
didi,Transporte
ciclismo,Ocio
Telefonía celular,Servicios
Tacos restaurante,Alimentacion
gasolina,Transporte
Almuerzo,Alimentacion
Transporte publico,Transporte
Abono hipoteca ,Vivienda
Servicio limpieza hogar,Servicios
Accesorios,Ocio
Antibioticos,Salud
TIANGUIS,Alimentacion
spa,Ocio
stream,Ocio
Boleto de autobus,Transporte
Servicios de reparacion hogar,Vivienda
Pedido de comida,Alimentacion
Tortillería,Alimentacion
Analgesico,Salud
Entrada evento,Ocio
Mueble para sala,Vivienda
Clases de matemáticas,Educación
Articulos para hogar,Vivienda
Factura de agua,Servicios
Compra muebles,Vivienda
Surf,Ocio
Metró,Transporte
Recarga tarjeta movilidad,Transporte
Examen certificacion,Educación
Superercado,Alimentacion
LABORATORIO,Salud
Hospital,Salud
Compra de muebles,Vivienda
Productos de cuidado personal,Ocio
Pago renta,Vivienda
Psicologo,Salud
Material escolar,Educación
muebles,Vivienda
Tanque de gas,Servicios
Cita medica,Salud
Gym,Servicios
Mantenimiento del edificio,Vivienda
Recarga tarjeta metro,Transporte
TELCEL,Servicios
didi,Transporte
Congreso académico,Educación
metro,Transporte
Renta mensual,Vivienda
renta,Vivienda
Abono Hipoteca,Vivienda
Examen medico,Salud
Camión,Transporte
Pago de television por cable,Servicios
Compra despensa,Alimentacion
Certificación,Educación
DIDI,Transporte
Compra comida,Alimentacion
Pago electricidad,Servicios
Consulta dental,Salud
pastilla,Salud
suscripcion netflix,Ocio
Plan de internet,Servicios
Articulos para hogar,Vivienda
Libro escolar,Educación
Mensualidad renta,Vivienda
Karaoke,Ocio
Paseo,Ocio
Clases de matematicas,Educación
universidad,Educación
Abono Hipoteca,Vivienda
Joyería,Ocio
Compra en mercado,Alimentacion
Mantenimiento edificio,Vivienda
Mantenimiento del edificio,Vivienda
Mantenimiento departamento,Vivienda
Didi Food,Alimentacion
Receta médica,Salud
Matcha,Alimentacion
Tanque de gasolina,Transporte
Recarga tarjeta movilidad,Transporte
Gasolina premium,Transporte
Gas Natural,Servicios
Odontólogo,Salud
Reparación de plomería,Vivienda
Lácteos,Alimentacion
Antibiótico,Salud
galleta,Alimentacion
Decoración del hogar,Vivienda
Utensilios de cocina,Vivienda
Electrodomestico,Vivienda
internet,Servicios
Café espresso,Alimentacion
restaurante,Alimentacion
Pasaje,Transporte
Servicio médico,Salud
pago agua,Servicios
Urgencias medicas,Salud
FERRETERIA,Vivienda
Receta médica,Salud
Antibioticos,Salud
Latte,Alimentacion
Nutriologo,Salud
Clases de ingles,Educación
Plan internet,Servicios
Antibiotico,Salud
Pago alquiler,Vivienda
Diplomado,Educación
Electrodomesticos,Vivienda
Servicio limpieza,Servicios
Cafeteria local,Alimentacion
Servicio celular,Servicios
Compra de muebles,Vivienda
MEDICINA,Salud
Gasolina magna,Transporte
pastilla,Salud
Curso idiomas,Educación
transporte publico,Transporte
Pan dulce,Alimentacion
Decoracion hogar,Vivienda
Servicio gas,Servicios
Reparación tubería,Vivienda
Pago de television por cable,Servicios
Suscripción de streaming,Servicios
tianguis,Alimentacion
Certificación profesional,Educación
Compra de tortillas,Alimentacion
GORRA,Ocio
Inglés,Educación
Clases de idiomas,Educación
Antibioticos,Salud
CFE pago,Servicios
Cafetería,Alimentacion
LIBRO,Ocio
Cita médica,Salud
Tortillas,Alimentacion
Medicinas,Salud
Inscripción universidad,Educación
Estacionamiento,Transporte
Recibo gas,Servicios
Mensualidad gimnasio,Servicios
Psicologo,Salud
Reparación caldera,Servicios
Estacionamiento vehiculo,Transporte
Gasolinera,Transporte
Taxi Didi,Transporte
Curso en linea,Educación
Boleto tren,Transporte
COLEGIATURA,Educación
Decoración hogar,Vivienda
Pastillas,Salud
Medicinas,Salud
Entrada concierto,Ocio
Pago renta,Vivienda
comida rapida,Alimentacion
CAFÉ,Alimentacion
Gasolina magna,Transporte
Netflix,Ocio
Colegio,Educación
Pago crédito hipotecario,Vivienda
Metro,Transporte
Estacionamiento vehiculo,Transporte
Servicio Uber,Transporte
Gas LP,Servicios
Farmacia similares,Salud
Carga Gas LP,Servicios
Tianguis,Alimentacion
Libro de texto,Educación
Cable,Servicios
Examen certificacion,Educación
Boleto evento,Ocio
Taxi sitio,Transporte
Cuota escolar,Educación
Material de estudio,Educación
Cable,Servicios
Curso idiomas,Educación
Artículos para hogar,Vivienda
Cita medica,Salud
Pago de internet,Servicios
Servicio gas,Servicios
Analisis de laboratorio,Salud
Fotografía,Ocio
Compra supermercado,Alimentacion
Lentes de sol,Ocio
Compra de tortillas,Alimentacion
Pago alquiler,Vivienda
Cafe de cafeteria,Alimentacion
Visita turistica,Ocio
Limpieza,Servicios
Cena en restaurante,Alimentacion
Médico,Salud
COLEGIATURA,Educación
medicina,Salud
Pago escuela,Educación
Mensualidad renta,Vivienda
Curso ingles,Educación
Parking,Transporte
Pedido de comida,Alimentacion
Compra supermercado,Alimentacion
Congreso académico,Educación
Diplomado profesional,Educación
Compra en supermercado,Alimentacion
Fragancia,Ocio
Ferretería,Vivienda
mantenimiento edificio,Vivienda
Servicio spa,Ocio
Pasaje de autobus,Transporte
Suscripcion Paramount,Ocio
Medico,Salud
Articulos de limpieza,Vivienda
Pago television por cable,Servicios
Inscripcion escolar,Educación
Farmacia del Ahorro,Salud
Urgencias medicas,Salud
Suscripcion netflix,Ocio
Seguro médico,Salud
Entrada cine,Ocio
curso,Educación
Supermercado,Alimentacion
Pago de hipoteca,Vivienda
Curso de idiomas,Educación
Uber Eats,Alimentacion
Reloj,Ocio
Certificación,Educación
ESCUELA,Educación
Pago celular mensual,Servicios
Entrada teatro,Ocio
Karaoke,Ocio
Supermercado,Alimentacion
LIBRO,Ocio
Hamburguesa,Alimentacion
UNIVERSIDAD,Educación
Decoracion casa,Vivienda
tortilleria,Alimentacion
Servicio telefonico,Servicios
Antibioticos,Salud
didi,Transporte
Alimentos,Alimentacion
Cuota mantenimiento,Vivienda
Baile,Ocio
Laboratorio médico,Salud
Bolsa,Ocio
Tour turistico,Ocio
Electrodomésticos,Vivienda
tortilleria,Alimentacion
DiDi,Transporte
Consulta médica,Salud
Útiles escolares,Educación
Yogur,Alimentacion
Analgesico,Salud
GASOLINA,Transporte
Hospitalizacion,Salud
Reparacion casa,Vivienda
Servicio spa,Ocio
Inscripción universidad,Educación
Recibo CFE,Servicios
Compra electrodoméstico,Vivienda
Productos para hogar,Vivienda
Curso de internet,Educación
dentista,Salud
Certificación profesional,Educación
Examen de laboratorio,Salud
Viaje Didi,Transporte
Alquiler,Vivienda
Taller de idiomas,Educación
Netflix,Ocio
Reparación hogar,Vivienda
Transporte por aplicación,Transporte
Disney+,Ocio
Consulta dental,Salud
Accesorios,Ocio
Reparacion electrodomestico,Vivienda
Compra de despensa,Alimentacion
Perfume,Ocio
Delivery de comida,Alimentacion
Tanque de gasolina,Transporte
Tutor,Educación
Cuota autopista,Transporte
Huevos,Alimentacion
suscripcion netflix,Ocio
farmacia,Salud
Cuota escolar,Educación
Mensualidad universidad,Educación
TIANGUIS,Alimentacion
Hospitalizacion,Salud
Agua potable,Servicios
Muebles,Vivienda
Boliche,Ocio
MEDICO,Salud
Gasolinera,Transporte
Tacos,Alimentacion
WALMART,Alimentacion
Té y galletas,Alimentacion
Taxi sitio,Transporte
limpieza,Servicios
Comida para llevar restaurante,Alimentacion
Diplomado profesional,Educación
curso,Educación
Tanque de gasolina,Transporte
cafe,Alimentacion
Farmacia similares,Salud
Reloj,Ocio
Streaming,Servicios
Pago Paramount,Ocio
Cafetería local,Alimentacion
Tortilleria,Alimentacion
Articulos para hogar,Vivienda
Taxi,Transporte
Compra útiles escolares,Educación
Panadería,Alimentacion
Limpieza del hogar,Vivienda
Entrada evento,Ocio
Utiles escolares,Educación
curso en linea,Educación
Mantenimiento casa,Vivienda
Pago de electricidad,Servicios
Paseo turistico,Ocio
Crema facial,Ocio
gimnasio,Servicios
Viaje Didi,Transporte
Servicio streaming,Servicios
Pago seguro medico,Salud
Taller de idiomas,Educación
alimentos,Alimentacion
Gasolina Premium,Transporte
Inscripcion escuela,Educación
Pago agua,Servicios
Recibo de luz,Servicios
Fibra optica,Servicios
Farmacia Guadalajara,Salud
WALMART,Alimentacion
Servicio limpieza,Servicios
Electrodomestico,Vivienda
Antibiótico,Salud
Cablebus,Transporte
Juegos,Ocio
Hospital,Salud
Articulos para hogar,Vivienda
despensa,Alimentacion
taxi sitio,Transporte
Abono Hipoteca,Vivienda
Reparación caldera,Servicios
Taller de idiomas,Educación
perfume,Ocio
mantenimiento edificio,Vivienda
Pago Paramount,Ocio
Artículos de limpieza,Vivienda
Queso,Alimentacion
Mensualidad escolar,Educación
Tren suburbano,Transporte
Servicio celular,Servicios
Inscripcion escuela,Educación
antibiotico,Salud
Fisioterapia,Salud
medicamento,Salud
Medicamento,Salud
Gimnasio,Servicios
Nutriologo,Salud
Taxi,Transporte
Te y galletas,Alimentacion
Mantenimiento de caldera,Servicios
CURSO,Educación
Servicio gasolinera,Transporte
Colegio,Educación
Panaderia,Alimentacion
Clases de idiomas,Educación
Terapia física,Salud
Mantenimiento de caldera,Servicios
Estacionamiento vehículo,Transporte
Utensilios de cocina,Vivienda
Patinaje,Ocio
pago cfe,Servicios
Pago mensualidad escolar,Educación
Servicio streaming,Servicios
Boleto concierto,Ocio
Boleto tren,Transporte
Comida,Alimentacion
Cuota autopista,Transporte
Analgesico,Salud
Cuota mantenimiento,Vivienda
Pago inscripcion,Educación
CURSO,Educación
PEMEX,Transporte
Psicólogo,Salud
Spa,Ocio
Servicio streaming,Servicios
Seguro de vivienda,Vivienda
combustible,Transporte
Pedido comida,Alimentacion
Reparacion caldera,Servicios
Fibra optica,Servicios
Gas natural,Servicios
Analisis Laboratorio,Salud
Panaderia,Alimentacion
Mensualidad universidad,Educación
Congreso académico,Educación
Camion,Transporte
Pago celular,Servicios
CURSO,Educación
gasolina magna,Transporte
Curso online,Educación
Farmacia,Salud
Francés,Educación
Pago de universidad,Educación
Entrada teatro,Ocio
Clase de baile,Ocio
Nutriologo,Salud
Herramientas,Vivienda
Tienda de ropa,Ocio
Viaje,Ocio
Matcha latte,Alimentacion
uber,Transporte
TAXI,Transporte
Clase particular,Educación
Carne,Alimentacion
Carga de gasolina,Transporte
Hospitalizacion,Salud
Compra de muebles,Vivienda
Reparación plomería,Vivienda
Carne,Alimentacion
Boleto parque,Ocio
Mochila,Ocio
Inscripcion escolar,Educación
Compra electrodomestico,Vivienda
Analisis Laboratorio,Salud
Compra en farmacia,Salud
Examen certificacion,Educación
Telefonia movil,Servicios
Recibo de servicio,Servicios
Metró,Transporte
Panaderia,Alimentacion
Carga de gasolina,Transporte
Diplomado profesional,Educación
metro,Transporte
Urgencias médicas,Salud
escuela,Educación
LABORATORIO,Salud
Comida en restaurante,Alimentacion
Despensa Walmart,Alimentacion
recibo de luz,Servicios
autobus,Transporte
Comida restaurante,Alimentacion
Analgésico,Salud
Examen laboratorio,Salud
Cafe espresso,Alimentacion
Odontólogo,Salud
Carniceria,Alimentacion
Pago television por cable,Servicios
Cocina,Vivienda
Medicamentos,Salud
Comida,Alimentacion
GASOLINA,Transporte
sacmex,Servicios
Internet hogar,Servicios
Medicina,Salud
Tanque gas,Servicios
Servicio streaming,Servicios
Aretes,Ocio
Estacionamiento,Transporte
Factura de agua,Servicios
Pago escuela,Educación
Didi Food,Alimentacion
Pintura casa,Vivienda
Consulta especialista,Salud
Laboratorio medico,Salud
Clases idiomas,Educación
RENTA,Vivienda
Cuota mantenimiento,Vivienda
Pago electricidad,Servicios
Cablebus,Transporte
Viaje,Ocio
Curso ingles,Educación
Cablebus CDMX,Transporte
autobus,Transporte
Servicio de plomería,Vivienda
Servicio de limpieza,Servicios
joyeria,Ocio
Gasolina,Transporte
Limpieza,Servicios
Reparación plomería,Vivienda
Boleto autobus,Transporte
Pago seguro medico,Salud
Consulta especialista,Salud
Didi food,Alimentacion
Pago seguro medico,Salud
Inglés,Educación
Pago Netflix,Ocio
Pago de universidad,Educación
Mensualidad escolar,Educación
renta,Vivienda
Streaming,Servicios
Mantenimiento del edificio,Vivienda
Abarrotes,Alimentacion
Tren suburbano,Transporte
Inscripción curso,Educación
Lentes para sol,Ocio
Servicio de cable,Servicios
Cine,Ocio
Reparación caldera,Servicios
analisis laboratorio,Salud
Cursos,Educación
pago cfe,Servicios
Sombrero,Ocio
Compra combustible,Transporte
Receta médica,Salud
Francés,Educación
DiDi,Transporte
Pago alquiler,Vivienda
Autobús,Transporte
Tour turístico,Ocio
PEMEX,Transporte
Mensualidad renta,Vivienda
Laboratorio medico,Salud
Frances,Educación
Pago alquiler,Vivienda
Colegio,Educación
vegetales,Alimentacion
Comisión Federal de Electricidad,Servicios
Urgencias medicas,Salud
Estudios de laboratorio,Salud
Entrada teatro,Ocio
Metró,Transporte
Examen certificación,Educación
Limpieza del hogar,Vivienda
Recibo de gas,Servicios
Boleto parque,Ocio
RECIBO CFE,Servicios
Suscripción de streaming,Servicios
autobus,Transporte
cfe,Servicios
Credito hipotecario,Vivienda
Inscripción curso,Educación
Servicio Didi,Transporte
PERFUME,Ocio
Pago renta,Vivienda
Visita turistica,Ocio
Reparación hogar,Vivienda
gorra,Ocio
disney,Ocio
Cita medica,Salud
Supermercado,Alimentacion
Camiseta,Ocio
Ferreteria,Vivienda
Pago universidad,Educación
fruta,Alimentacion
laboratorio medico,Salud
gas lp,Servicios
Servicio gas,Servicios
combustible,Transporte
Gorra,Ocio
supermercado,Alimentacion
Paseo turistico,Ocio
Boleto cine,Ocio
Cursos,Educación
Pago agua,Servicios
Pista de hielo,Ocio
Superercado,Alimentacion
Pista de hielo,Ocio
Vitaminas,Salud
Pastillas,Salud
Examen medico,Salud
Material escolar,Educación
Pago seguro vivienda,Vivienda
Pago gas,Servicios
Examen laboratorio,Salud
Pago de renta,Vivienda
Paramount+,Ocio
Pasaje autobus,Transporte
Agua embotellada,Alimentacion
Examen medico,Salud
Decoración del hogar,Vivienda
Alimentos,Alimentacion
Escuela,Educación
curso,Educación
Compra despensa,Alimentacion
tren suburbano,Transporte
Paramount,Ocio
Servicio cable,Servicios
Alimentos,Alimentacion
Universidad,Educación
Compra medicamento,Salud
Cablebus CDMX,Transporte
Despensa quincenal,Alimentacion
RESTAURANTE,Alimentacion
despensa,Alimentacion
Congreso academico,Educación
cine,Ocio
Plomería,Vivienda
Reparación tubería,Vivienda
Cuota escolar,Educación
ropa,Ocio
Seguro médico,Salud
alimentos,Alimentacion
Pago celular,Servicios
Pago crédito hipotecario,Vivienda
Pago de celular,Servicios
Pastilla,Salud
Comisión Federal de Electricidad,Servicios
Galletas,Alimentacion
Libro,Ocio
Spa,Ocio
Gasolina Premium,Transporte
Analisis de laboratorio,Salud
Laboratorio,Salud
Combustible,Transporte
PERFUME,Ocio
Libro escolar,Educación
Internet,Servicios
Cuota escolar,Educación
Pollo,Alimentacion
cafe,Alimentacion
Disney+,Ocio
Hospitalizacion,Salud
Productos limpieza,Vivienda
Compra limpieza hogar,Vivienda
Gas LP,Servicios
Cartera,Ocio
Decoracion del hogar,Vivienda
Pago seguro medico,Salud
Farmacia del Ahorro,Salud
Pemex,Transporte
Didi food,Alimentacion
Servicio gasolinera,Transporte
DiDi,Transporte
Pista de hielo,Ocio
Clases de idiomas,Educación
Clases de ingles,Educación
Taxi Didi,Transporte
Inglés,Educación
gas,Servicios
Fragancia,Ocio
Material escolar,Educación
Servicio Uber,Transporte
CAFÉ,Alimentacion
Consulta medica,Salud
Superercado,Alimentacion
Cine,Ocio
comida rapida,Alimentacion
Viaje Didi,Transporte
Sombrero,Ocio
PREMIUM,Transporte
Clases de idiomas,Educación
Pago de celular,Servicios
Curso ingles,Educación
Compra libros escolares,Educación
Curso de idiomas,Educación
Boleto cablebus,Transporte
Tanque gasolina,Transporte
Tour turístico,Ocio
medicina,Salud
Transporte publico,Transporte
Artículos de limpieza,Vivienda
Paseo turistico,Ocio
Uber Eats,Alimentacion
Laboratorio medico,Salud
DIDI,Transporte
Telefonía celular,Servicios
COLEGIATURA,Educación
SACMEX,Servicios
Cómic,Ocio
Compra farmacia,Salud
Gas LP,Servicios
Fisioterapia,Salud
Clases idiomas,Educación
Taller de idiomas,Educación
spa,Ocio
antibiotico,Salud
taxi,Transporte
Panadería,Alimentacion
MEDICO,Salud
GYM,Servicios
Pago de escuela,Educación
Uber,Transporte
Reparación electrodoméstico,Vivienda
Ferreteria,Vivienda
consulta medica,Salud
Suscripcion Disney,Ocio
NETFLIX,Ocio
Delivery de comida,Alimentacion
Servicio medico,Salud
Compra libro escolar,Educación
Novela,Ocio
Despensa Walmart,Alimentacion
Compra en mercado,Alimentacion
Compra de despensa,Alimentacion
Comida,Alimentacion
Congreso academico,Educación
Pago de colegiatura,Educación
Compra libros escolares,Educación
Comida rápida,Alimentacion
stream,Ocio
Pago gas,Servicios
Cartera,Ocio
Clases de ingles,Educación
Alimentos,Alimentacion
Taller idiomas,Educación
Seminario,Educación
Reparación plomería,Vivienda
Té y galletas,Alimentacion
Material de estudio,Educación
Recibo de servicio,Servicios
Doctor,Salud
Streaming,Servicios
Patinaje,Ocio
Utensilios de cocina,Vivienda
Galletas,Alimentacion
crema,Ocio
streaming,Ocio
natacion,Ocio
Gasolina premium,Transporte
Parking,Transporte
Diplomado profesional,Educación
Pago inscripcion,Educación
Tanque gasolina,Transporte
Recibo de servicio,Servicios
Pollo,Alimentacion
senderismo,Ocio
Muebles para sala,Vivienda
Gasolina Premium,Transporte
laboratorio,Salud
Uber viaje,Transporte
Farmacia Similares,Salud
Carga gasolina,Transporte
Cita médica,Salud
vegetal,Alimentacion
Recibo CFE,Servicios
pastilla,Salud
taxi sitio,Transporte
CFE,Servicios
Fibra óptica,Servicios
MAGNA,Transporte
Reparacion de plomeria,Vivienda
Pago celular,Servicios
Compra de tortillas,Alimentacion
Transporte público,Transporte
Didi food,Alimentacion
Tanque gasolina,Transporte
ferreteria,Vivienda
autobus,Transporte
concierto,Ocio
Libro escolar,Educación
Boleto de autobus,Transporte
Viaje Uber,Transporte
Examen certificación,Educación
Mensualidad gimnasio,Servicios
Transporte publico,Transporte
Playera,Ocio
Suscripcion Disney,Ocio
cablebus,Transporte
Certificación,Educación
Transporte público,Transporte
Joyeria,Ocio
Hamburguesa,Alimentacion
Pago combustible,Transporte
Materiales escolares,Educación
Zapatos,Ocio
Urgencias médicas,Salud
Despensa mensual,Alimentacion
Cuota mantenimiento,Vivienda
Cuota mantenimiento,Vivienda
Masaje,Ocio
pintura,Vivienda
Servicio de agua,Servicios
Desayuno,Alimentacion
Gasolina Premium,Transporte
Mensualidad escuela,Educación
Servicio limpieza,Servicios
mantenimiento edificio,Vivienda
Clase particular,Educación
Farmacia Similares,Salud
Utensilios cocina,Vivienda
Compra de ropa,Ocio
Pago limpieza,Servicios
Odontologo,Salud
Limpieza del hogar,Vivienda
Inglés,Educación
Servicio de internet,Servicios
gasolina magna,Transporte
antibiotico,Salud
plomeria,Vivienda
Suscripcion Netflix,Ocio
Urgencias medicas,Salud
Visita turistica,Ocio
Articulos para hogar,Vivienda
Seguro casa,Vivienda
Compra en farmacia,Salud
Compra videojuego,Ocio
Servicio agua,Servicios
Streaming,Ocio
electricidad,Servicios
Ferretería,Vivienda
cafe,Alimentacion
Festival música,Ocio
Crema facial,Ocio
curso,Educación
Articulos de limpieza,Vivienda
Aretes,Ocio
Alquiler vivienda,Vivienda
pago agua,Servicios
Seguro de gastos médicos,Salud
vegetales,Alimentacion
Clases de inglés,Educación
Suscripción Disney,Ocio
Medicina,Salud
uber,Transporte
Receta medica,Salud
Utiles escolares,Educación
Utensilios de cocina,Vivienda
Estudio medico,Salud
Surf,Ocio
Reparacion casa,Vivienda
Camión,Transporte
Desayuno,Alimentacion
Set de ducha,Ocio
Comic,Ocio
Pago de hipoteca,Vivienda
Juegos,Ocio
Artículos de limpieza,Vivienda
Frutas,Alimentacion
pastilla,Salud
Examen certificación,Educación
Seguro médico,Salud
PEMEX,Transporte
Antibiotico,Salud
Cita doctor,Salud
Utensilios de cocina,Vivienda
Recibo de luz,Servicios
DiDi,Transporte
Gasolinera PEMEX,Transporte
Pago telefonia,Servicios
Recarga Metro,Transporte
Clase particular,Educación
Pago de celular,Servicios
Curso de idiomas,Educación
Cocina,Vivienda
Inscripción curso,Educación
Compra de despensa,Alimentacion
Curso inglés,Educación
Pedido de comida,Alimentacion
Uber eats,Alimentacion
Uber Eats,Alimentacion
PREMIUM,Transporte
Combustible,Transporte
Taxi de Sitio,Transporte
Botanas,Alimentacion
Terapia fisica,Salud
Adornos para casa,Vivienda
Electricidad,Servicios
Muebles sala,Vivienda
Seminario,Educación
Despensa,Alimentacion
Curso virtual,Educación
CURSO,Educación
gorra,Ocio
Cena en restaurante,Alimentacion
spa,Ocio
Servicio médico,Salud
Carne,Alimentacion
Servicio spa,Ocio
Reparación tubería,Vivienda
Desayuno,Alimentacion
Cita medica,Salud
Transporte público,Transporte
Servicio internet,Servicios
gas,Servicios
Analisis de laboratorio,Salud
Clases privadas,Educación
Compra libro,Ocio
Comida,Alimentacion
Lentes de sol,Ocio
Taller de idiomas,Educación
Recarga tarjeta movilidad,Transporte
recibo de luz,Servicios
Boleto parque,Ocio
Limpieza,Servicios
Disney plus,Ocio
Pago colegiatura,Educación
curso,Educación
antibiotico,Salud
Kit de ducha,Ocio
Antibiótico,Salud
Television por cable,Servicios
Visita turistica,Ocio
Boleto cine,Ocio
CURSO,Educación
joyeria,Ocio
Crema,Ocio
Pago credito hipotecario,Vivienda
Compra de muebles,Vivienda
cablebus,Transporte
gimnasio,Servicios
Artículos limpieza,Vivienda
Articulos limpieza,Vivienda
Reparación de plomería,Vivienda
Cocina,Vivienda
Tacos restaurante,Alimentacion
Pasaje urbano,Transporte
doctor,Salud
Seguro de vivienda,Vivienda
Decoracion hogar,Vivienda
Servicio Uber,Transporte
Boleto concierto,Ocio
Parque de diversiones,Ocio
suscripcion netflix,Ocio
Masaje,Ocio
Consulta médica,Salud
Clase de baile,Ocio
Recarga tarjeta transporte,Transporte
Inscripcion escuela,Educación
Abono hipoteca,Vivienda
Recarga de gas,Servicios
verdura,Alimentacion
Estacionamiento vehículo,Transporte
UBER,Transporte
Examen certificacion,Educación
Medicamento,Salud
Carga gas LP,Servicios
CAFÉ,Alimentacion
Estacionamiento vehiculo,Transporte
PREMIUM,Transporte
Pedido de comida,Alimentacion
Mensualidad del gimnasio,Servicios
Accesorios,Ocio
Clase particular,Educación
Pago telefonía,Servicios
Servicio de mantenimiento,Servicios
Pago inscripción,Educación
Agua embotellada,Alimentacion
Escuela,Educación
Herramientas hogar,Vivienda
FERRETERIA,Vivienda
Servicio de plomeria,Vivienda
TAXI,Transporte
mantenimiento edificio,Vivienda
fruta,Alimentacion
camiseta,Ocio
Francés,Educación
Limpieza,Servicios
autobus,Transporte
Pago de Agua,Servicios
RESTAURANTE,Alimentacion
Material de estudio,Educación
Curso en línea,Educación
Congreso académico,Educación
Combustible,Transporte
Servicios de reparación hogar,Vivienda
taxi sitio,Transporte
Productos limpieza,Vivienda
Pago de electricidad,Servicios
Suscripcion Paramount,Ocio
Servicio spa,Ocio
Bolso,Ocio
cablebus,Transporte
Pago Disney,Ocio
Frances,Educación
Lacteos,Alimentacion
autobus,Transporte
Carga de gasolina,Transporte
Factura agua,Servicios
Útiles escuela,Educación
Carne,Alimentacion
Articulos para hogar,Vivienda
Latte,Alimentacion
Cafetería,Alimentacion
Compra en supermercado,Alimentacion
Artículos de limpieza,Vivienda
Zapatos,Ocio
Materiales escolares,Educación
pastilla,Salud
Pasaje autobus,Transporte
Evento,Ocio
Urgencias medicas,Salud
Pago cable,Servicios
examen medico,Salud
Suscripcion Netflix,Ocio
SACMEX,Servicios
Karaoke,Ocio
FERRETERIA,Vivienda
Huevos,Alimentacion
Comida rapida restaurante,Alimentacion
Consulta médica,Salud
Matcha latte,Alimentacion
Mantenimiento departamento,Vivienda
Uber Eats,Alimentacion
Compra ferreteria,Vivienda
TELCEL,Servicios
Antibiotico,Salud
Consola videojuego,Ocio
Electrodomésticos,Vivienda
Pago celular,Servicios
Festival música,Ocio
Lácteos,Alimentacion
Telefonia celular,Servicios
LIBRO,Ocio
Limpieza,Servicios
Tanque de gasolina,Transporte
Doctor,Salud
UBER,Transporte
gasolina,Transporte
Disney plus,Ocio
Bolso,Ocio
Cafetería,Alimentacion
Taxi de Sitio,Transporte
Boliche,Ocio
ferreteria,Vivienda
Comida,Alimentacion
internet,Servicios
ciclismo,Ocio
Restaurante,Alimentacion
Productos de limpieza,Vivienda
Masaje,Ocio
Compra de muebles,Vivienda
Libro escolar,Educación
Compra limpieza hogar,Vivienda
pemex,Transporte
Visita turística,Ocio
Compra utiles escolares,Educación
Streaming,Ocio
Servicio cable,Servicios
Analisis Laboratorio,Salud
Materiales escolares,Educación
Cocina,Vivienda
Diplomado profesional,Educación
Farmacia del Ahorro,Salud
Examen de laboratorio,Salud
Examen de laboratorio,Salud
Reparacion caldera,Servicios
Consulta doctor,Salud
Servicios de reparación hogar,Vivienda
playera,Ocio
Yogur,Alimentacion
Ropa,Ocio
UNIVERSIDAD,Educación
Despensa Walmart,Alimentacion
Pago de hipoteca,Vivienda
Kit de ducha,Ocio
Inscripción curso,Educación
Comida rapida,Alimentacion
verdura,Alimentacion
Cafeteria local,Alimentacion
Material educativo,Educación
Ingles,Educación
Gasolinera PEMEX,Transporte
Taxi sitio,Transporte
Recibo de agua,Servicios
Suscripcion Disney,Ocio
Pago de television por cable,Servicios
Compra de tortillas,Alimentacion
pintura,Vivienda
Comisión Federal de Electricidad,Servicios
Inscripción universidad,Educación
Refrescos,Alimentacion
plomeria,Vivienda
Estacionamiento vehiculo,Transporte
Reparación caldera,Servicios
Tanque de gas,Servicios
Consulta doctor,Salud
Servicio de cable,Servicios
Uber viaje,Transporte
Carniceria,Alimentacion
Mantenimiento de caldera,Servicios
Congreso académico,Educación
consulta medica,Salud
restaurante,Alimentacion
Gasolina magna,Transporte
Pintura interiores,Vivienda
Farmacia similares,Salud
Analisis Laboratorio,Salud
Credito hipotecario,Vivienda
Tanque de gas,Servicios
Francés,Educación
Pasatiempo,Ocio
Cena,Alimentacion
cablebus,Transporte
Hospitalizacion,Salud
Compra de muebles,Vivienda
Carga gasolina,Transporte
Factura agua,Servicios
metro,Transporte
Diplomado,Educación
Servicio de mantenimiento,Servicios
Pago television por cable,Servicios
Latte,Alimentacion
curso en linea,Educación
Recibo servicio,Servicios
Reparación casa,Vivienda
Abono Hipoteca,Vivienda
gas natural,Servicios
Reparacion caldera,Servicios
Pago gimnasio,Servicios
Muebles,Vivienda
Telefonía móvil,Servicios
stream,Ocio
Camiseta,Ocio
Diplomado,Educación
Certificación,Educación
Consulta nutricional,Salud
Metro,Transporte
cine,Ocio
Hipoteca,Vivienda
UNIVERSIDAD,Educación
Transporte por aplicación,Transporte
perfume,Ocio
Entrada cine,Ocio
Tour turístico,Ocio
Caseta,Transporte
Pintura interiores,Vivienda
Cafe,Alimentacion
Compra libros escolares,Educación
Kit de ducha,Ocio
Huevos,Alimentacion
FERRETERIA,Vivienda
pemex,Transporte
Examen certificacion,Educación
MAGNA,Transporte
Pago gas natural,Servicios
certificacion,Educación
Congreso academico,Educación
Supermercado,Alimentacion
Taxi sitio,Transporte
CFE,Servicios
Pan dulce,Alimentacion
Entrada concierto,Ocio
Botanas,Alimentacion
Compra farmacia,Salud
Recarga tarjeta movilidad,Transporte
Mensualidad escuela,Educación
Disney+,Ocio
Gym,Servicios
curso,Educación
Recarga Metro,Transporte
Gym,Servicios
Falda,Ocio
Compra videojuego,Ocio
Medicina,Salud
Examen certificacion,Educación
Cómic,Ocio
Utensilios de cocina,Vivienda
combustible,Transporte
Urgencias medicas,Salud
supermercadoDESPENSA,Alimentacion
Útiles escolares,Educación
curso,Educación
Consulta doctor,Salud
combustible,Transporte
Inscripcion escuela,Educación
certificacion,Educación
Abono hipoteca,Vivienda
Articulos de limpieza,Vivienda
tren suburbano,Transporte
Viaje transporte,Transporte
Autobus,Transporte
Farmacia,Salud
walmart,Alimentacion
Certificacion profesional,Educación
Boleto cablebus,Transporte
Limpieza,Servicios
Lacteos,Alimentacion
Libro,Ocio
uber,Transporte
laboratorio medico,Salud
Patinaje,Ocio
ESCUELA,Educación
PEMEX,Transporte
Mantenimiento hogar,Vivienda
Material de estudio,Educación
Muebles,Vivienda
Ropa bazar,Ocio
Consulta medica,Salud
Antibióticos,Salud
Mensualidad hipoteca,Vivienda
Mercado,Alimentacion
Examen certificación,Educación
Frutas,Alimentacion
Servicio Uber,Transporte
Carga gas LP,Servicios
Seminario,Educación
Consulta medica,Salud
Servicio médico,Salud
Inscripcion universidad,Educación
Seminario,Educación
Curso inglés,Educación
Compra en mercado,Alimentacion
Factura agua,Servicios
perfume,Ocio
Uber eats,Alimentacion
Gas natural,Servicios
Tarjeta Metro,Transporte
Pasaje tren,Transporte
Compra farmacia,Salud
Televisión por cable,Servicios
Pasaje de autobus,Transporte
Compra de alimentos,Alimentacion
Servicios de reparación hogar,Vivienda
perfume,Ocio
combustible,Transporte
Pago seguro medico,Salud
Recibo gas,Servicios
Recarga Metro,Transporte
Abono hipoteca,Vivienda
Television por cable,Servicios
PREMIUM,Transporte
Metro,Transporte
Reparación plomería,Vivienda
vegetales,Alimentacion
Herramientas hogar,Vivienda
Mensualidad escolar,Educación
Calzado,Ocio
Cablebus CDMX,Transporte
Museo,Ocio
Psicólogo,Salud
Carniceria,Alimentacion
Mantenimiento departamento,Vivienda
WALMART,Alimentacion
Plan internet,Servicios
Lentes de sol,Ocio
analisis laboratorio,Salud
Libros escolares,Educación
gorra,Ocio
Materiales escolares,Educación
Taxi,Transporte
Reparación tubería,Vivienda
Utiles escolares,Educación
vegetales,Alimentacion
Útiles escuela,Educación
limpieza,Servicios
TAXI,Transporte
Mensualidad universidad,Educación
Estudio médico,Salud
Crédito hipotecario,Vivienda
RECIBO CFE,Servicios
dentista,Salud
Muebles sala,Vivienda
verdura,Alimentacion
Boleto de autobús,Transporte
Pago mensualidad escolar,Educación
Tianguis,Alimentacion
PERFUME,Ocio
Pago combustible,Transporte
Utiles escuela,Educación
Pago universidad,Educación
streaming,Ocio
Pago Paramount,Ocio
certificacion,Educación
Matcha,Alimentacion
vegetales,Alimentacion
Frutas,Alimentacion
recibo de luz,Servicios
Alquiler vivienda,Vivienda
Cablebus CDMX,Transporte
Patinaje,Ocio
cartera,Ocio
despensa,Alimentacion
Laboratorio,Salud
Pago cable,Servicios
Cómic,Ocio
Reloj,Ocio
Despensa quincenal,Alimentacion
Carga gas LP,Servicios
Suscripcion de streaming,Servicios
Pemex,Transporte
Cocina,Vivienda
Carga Gas LP,Servicios
Matcha latte,Alimentacion
Calzado,Ocio
Consulta nutricional,Salud
Servicio agua,Servicios
CFE,Servicios
Novela,Ocio
Transporte por aplicación,Transporte
Consola videojuego,Ocio
Conferencia academica,Educación
Mensualidad escolar,Educación
UBER,Transporte
Cocina,Vivienda
Gym,Servicios
Entrada evento,Ocio
Inscripción universidad,Educación
Urgencias medicas,Salud
Pago universidad,Educación
Pasaje de autobus,Transporte
Café espresso,Alimentacion
Joyería,Ocio
Laboratorio medico,Salud
Recarga Telcel,Servicios
Tutorías,Educación
Muebles sala,Vivienda
Pastillas,Salud
Consulta doctor,Salud
Limpieza del hogar,Vivienda
Lentes,Ocio
Articulos limpieza,Vivienda
Tacos,Alimentacion
pastillas,Salud
Transporte urbano,Transporte
Disney,Ocio
delivery comida,Alimentacion
Jarabe,Salud
Cablebús,Transporte
Artículos limpieza,Vivienda
tianguis,Alimentacion
Clases de matemáticas,Educación
Videojuegos,Ocio
Gas Natural,Servicios
Recibo de gas,Servicios
Tenis,Ocio
Reparacion hogar,Vivienda
Matcha latte,Alimentacion
pago agua,Servicios
Superercado,Alimentacion
tren suburbano,Transporte
Walmart,Alimentacion
medicina,Salud
Reparacion de plomeria,Vivienda
Reparación plomería,Vivienda
Abono Hipoteca,Vivienda
Compra de alimentos,Alimentacion
Transporte por aplicación,Transporte
Pollo,Alimentacion
Televisión por cable,Servicios
Pantalon,Ocio
Colegiatura,Educación
Mantenimiento hogar,Vivienda
Cafe,Alimentacion
TELCEL,Servicios
PERFUME,Ocio
Compra utiles escolares,Educación
renta,Vivienda
Telefonía celular,Servicios
Cena en restaurante,Alimentacion
Tarjeta Metro,Transporte
Hospital,Salud
Reparacion hogar,Vivienda
UberEats,Alimentacion
Conferencia academica,Educación
Pago limpieza,Servicios
Consulta médica,Salud
Curso en linea,Educación
Disney+,Ocio
Seminario académico,Educación
Mantenimiento edificio,Vivienda
Compra alimentos,Alimentacion
ESCUELA,Educación
Festival musica,Ocio
Cable,Servicios
Receta medica,Salud
Collar,Ocio
Estacionamiento vehiculo,Transporte
Pago celular mensual,Servicios
recarga telcel,Servicios
Pago credito hipotecario,Vivienda
Artículos limpieza,Vivienda
Cablebus CDMX,Transporte
Sombrero,Ocio
Lacteos,Alimentacion
CFE pago,Servicios
Compra pintura,Vivienda
MEDICINA,Salud
Mantenimiento departamento,Vivienda
Reparacion hogar,Vivienda
Botanas,Alimentacion
gas lp,Servicios
CFE,Servicios
Taxi sitio,Transporte
Carga de gasolina,Transporte
Servicio gasolinera,Transporte
Boleto de autobus,Transporte
Disney+,Ocio
Taxi sitio,Transporte
Reparacion de plomeria,Vivienda
Café espresso,Alimentacion
Combustible,Transporte
Seguro de gastos médicos,Salud
Renta,Vivienda
Artículos de limpieza,Vivienda
Congreso academico,Educación
Hipoteca,Vivienda
Factura agua,Servicios
Decoración del hogar,Vivienda
farmacia similares,Salud
tren suburbano,Transporte
Plomeria,Vivienda
Natacion,Ocio
Limpieza del hogar,Vivienda
Pasaje tren,Transporte
Médico,Salud
Medicamento,Salud
Congreso académico,Educación
Viaje Didi,Transporte
Comida en restaurante,Alimentacion
Utiles escolares,Educación
Lacteos,Alimentacion
Pago de internet,Servicios
Paseo turístico,Ocio
antibiotico,Salud
Suscripción Paramount,Ocio
Combustible,Transporte
Hipoteca,Vivienda
Pasaje autobus,Transporte
Cablebus CDMX,Transporte
Decoracion casa,Vivienda
Gas natural,Servicios
Tianguis,Alimentacion
universidad,Educación
Servicio agua,Servicios
Reparacion casa,Vivienda
Factura agua,Servicios
Carga gasolina,Transporte
Tanque gasolina,Transporte
Hobby,Ocio
Cita doctor,Salud
PREMIUM,Transporte
Clases de inglés,Educación
Matcha,Alimentacion
Suscripcion Disney,Ocio
Estacionamiento vehículo,Transporte
Telcel,Servicios
Hospitalización,Salud
MAGNA,Transporte
Plomeria,Vivienda
Pasaje tren,Transporte
Limpieza,Servicios
Colegio,Educación
Inscripcion escuela,Educación
Paseo,Ocio
concierto,Ocio
Servicio agua,Servicios
Cena,Alimentacion
Pintura hogar,Vivienda
pago cfe,Servicios
Agua potable,Servicios
Francés,Educación
Hobby,Ocio
Consulta especialista,Salud
Hospitalización,Salud
Pasaje urbano,Transporte
Terapia física,Salud
Mensualidad escolar,Educación
Fotografía,Ocio
Suscripcion de streaming,Servicios
Reparación casa,Vivienda
Francés,Educación
Carga Gas LP,Servicios
Perfume,Ocio
Limpieza casa,Servicios
Mueble para sala,Vivienda
Autobus,Transporte
Servicios de reparacion hogar,Vivienda
Superercado,Alimentacion
TIANGUIS,Alimentacion
Certificación,Educación
medicina,Salud
Pago agua,Servicios
Suscripcion Disney,Ocio
Terapia física,Salud
Disney+,Ocio
Didi food,Alimentacion
Recibo CFE,Servicios
Pago limpieza,Servicios
CAMISETA,Ocio
WALMART,Alimentacion
Servicio medico,Salud
Decoración hogar,Vivienda
Pulsera,Ocio
Abarrotes tienda,Alimentacion
Terapia fisica,Salud
Disney+,Ocio
Congreso académico,Educación
Servicio telefonico,Servicios
Pago de escuela,Educación
Pago de universidad,Educación
medico,Salud
Boleto de autobús,Transporte
Curso en línea,Educación
Mensualidad gimnasio,Servicios
Autopista,Transporte
fruta,Alimentacion
Reparación hogar,Vivienda
Pescado,Alimentacion
Refrescos,Alimentacion
Pago inscripción,Educación
Set de ducha,Ocio
Streaming,Ocio
Colegiatura,Educación
cafe,Alimentacion
Evento,Ocio
Entrada teatro,Ocio
Cena en restaurante,Alimentacion
Tortilleria,Alimentacion
Crema,Ocio
Estacionamiento vehículo,Transporte
Clases de ingles,Educación
Matcha latte,Alimentacion
Vitaminas,Salud
Productos de limpieza,Vivienda
Recibo de luz,Servicios
Pasaje tren,Transporte
Analgésico,Salud
metro,Transporte
medicamento,Salud
Paramount+,Ocio
Compra farmacia,Salud
Utiles escuela,Educación
farmacia similares,Salud
Curso en línea,Educación
pintura,Vivienda
Cita doctor,Salud
Vestido,Ocio
laboratorio medico,Salud
Universidad,Educación
Transporte urbano,Transporte
Tour turistico,Ocio
Hipoteca,Vivienda
Servicio spa,Ocio
Seguro medico,Salud
uber,Transporte
Pago telefonía,Servicios
Recibo de gas,Servicios
Diplomado,Educación
Plomeria,Vivienda
pemex,Transporte
Tour por ciudad,Ocio
Servicio medico,Salud
Ferretería,Vivienda
Compra libro,Ocio
Verduras,Alimentacion
Pago de escuela,Educación
Novela,Ocio
Pago credito hipotecario,Vivienda
Leche,Alimentacion
Té y galletas,Alimentacion
Yogur,Alimentacion
Decoración del hogar,Vivienda
Compra ferreteria,Vivienda
Curso de idiomas,Educación
Clases de matematicas,Educación
Pago renta,Vivienda
Servicio medico,Salud
Camion,Transporte
Autobus,Transporte
Botanas,Alimentacion
TIANGUIS,Alimentacion
Pago de escuela,Educación
Cafe de cafeteria,Alimentacion
Farmacia del Ahorro,Salud
Electrodomestico,Vivienda
Mensualidad universidad,Educación
Taxi de sitio,Transporte
Cable,Servicios
Taxi sitio,Transporte
Pasaje autobus,Transporte
Agua embotellada,Alimentacion
Decoracion casa,Vivienda
Herramientas hogar,Vivienda
muebles,Vivienda
Didi,Transporte
Productos limpieza,Vivienda
Walmart,Alimentacion
Caseta,Transporte
Francés,Educación
Compra en mercado,Alimentacion
Rappi comida,Alimentacion
fruta,Alimentacion
Telefonia movil,Servicios
Consulta especialista,Salud
Servicio gas,Servicios
Servicio spa,Ocio
Combustible,Transporte
Seguro de casa,Vivienda
Servicio Didi,Transporte
Farmacia del Ahorro,Salud
Congreso académico,Educación
Cafeteria,Alimentacion
Mantenimiento servicio,Servicios
Cocina,Vivienda
Compra electrodomestico,Vivienda
Servicio medico,Salud
Yogurt,Alimentacion
Latte,Alimentacion
Colonia,Ocio
Examen certificacion,Educación
Suscripcion de streaming,Servicios
pemex,Transporte
Vitamina,Salud
Cafetería local,Alimentacion
Te y galletas,Alimentacion
LIBRO,Ocio
Comida para llevar,Alimentacion
Servicio internet,Servicios
Consola videojuego,Ocio
Juegos,Ocio
Telefonia celular,Servicios
Reparacion caldera,Servicios
Leche,Alimentacion
Ferreteria,Vivienda
Cable,Servicios
Cablebus CDMX,Transporte
Utiles escuela,Educación
Seminario académico,Educación
Pago de colegiatura,Educación
Viaje en taxi,Transporte
Gas natural,Servicios
Carga gas LP,Servicios
Visita turística,Ocio
Suscripcion Disney,Ocio
Juego,Ocio
Pasaje de autobus,Transporte
Certificación,Educación
Panaderia,Alimentacion
Cable,Servicios
panaderia,Alimentacion
pemex,Transporte
Mensualidad renta,Vivienda
pemex,Transporte
DiDi,Transporte
Odontologo,Salud
Servicio celular,Servicios
Pago de escuela,Educación
Medico,Salud
curso en linea,Educación
Abono Hipoteca,Vivienda
Parque de diversiones,Ocio
Comida,Alimentacion
Analisis de laboratorio,Salud
Reloj,Ocio
Mantenimiento departamento,Vivienda
Compra comida,Alimentacion
Mensualidad gimnasio,Servicios
NETFLIX,Ocio
Boleto de autobús,Transporte
Recibo CFE,Servicios
Abono hipoteca ,Vivienda
Certificación,Educación
Cómic,Ocio
Camión,Transporte
Recarga Telcel,Servicios
Curso online,Educación
Seguro médico,Salud
Farmacia,Salud
COLEGIATURA,Educación
stream,Ocio
Netflix,Ocio
Cafe,Alimentacion
Estudio medico,Salud
medicamento,Salud
Dentista,Salud
Reparación tubería,Vivienda
Panadería,Alimentacion
Crema,Ocio
Fotografia,Ocio
Cafeteria local,Alimentacion
MEDICINA,Salud
Cable,Servicios
concierto,Ocio
Tanque gasolina,Transporte
gas lp,Servicios
Herramientas,Vivienda
Cuota mantenimiento,Vivienda
Internet,Servicios
Farmacia,Salud
Perfume,Ocio
Compra pintura,Vivienda
GORRA,Ocio
gorra,Ocio
GASOLINA,Transporte
Servicio cable,Servicios
Gasolina premium,Transporte
Walmart,Alimentacion
Inscripcion curso,Educación
Pago gas,Servicios
Matcha latte,Alimentacion
Disney plus,Ocio
Libros de texto,Educación
Refrescos,Alimentacion
tortillas,Alimentacion
Seguro de casa,Vivienda
Compra medicamentos,Salud
Ferretería,Vivienda
Pago CFE,Servicios
Antibioticos,Salud
Viaje,Ocio
Boleto tren,Transporte
COLEGIATURA,Educación
internet,Servicios
Carga de gasolina,Transporte
Servicio gasolinera,Transporte
mantenimiento edificio,Vivienda
Pemex,Transporte
electricidad,Servicios
Matcha latte,Alimentacion
Cablebus,Transporte
Consulta doctor,Salud
Receta medica,Salud
laboratorio,Salud
Compra en tianguis,Alimentacion
Servicio limpieza,Servicios
Utensilios de cocina,Vivienda
Farmacia,Salud
Pago internet,Servicios
Tarjeta Metro,Transporte
vegetales,Alimentacion
Yogurt,Alimentacion
Consulta con doctor,Salud
Estacionamiento,Transporte
despensa,Alimentacion
Frutas,Alimentacion
Pago mensual renta,Vivienda
Cena,Alimentacion
Peaje,Transporte
tortilleria,Alimentacion
Tutorías,Educación
didi,Transporte
Despensa Walmart,Alimentacion
Cena en restaurante,Alimentacion
Pago de universidad,Educación
GYM,Servicios
Te y galletas,Alimentacion
dentista,Salud
Servicio de plomeria,Vivienda
Pescado,Alimentacion
universidad,Educación
Frutas y verduras,Alimentacion
Abono hipoteca,Vivienda
Autopista,Transporte
Recibo gas,Servicios
Reparacion electrodomestico,Vivienda
Muebles sala,Vivienda
Café espresso,Alimentacion
Seminario,Educación
Tortillería,Alimentacion
Servicio de internet,Servicios
Boleto cine,Ocio
Combustible,Transporte
sacmex,Servicios
Gas Natural,Servicios
Utiles escuela,Educación
Taxi Didi,Transporte
Inscripción universidad,Educación
Servicio mantenimiento,Servicios
renta,Vivienda
Curso en linea,Educación
RECIBO CFE,Servicios
LIBRO,Ocio
Suscripcion de streaming,Servicios
Gasolina Magna,Transporte
Seguro de casa,Vivienda
Pago gas natural,Servicios
UBER,Transporte
Boletos cine,Ocio
Curso de idiomas,Educación
Pan,Alimentacion
Material escolar,Educación
Ingles,Educación
Inscripción curso,Educación
Herramientas hogar,Vivienda
Peaje,Transporte
taxi sitio,Transporte
Artículos limpieza,Vivienda
Mensualidad universidad,Educación
Plan internet,Servicios
Compra comida,Alimentacion
Telefonia movil,Servicios
Utiles escuela,Educación
Gasolina Premium,Transporte
Pago de gimnasio,Servicios
taxi,Transporte
Taxi sitio,Transporte
Estacionamiento vehiculo,Transporte
Gas Natural,Servicios
Comision Federal de Electricidad,Servicios
Baile,Ocio
Jarabe,Salud
Cuota autopista,Transporte
Novela,Ocio
Hobby,Ocio
Mensualidad del gimnasio,Servicios
TELCEL,Servicios
Curso en línea,Educación
Bolso,Ocio
Congreso académico,Educación
Útiles escuela,Educación
Pintura para casa,Vivienda
senderismo,Ocio
Juego,Ocio
Inscripcion escolar,Educación
Cena en restaurante,Alimentacion
Pago de celular,Servicios
Karaoke,Ocio
Cuota mantenimiento,Vivienda
Mensualidad escuela,Educación
Lentes de sol,Ocio
Renta mensual,Vivienda
Consulta médica,Salud
Tren Suburbano,Transporte
ciclismo,Ocio
Cita medica,Salud
Cocina,Vivienda
Pago renta,Vivienda
Pago gas natural,Servicios
Pemex,Transporte
Medicina,Salud
Universidad,Educación
Psicólogo,Salud
Telefonia celular,Servicios
Frances,Educación
Recibo servicio,Servicios
Comida rapida restaurante,Alimentacion
Cuota de mantenimiento,Vivienda
Pintura casa,Vivienda
gimnasio,Servicios
Pago de gimnasio,Servicios
Queso,Alimentacion
colegiatura,Educación
Comida rapida,Alimentacion
Compra limpieza hogar,Vivienda
comida rapida,Alimentacion
Pago inscripción,Educación
Utensilios cocina,Vivienda
Compra libro escolar,Educación
Libro de texto,Educación
suscripcion netflix,Ocio
Agua embotellada,Alimentacion
joyeria,Ocio
Pago telefonia,Servicios
Viaje en taxi,Transporte
Hospitalizacion,Salud
Pago gimnasio,Servicios
Combustible,Transporte
Consulta especialista,Salud
Suscripción Disney,Ocio
Cafeteria,Alimentacion
Tacos,Alimentacion
Hobby,Ocio
Televisión por cable,Servicios
Tianguis,Alimentacion
Cómic,Ocio
Comida rapida,Alimentacion
Clases de matemáticas,Educación
Compra en tianguis,Alimentacion
Pago seguro medico,Salud
Gasolina premium,Transporte
Adornos hogar,Vivienda
Set de ducha,Ocio
transporte publico,Transporte
Fibra óptica,Servicios
Pintura para interiores,Vivienda
Tanque gasolina,Transporte
Alquiler,Vivienda
Boleto autobus,Transporte
Cartera,Ocio
Autobus,Transporte
Agua potable,Servicios
Curso de idiomas,Educación
Analisis Laboratorio,Salud
DiDi,Transporte
Pago de universidad,Educación
Útiles escuela,Educación
Pago hipoteca,Vivienda
gasolina,Transporte
Cuota de mantenimiento,Vivienda
Farmacia Guadalajara,Salud
Factura agua,Servicios
Transporte urbano,Transporte
Crema facial,Ocio
Compra de comida,Alimentacion
Curso idiomas,Educación
delivery comida,Alimentacion
Didi,Transporte
Agua potable,Servicios
recibo de luz,Servicios
Pago servicio,Servicios
Gas natural,Servicios
Consulta dental,Salud
Taxi de sitio,Transporte
Productos de limpieza,Vivienda
Parque de diversiones,Ocio
Receta medica,Salud
Pago inscripcion,Educación
Clases de matemáticas,Educación
Decoracion casa,Vivienda
Material ferreteria,Vivienda
Mensualidad escuela,Educación
Articulos limpieza,Vivienda
Inscripción escuela,Educación
FARMACIA,Salud
Consulta especialista,Salud
Café espresso,Alimentacion
Articulos limpieza,Vivienda
Carga Gas LP,Servicios
Tacos,Alimentacion
Servicio Didi,Transporte
transporte publico,Transporte
Pizza,Alimentacion
Adornos hogar,Vivienda
Pago luz,Servicios
Servicio celular,Servicios
dentista,Salud
Recarga gas,Servicios
Plan de internet,Servicios
Gasolinera PEMEX,Transporte
Curso virtual,Educación
certificacion,Educación
Productos para hogar,Vivienda
Supermercado,Alimentacion
Frutas y verduras,Alimentacion
Congreso académico,Educación
curso en linea,Educación
Carga de gasolina,Transporte
pago agua,Servicios
Reparación electrodoméstico,Vivienda
Muebles para sala,Vivienda
Combustible,Transporte
Pago inscripcion,Educación
Pintura casa,Vivienda
Mensualidad renta,Vivienda
Didi food,Alimentacion
TIANGUIS,Alimentacion
Jarabe,Salud
Receta medica,Salud
Compra libros escolares,Educación
antibiotico,Salud
Escuela,Educación
Karaoke,Ocio
Comida rapida restaurante,Alimentacion
recibo de luz,Servicios
Reparación casa,Vivienda
Compra medicamento,Salud
COLEGIATURA,Educación
Metró,Transporte
Articulos de limpieza,Vivienda
Pago Telcel,Servicios
GAS LP,Servicios
Pago inscripción,Educación
Alquiler vivienda,Vivienda
Decoración hogar,Vivienda
Adornos hogar,Vivienda
Uber eats,Alimentacion
Comisión Federal de Electricidad,Servicios
Laboratorio,Salud
Internet hogar,Servicios
Terapia física,Salud
Metró,Transporte
Pizza,Alimentacion
Cafeteria,Alimentacion
gimnasio,Servicios
Inglés,Educación
plomeria,Vivienda
Adornos para casa,Vivienda
COLEGIATURA,Educación
Entrada teatro,Ocio
CURSO,Educación
Gas,Servicios
Paseo,Ocio
Inscripción curso,Educación
Comida restaurante,Alimentacion
Curso idiomas,Educación
Servicio médico,Salud
Servicio gasolinera,Transporte
Consulta doctor,Salud
Masaje,Ocio
Falda,Ocio
Recarga tarjeta metro,Transporte
Productos para hogar,Vivienda
gasolina magna,Transporte
Pedido de comida,Alimentacion
Material ferreteria,Vivienda
Pintura casa,Vivienda
Recibo CFE,Servicios
Electrodomestico,Vivienda
gas natural,Servicios
Cablebus,Transporte
Clases privadas,Educación
Tour por ciudad,Ocio
Despensa Walmart,Alimentacion
CURSO,Educación
PEMEX,Transporte
Servicio cable,Servicios
Matcha latte,Alimentacion
Consulta médica,Salud
libro,Ocio
Recibo gas,Servicios
Doctor,Salud
Comision Federal de Electricidad,Servicios
Decoracion hogar,Vivienda
Boleto autobus,Transporte
Ferreteria,Vivienda
Te,Alimentacion
Huevos,Alimentacion
muebles,Vivienda
PEMEX,Transporte
Examen medico,Salud
Curso en linea,Educación
PERFUME,Ocio
Adornos hogar,Vivienda
Consulta con doctor,Salud
surf,Ocio
Curso virtual,Educación
Disney,Ocio
Patinaje,Ocio
Clases idiomas,Educación
Limpieza del hogar,Vivienda
Productos limpieza,Vivienda
Electrodomésticos,Vivienda
Rappi comida,Alimentacion
Pantalón,Ocio
Crema facial,Ocio
Seminario,Educación
Compra alimentos,Alimentacion
Collar,Ocio
Taxi Didi,Transporte
Muebles para sala,Vivienda
combustible,Transporte
Medicina,Salud
Nutriólogo,Salud
Tortilleria,Alimentacion
Tacos restaurante,Alimentacion
Videojuegos,Ocio
Televisión por cable,Servicios
Compra libro escolar,Educación
Servicio celular,Servicios
Tanque gasolina,Transporte
laboratorio,Salud
Falda,Ocio
escuela,Educación
Metró,Transporte
Servicios de reparacion hogar,Vivienda
Clases de matematicas,Educación
Tortilleria,Alimentacion
Consola videojuego,Ocio
Cena en restaurante,Alimentacion
Clases de matemáticas,Educación
medicamento,Salud
Compra ferreteria,Vivienda
Servicio de agua,Servicios
Agua embotellada,Alimentacion
Examen laboratorio,Salud
Recarga gas,Servicios
pago agua,Servicios
Decoración hogar,Vivienda
Natacion,Ocio
GYM,Servicios
restaurante,Alimentacion
Pago de celular,Servicios
Fragancia,Ocio
ropa,Ocio
Tren suburbano,Transporte
Gasolina Premium,Transporte
Boleto tren,Transporte
Pasaje urbano,Transporte
GASOLINA,Transporte
farmacia similares,Salud
Jarabe,Salud
Fibra óptica,Servicios
Mensualidad Netflix,Ocio
vegetales,Alimentacion
Clases de matemáticas,Educación
Compra electrodoméstico,Vivienda
PREMIUM,Transporte
Material de estudio,Educación
concierto,Ocio
Pago mensualidad escolar,Educación
Estudio médico,Salud
Curso inglés,Educación
Streaming,Ocio
Seminario académico,Educación
Tanque gas,Servicios
Pemex,Transporte
Entrada cine,Ocio
Congreso académico,Educación
Compra medicamentos,Salud
Muebles para sala,Vivienda
DIDI,Transporte
Camion,Transporte
cafe,Alimentacion
Libros escolares,Educación
Inscripción escuela,Educación
Inglés,Educación
Pastillas,Salud
Fibra óptica,Servicios
Perfume,Ocio
Terapia fisica,Salud
suscripcion netflix,Ocio
Pago inscripción,Educación
Comida,Alimentacion
Delivery de comida,Alimentacion
surf,Ocio
Servicio Didi,Transporte
Antibióticos,Salud
Tanque gas,Servicios
Alquiler vivienda,Vivienda
Vestido,Ocio
Mensualidad escolar,Educación
vegetales,Alimentacion
Supermercado,Alimentacion
Comida en restaurante,Alimentacion
Crema corporal,Ocio
Pago cable,Servicios
Uber Eats,Alimentacion
MAGNA,Transporte
PREMIUM,Transporte
TAXI,Transporte
Tour por ciudad,Ocio
UberEats,Alimentacion
Pedido de comida,Alimentacion
Articulos de limpieza,Vivienda
Servicio de cable,Servicios
Festival,Ocio
Inscripcion escolar,Educación
Urgencias médicas,Salud
Analisis Laboratorio,Salud
Pasatiempo,Ocio
Analgésico,Salud
Inscripcion curso,Educación
Recibo de agua,Servicios
Compra videojuego,Ocio
Transporte por aplicación,Transporte
Vitamina,Salud
Autopista,Transporte
Tortillería,Alimentacion
Productos de limpieza,Vivienda
Reparacion plomeria,Vivienda
Comida en restaurante,Alimentacion
Recibo agua,Servicios
Servicio de mantenimiento,Servicios
Abarrotes tienda,Alimentacion
RECIBO CFE,Servicios
DOCTOR,Salud
Pulsera,Ocio
plomeria,Vivienda
Suscripción Netflix,Ocio
Gas natural,Servicios
antibiotico,Salud
Mueble para sala,Vivienda
Servicio limpieza hogar,Servicios
Examen laboratorio,Salud
Medicamento,Salud
Utiles escolares,Educación
Mensualidad renta,Vivienda
muebles,Vivienda
Uber Eats,Alimentacion
Boleto autobus,Transporte
Tacos restaurante,Alimentacion
Pago universidad,Educación
Reparación tubería,Vivienda
Renta mensual,Vivienda
Recibo CFE,Servicios
Artículos de limpieza,Vivienda
COLEGIATURA,Educación
Set de ducha,Ocio
camiseta,Ocio
Artículos para hogar,Vivienda
Cita médica,Salud
playera,Ocio
supermercadoDESPENSA,Alimentacion
Francés,Educación
GASOLINA,Transporte
Pago caseta,Transporte
gas,Servicios
supermercado,Alimentacion
Congreso academico,Educación
Uber Eats,Alimentacion
Mensualidad Netflix,Ocio
Compra medicamento,Salud
Pago de escuela,Educación
Colegio,Educación
Tren Suburbano,Transporte
Natación,Ocio
walmart,Alimentacion
Analgesico,Salud
Medicinas,Salud
Disney,Ocio
Tortillas,Alimentacion
Vestido,Ocio
Panaderia,Alimentacion
Adornos hogar,Vivienda
Telefonía móvil,Servicios
Taxi,Transporte
Joyeria,Ocio
DIDI,Transporte
Gasolina magna,Transporte
Terapia física,Salud
Recibo servicio,Servicios
Diplomado,Educación
Mantenimiento caldera,Servicios
Material escolar,Educación
Laboratorio médico,Salud
Recibo servicio,Servicios
Antibioticos,Salud
Pago de universidad,Educación
Urgencias medicas,Salud
Material educativo,Educación
Tarjeta Metro,Transporte
Tren Suburbano,Transporte
fruta,Alimentacion
Inscripcion escolar,Educación
Plan internet,Servicios
Didi Food,Alimentacion
Comida,Alimentacion
universidad,Educación
comida rapida,Alimentacion
Farmacia,Salud
PERFUME,Ocio
escuela,Educación
Muebles,Vivienda
Servicio gasolinera,Transporte
Comida rapida restaurante,Alimentacion
Pollo,Alimentacion
Fisioterapia,Salud
Pago de servicio,Servicios
Carga Gas LP,Servicios
Compra de tortillas,Alimentacion
Material de estudio,Educación
Cafe espresso,Alimentacion
Pago Netflix,Ocio
Universidad,Educación
Medicamento farmacia,Salud
Adornos hogar,Vivienda
Congreso académico,Educación
Articulos limpieza,Vivienda
Galletas,Alimentacion
Servicio streaming,Servicios
Curso inglés,Educación
Tren suburbano,Transporte
Disney,Ocio
Cafeteria,Alimentacion
Pago credito hipotecario,Vivienda
supermercadoDESPENSA,Alimentacion
Huevos,Alimentacion
Examen de laboratorio,Salud
Juego,Ocio
Pintura para interiores,Vivienda
Queso,Alimentacion
taxi,Transporte
Productos de cuidado personal,Ocio
Alquiler vivienda,Vivienda
Inscripcion escolar,Educación
joyeria,Ocio
Pago de hipoteca,Vivienda
Viaje Didi,Transporte
Farmacias Guadalajara,Salud
Reparación casa,Vivienda
Despensa Walmart,Alimentacion
Cafeteria,Alimentacion
Festival musica,Ocio
Taxi de sitio,Transporte
Pago inscripción,Educación
Pago seguro vivienda,Vivienda
Tanque de gas,Servicios
Tarjeta movilidad,Transporte
delivery comida,Alimentacion
Tren suburbano,Transporte
Seminario,Educación
Mantenimiento de caldera,Servicios
Servicio médico,Salud
Tienda de abarrotes,Alimentacion
Estudios de laboratorio,Salud
Terapia física,Salud
Servicio limpieza,Servicios
Compra comida,Alimentacion
Boleto parque,Ocio
Pago mensualidad escolar,Educación
Reparación tubería,Vivienda
Colonia,Ocio
Antibiótico,Salud
Carga gasolina,Transporte
Diplomado,Educación
Vitaminas,Salud
pintura,Vivienda
Servicio Uber,Transporte
tianguis,Alimentacion
Muebles sala,Vivienda
Pago de celular,Servicios
Pago electricidad,Servicios
Reparacion casa,Vivienda
autobus,Transporte
patinaje,Ocio
spa,Ocio
Calzado,Ocio
pintura,Vivienda
despensa,Alimentacion
recibo CFE,Servicios
Análisis de laboratorio,Salud
Credito hipotecario,Vivienda
Colegio,Educación
Electrodomestico,Vivienda
Pago de escuela,Educación
Servicio limpieza hogar,Servicios
Servicio caldera,Servicios
UberEats,Alimentacion
Spa,Ocio
Cita doctor,Salud
playera,Ocio
CFE,Servicios
recibo CFE,Servicios
consulta medica,Salud
pago cfe,Servicios
Ropa bazar,Ocio
Ferretería,Vivienda
Examen medico,Salud
Boleto cablebus,Transporte
Libros de texto,Educación
Mantenimiento del edificio,Vivienda
Factura agua,Servicios
alimentos,Alimentacion
sacmex,Servicios
Pago celular mensual,Servicios
Suscripcion Disney,Ocio
PERFUME,Ocio
Entrada concierto,Ocio
gasolina,Transporte
Psicologo,Salud
Recarga Telcel,Servicios
Parque diversiones,Ocio
delivery comida,Alimentacion
plomeria,Vivienda
Combustible,Transporte
Limpieza del hogar,Vivienda
Gasolina Premium,Transporte
Pago cable,Servicios
Pago caseta,Transporte
Compra en mercado,Alimentacion
disney,Ocio
Compra libros escolares,Educación
Pago alquiler,Vivienda
despensa,Alimentacion
Urgencias médicas,Salud
Combustible,Transporte
Concierto,Ocio
Mantenimiento servicio,Servicios
Vitaminas,Salud
Ferreteria,Vivienda
universidad,Educación
PREMIUM,Transporte
Adornos para casa,Vivienda
Estacionamiento,Transporte
Recibo de agua,Servicios
Ciclismo,Ocio
Pescado,Alimentacion
Yogur,Alimentacion
Taller idiomas,Educación
DOCTOR,Salud
Consulta nutricional,Salud
Compra supermercado,Alimentacion
Alimentos,Alimentacion
Decoracion hogar,Vivienda
Gas natural,Servicios
Curso en línea,Educación
Laboratorio médico,Salud
Cita doctor,Salud
Compra electrodomestico,Vivienda
Recarga tarjeta metro,Transporte
Inscripcion curso,Educación
Reparación plomería,Vivienda
Productos de limpieza,Vivienda
Té,Alimentacion
Tour por ciudad,Ocio
Tren Suburbano,Transporte
uber,Transporte
Carga de gasolina,Transporte
Libro escolar,Educación
Servicio celular,Servicios
Consola videojuego,Ocio
Metró,Transporte
Pago de electricidad,Servicios
UberEats,Alimentacion
Compra electrodoméstico,Vivienda
delivery comida,Alimentacion
Pago SACMEX,Servicios
Camion,Transporte
Paseo turistico,Ocio
Tarjeta movilidad,Transporte
Servicio internet,Servicios
Pago de universidad,Educación
Tortilleria,Alimentacion
Cablebus CDMX,Transporte
Television por cable,Servicios
MAGNA,Transporte
Seminario,Educación
Compra libro escolar,Educación
Pago Telcel,Servicios
Transporte por aplicación,Transporte
Visita guiada,Ocio
taxi,Transporte
pago cfe,Servicios
Tanque gasolina,Transporte
internet,Servicios
Pago telefonia,Servicios
Recarga de gas,Servicios
Material educativo,Educación
Inglés,Educación
Compra de muebles,Vivienda
doctor,Salud
Reparación tubería,Vivienda
Cómic,Ocio
paramount,Ocio
Té y galletas,Alimentacion
Servicio de agua,Servicios
Gasolina magna,Transporte
Boleto tren,Transporte
Joyeria,Ocio
Pantalón,Ocio
Pago seguro vivienda,Vivienda
Alimentos,Alimentacion
Didi food,Alimentacion
Mantenimiento servicio,Servicios
tren suburbano,Transporte
Clases de matemáticas,Educación
Gasolina Magna,Transporte
Servicio caldera,Servicios
Pasaje autobus,Transporte
colegiatura,Educación
cfe,Servicios
transporte publico,Transporte
Telefonia movil,Servicios
Boleto de autobús,Transporte
Entrada cine,Ocio
Servicio Uber,Transporte
Compra combustible,Transporte
Pago Disney,Ocio
Pantalón,Ocio
Mantenimiento hogar,Vivienda
Psicologo,Salud
Tarjeta movilidad,Transporte
Concierto,Ocio
Gasolina Premium,Transporte
medicamento,Salud
Almuerzo,Alimentacion
Reparación plomería,Vivienda
Pago crédito hipotecario,Vivienda
Utiles escuela,Educación
Inscripcion universidad,Educación
farmacia similares,Salud
uber,Transporte
Examen médico,Salud
Cita medica,Salud
comida rapida,Alimentacion
Servicio médico,Salud
Seguro vivienda,Vivienda
Fibra optica,Servicios
Pago hipoteca,Vivienda
Natacion,Ocio
Pedido comida,Alimentacion
Compra comida,Alimentacion
Material didactico,Educación
CFE,Servicios
Medicinas,Salud
Pago Paramount,Ocio
Cena en restaurante,Alimentacion
Ferreteria,Vivienda
Suscripción Netflix,Ocio
Streaming,Servicios
Inscripcion universidad,Educación
Television por cable,Servicios
Curso idiomas,Educación
Clases de matemáticas,Educación
libro,Ocio
Pago agua,Servicios
Mantenimiento hogar,Vivienda
patinaje,Ocio
Terapia fisica,Salud
Electrodomestico,Vivienda
Vitamina,Salud
Lácteos,Alimentacion
vegetal,Alimentacion
universidad,Educación
Material ferreteria,Vivienda
Compra videojuego,Ocio
mantenimiento edificio,Vivienda
Internet,Servicios
Laboratorio médico,Salud
Carnicería,Alimentacion
Urgencias medicas,Salud
Perfume,Ocio
pastilla,Salud
Crédito hipotecario,Vivienda
Clases de matemáticas,Educación
Curso en línea,Educación
perfume,Ocio
Pista de hielo,Ocio
Didi food,Alimentacion
CAFÉ,Alimentacion
Reparacion electrodomestico,Vivienda
Reparación hogar,Vivienda
Té y galletas,Alimentacion
DiDi,Transporte
Pago gimnasio,Servicios
Joyeria,Ocio
Útiles escolares,Educación
Compra de ropa,Ocio
Odontologo,Salud
Electricidad,Servicios
Verduras,Alimentacion
Decoracion casa,Vivienda
Reparación caldera,Servicios
Telcel,Servicios
Clases privadas,Educación
Artículos limpieza,Vivienda
Receta médica,Salud
Pago servicio,Servicios
Internet hogar,Servicios
Credito hipotecario,Vivienda
Libro de texto,Educación
Pizza,Alimentacion
Internet,Servicios
Carga gasolina,Transporte
Colegiatura,Educación
Suscripcion Netflix,Ocio
Útiles escolares,Educación
Certificacion,Educación
articulos de limpieza,Vivienda
Boleto concierto,Ocio
Pastilla,Salud
Paseo turistico,Ocio
Decoración hogar,Vivienda
Pasaje de autobus,Transporte
Mensualidad hipoteca,Vivienda
recarga telcel,Servicios
Taxi de sitio,Transporte
gimnasio,Servicios
Factura agua,Servicios
Congreso academico,Educación
uber,Transporte
Boleto teatro,Ocio
Reparacion caldera,Servicios
Articulos para hogar,Vivienda
recarga telcel,Servicios
Clases de ingles,Educación
MEDICO,Salud
combustible,Transporte
Congreso academico,Educación
Surf,Ocio
Pintura para interiores,Vivienda
Tienda de abarrotes,Alimentacion
Té,Alimentacion
Superercado,Alimentacion
analisis laboratorio,Salud
Pasatiempo,Ocio
senderismo,Ocio
recibo CFE,Servicios
Análisis Laboratorio,Salud
Viaje,Ocio
Hipoteca,Vivienda
cfe,Servicios
Pago inscripción,Educación
Streaming,Servicios
Pantalon,Ocio
Hobby,Ocio
Farmacia Similares,Salud
Reparacion tuberia,Vivienda
Lentes de sol,Ocio
Mantenimiento del edificio,Vivienda
Odontólogo,Salud
Recarga Metro,Transporte
Utiles escolares,Educación
Didi Food,Alimentacion
Renta mensual,Vivienda
Pago alquiler,Vivienda
PREMIUM,Transporte
Mensualidad gimnasio,Servicios
Analisis de laboratorio,Salud
Telefonia movil,Servicios
Té y galletas,Alimentacion
comida,Alimentacion
Pago crédito hipotecario,Vivienda
Pago limpieza,Servicios
Metro,Transporte
Compra de despensa,Alimentacion
Libro escolar,Educación
Mensualidad renta,Vivienda
Receta médica,Salud
Mantenimiento casa,Vivienda
Gas,Servicios
Servicio telefónico,Servicios
Compra medicamento,Salud
Suscripcion netflix,Ocio
Pintura para casa,Vivienda
Seguro de vivienda,Vivienda
Laboratorio medico,Salud
Tianguis,Alimentacion
Parking,Transporte
Útiles escuela,Educación
Compra medicamento,Salud
Cuota escolar,Educación
Servicios de reparacion hogar,Vivienda
Suscripcion de streaming,Servicios
Recarga tarjeta movilidad,Transporte
gasolina,Transporte
Limpieza del hogar,Vivienda
recarga telcel,Servicios
TIANGUIS,Alimentacion
Abono hipoteca,Vivienda
Escuela,Educación
Material didactico,Educación
Pago television por cable,Servicios
Electrodoméstico,Vivienda
Tutorias,Educación
Kit de ducha,Ocio
Cafeteria,Alimentacion
Electrodoméstico,Vivienda
Alquiler vivienda,Vivienda
stream,Ocio
Mantenimiento del edificio,Vivienda
Festival,Ocio
Cafeteria local,Alimentacion
Recarga tarjeta movilidad,Transporte
Pago hipoteca,Vivienda
pago cfe,Servicios
Plan internet,Servicios
Festival musica,Ocio
Antibioticos,Salud
Didi food,Alimentacion
Pago gimnasio,Servicios
Pedido de comida,Alimentacion
Mensualidad gimnasio,Servicios
Pantalón,Ocio
renta,Vivienda
Receta médica,Salud
Tutorias,Educación
Recarga Telcel,Servicios
Mercado,Alimentacion
Compra combustible,Transporte
Adornos para casa,Vivienda
Laboratorio medico,Salud
Cafetería local,Alimentacion
Paramount Plus,Ocio
Inscripción curso,Educación
Latte,Alimentacion
renta,Vivienda
Receta medica,Salud
Cablebús,Transporte
Tortillas,Alimentacion
Universidad,Educación
Compra en mercado,Alimentacion
Restaurante,Alimentacion
Reparacion hogar,Vivienda
electricidad,Servicios
gasolina magna,Transporte
Pago inscripción,Educación
Pago de hipoteca,Vivienda
Antibioticos,Salud
COLEGIATURA,Educación
Curso online,Educación
MAGNA,Transporte
Matcha latte,Alimentacion
Cita médica,Salud
farmacia,Salud
Mensualidad gimnasio,Servicios
Compra muebles,Vivienda
Pedido de comida,Alimentacion
Tour por ciudad,Ocio
Farmacia,Salud
restaurante,Alimentacion
Farmacia similares,Salud
Taxi Didi,Transporte
Clase particular,Educación
GAS LP,Servicios
Reparación hogar,Vivienda
Festival,Ocio
Adornos hogar,Vivienda
Material didáctico,Educación
Concierto,Ocio
Pago de servicio,Servicios
Estudio médico,Salud
Carga gas LP,Servicios
Pastilla,Salud
pago agua,Servicios
Cafetería,Alimentacion
Curso de internet,Educación
Mantenimiento servicio,Servicios
Adornos hogar,Vivienda
Médico,Salud
Uber viaje,Transporte
Seminario,Educación
Alquiler vivienda,Vivienda
Cuota de mantenimiento,Vivienda
Servicio de cable,Servicios
Decoracion casa,Vivienda
Taxi Didi,Transporte
Electrodomestico,Vivienda
RECIBO CFE,Servicios
Carniceria,Alimentacion
Juego,Ocio
Viaje,Ocio
Tren Suburbano,Transporte
Medicamento farmacia,Salud
Taxi de sitio,Transporte
Seminario académico,Educación
Material de estudio,Educación
pintura,Vivienda
Té y galletas,Alimentacion
Gasolinera PEMEX,Transporte
Material didáctico,Educación
Examen certificación,Educación
PERFUME,Ocio
Taller de idiomas,Educación
Entrada museo,Ocio
Taxi de Sitio,Transporte
Compra ferreteria,Vivienda
Pago agua,Servicios
Mensualidad Netflix,Ocio
Refrescos,Alimentacion
Ingles,Educación
Abono hipoteca ,Vivienda
Suscripcion de streaming,Servicios
Recibo gas,Servicios
Vitamina,Salud
Examen de laboratorio,Salud
Carne,Alimentacion
Compra electrodomestico,Vivienda
Telcel,Servicios
RESTAURANTE,Alimentacion
Parque diversiones,Ocio
Laboratorio médico,Salud
Analisis Laboratorio,Salud
Recibo agua,Servicios
Ciclismo,Ocio
Internet hogar,Servicios
Recibo agua,Servicios
Comida rapida,Alimentacion
MAGNA,Transporte
Inglés,Educación
sacmex,Servicios
Pago de celular,Servicios
Mantenimiento edificio,Vivienda
Pago limpieza,Servicios
Tanque de gas,Servicios
Cuota mantenimiento,Vivienda
gas,Servicios
Supermercado,Alimentacion
Masaje,Ocio
farmacia,Salud
Gym,Servicios
Servicio streaming,Servicios
Servicio telefónico,Servicios
Servicio mantenimiento,Servicios
Materiales escolares,Educación
Comic,Ocio
Servicio internet,Servicios
Parque de diversiones,Ocio
Pago celular mensual,Servicios
Cafeteria local,Alimentacion
Servicio gasolinera,Transporte
Plomería,Vivienda
Suscripción Paramount,Ocio
Cafeteria,Alimentacion
medicina,Salud
Cuota de mantenimiento,Vivienda
Leche,Alimentacion
paramount,Ocio
Cartera,Ocio
Seguro médico,Salud
Yogurt,Alimentacion
comida,Alimentacion
Cuota autopista,Transporte
Mensualidad gimnasio,Servicios
renta,Vivienda
Pago combustible,Transporte
Pintura,Vivienda
Comida rapida restaurante,Alimentacion
Playera,Ocio
colegiatura,Educación
Clases particulares,Educación
Telefonía móvil,Servicios
Seguro de gastos médicos,Salud
Farmacia similares,Salud
Pasaje,Transporte
Cita medica,Salud
Utiles escolares,Educación
Cine,Ocio
Inscripción curso,Educación
Pago seguro vivienda,Vivienda
Adornos hogar,Vivienda
Taxi de Sitio,Transporte
Cafe,Alimentacion
Recibo gas,Servicios
Camiseta,Ocio
Ciclismo,Ocio
Pintura para casa,Vivienda
PERFUME,Ocio
Despensa quincenal,Alimentacion
FERRETERIA,Vivienda
Analgésico,Salud
pago cfe,Servicios
metro,Transporte
CAMISETA,Ocio
Gimnasio,Servicios
Botanas,Alimentacion
Urgencias medicas,Salud
Pintura casa,Vivienda
Mensualidad escuela,Educación
Inscripcion universidad,Educación
Carniceria,Alimentacion
MEDICINA,Salud
Herramientas hogar,Vivienda
Tarjeta Metro,Transporte
Inscripcion curso,Educación
Material didactico,Educación
senderismo,Ocio
Recibo servicio,Servicios
Pago cable,Servicios
Compra de despensa,Alimentacion
Pago electricidad,Servicios
Tanque de gas,Servicios
RESTAURANTE,Alimentacion
Inscripción curso,Educación
Clases de inglés,Educación
Decoracion casa,Vivienda
Huevos,Alimentacion
Visita guiada,Ocio
Servicio de internet,Servicios
Pintura hogar,Vivienda
Bolsa,Ocio
Comida rapida,Alimentacion
Jugo,Alimentacion
Desayuno,Alimentacion
Pago alquiler,Vivienda
FARMACIA,Salud
taxi,Transporte
Ropa bazar,Ocio
Servicio de plomería,Vivienda
GORRA,Ocio
playera,Ocio
Compra pintura,Vivienda
Fibra optica,Servicios
Transporte urbano,Transporte
Uber Eats,Alimentacion
Mensualidad renta,Vivienda
Reloj,Ocio
Colegiatura,Educación
Fibra optica,Servicios
Viaje Uber,Transporte
Clases de matematicas,Educación
Pintura interiores,Vivienda
Clases de idiomas,Educación
Gorra,Ocio
Cine,Ocio
Servicio limpieza,Servicios
Compra electrodoméstico,Vivienda
Adornos para casa,Vivienda
cablebus,Transporte
Farmacia Similares,Salud
Concierto,Ocio
Parque diversiones,Ocio
DIDI,Transporte
Gas natural,Servicios
verdura,Alimentacion
Mueble para sala,Vivienda
SACMEX,Servicios
Uber,Transporte
cafe,Alimentacion
Estacionamiento,Transporte
Material de estudio,Educación
Frutas,Alimentacion
Mensualidad escuela,Educación
Telefonia movil,Servicios
Analisis Laboratorio,Salud
Mantenimiento servicio,Servicios
Tour turistico,Ocio
vegetal,Alimentacion
Certificacion,Educación
Limpieza casa,Servicios
Decoración del hogar,Vivienda
Cablebus,Transporte
Hipoteca,Vivienda
panaderia,Alimentacion
Streaming,Ocio
Lentes para sol,Ocio
Curso de internet,Educación
taxi sitio,Transporte
tortillas,Alimentacion
Gas LP,Servicios
Patinaje,Ocio
Hospitalización,Salud
Tutorías,Educación
Karaoke,Ocio
gimnasio,Servicios
Recibo servicio,Servicios
Artículos limpieza,Vivienda
colegiatura,Educación
Pemex,Transporte
Refrescos,Alimentacion
Adornos hogar,Vivienda
Clases idiomas,Educación
Inscripcion escolar,Educación
Compra medicamentos,Salud
Viaje Uber,Transporte
Comida restaurante,Alimentacion
Viaje Uber,Transporte
CAFÉ,Alimentacion
Limpieza del hogar,Vivienda
Electrodoméstico,Vivienda
gas,Servicios
Medicina,Salud
Juegos,Ocio
Concierto,Ocio
Viaje transporte,Transporte
Urgencias médicas,Salud
Recarga Telcel,Servicios
Mantenimiento hogar,Vivienda
Examen medico,Salud
Boleto de autobus,Transporte
Ropa bazar,Ocio
Servicio de internet,Servicios
Pago agua,Servicios
Receta medica,Salud
Examen laboratorio,Salud
Cena en restaurante,Alimentacion
Lácteos,Alimentacion
Transporte publico,Transporte
Decoración del hogar,Vivienda
Telefonía móvil,Servicios
taxi,Transporte
Servicio de plomería,Vivienda
Pago celular mensual,Servicios
Clases de matemáticas,Educación
Escuela,Educación
Accesorios de moda,Ocio
Compra limpieza hogar,Vivienda
Reparación plomería,Vivienda
curso en linea,Educación
Juego,Ocio
Suscripcion de streaming,Servicios
Diplomado,Educación
Lentes,Ocio
Cita doctor,Salud
Recibo gas,Servicios
Cuota de mantenimiento,Vivienda
Servicio limpieza hogar,Servicios
Recarga tarjeta metro,Transporte
Muebles para sala,Vivienda
Telefonía móvil,Servicios
Masaje,Ocio
Ingles,Educación
Pago gas natural,Servicios
cafe,Alimentacion
FERRETERIA,Vivienda
pago agua,Servicios
Curso en línea,Educación
Didi food,Alimentacion
Clases de ingles,Educación
Cocina,Vivienda
Medico,Salud
Collar,Ocio
Gasolina magna,Transporte
taxi,Transporte
Compra libros escolares,Educación
Pago colegiatura,Educación
LIBRO,Ocio
Gimnasio,Servicios
Metró,Transporte
Curso inglés,Educación
Cita medica,Salud
Electrodomesticos,Vivienda
Tienda de abarrotes,Alimentacion
Crema facial,Ocio
gasolina premium,Transporte
Comida rapida restaurante,Alimentacion
Universidad,Educación
Carga Gas LP,Servicios
servicio streaming,Servicios
Pintura hogar,Vivienda
Pastillas,Salud
Gas natural,Servicios
hipoteca,Vivienda
Compra en tianguis,Alimentacion
Clase de baile,Ocio
ferreteria,Vivienda
Farmacia Guadalajara,Salud
Compra utiles escolares,Educación
gas lp,Servicios
Colegiatura,Educación
gasolina premium,Transporte
Decoración hogar,Vivienda
Consulta especialista,Salud
Seguro de gastos medicos,Salud
Caseta,Transporte
Servicio Uber,Transporte
Servicio de mantenimiento,Servicios
Taxi,Transporte
Decoración del hogar,Vivienda
Accesorios de moda,Ocio
Accesorios,Ocio
ferreteria,Vivienda
Inscripcion escolar,Educación
natacion,Ocio
Servicio celular,Servicios
Pintura,Vivienda
Gym,Servicios
Farmacia similares,Salud
Taxi Didi,Transporte
Boleto cablebus,Transporte
Pago crédito hipotecario,Vivienda
Plan de internet,Servicios
Clases idiomas,Educación
Dentista,Salud
Odontólogo,Salud
Tour turistico,Ocio
Pago servicio,Servicios
gas,Servicios
Televisión por cable,Servicios
Pago celular mensual,Servicios
Reparación de plomería,Vivienda
LABORATORIO,Salud
Pemex,Transporte
Calzado,Ocio
MEDICO,Salud
Desayuno,Alimentacion
Tarjeta movilidad,Transporte
Comida,Alimentacion
Fibra optica,Servicios
Pago Telcel,Servicios
Laboratorio medico,Salud
Queso,Alimentacion
UBER,Transporte
Transporte urbano,Transporte
Plomeria,Vivienda
Servicio telefonico,Servicios
Estacionamiento vehiculo,Transporte
Adornos para casa,Vivienda
Pago caseta,Transporte
Pintura interiores,Vivienda
Hospital,Salud
Pedido comida,Alimentacion
Refrescos,Alimentacion
Pago mensualidad escolar,Educación
gas lp,Servicios
Entrada teatro,Ocio
Colegiatura,Educación
Gasolina Magna,Transporte
Hospitalización,Salud
Reparacion plomeria,Vivienda
Examen médico,Salud
DIDI,Transporte
Mensualidad gimnasio,Servicios
analisis laboratorio,Salud
Pasaje autobus,Transporte
taxi,Transporte
Pago de renta,Vivienda
dentista,Salud
Mensualidad renta,Vivienda
Compra en mercado,Alimentacion
Curso en linea,Educación
Pago Telcel,Servicios
Frutas y verduras,Alimentacion
Servicio Didi,Transporte
Articulos de limpieza,Vivienda
limpieza,Servicios
Gasolina magna,Transporte
Inscripción escuela,Educación
Pago de servicio,Servicios
Pago internet,Servicios
Gasolina magna,Transporte
Seguro de vivienda,Vivienda
Queso,Alimentacion
Tortilleria,Alimentacion
Electrodomesticos,Vivienda
Comida rápida,Alimentacion
Compra útiles escolares,Educación
Nutriologo,Salud
Receta médica,Salud
Decoración casa,Vivienda
Spa,Ocio
Pemex,Transporte
UNIVERSIDAD,Educación
Recarga Metro,Transporte
Cursos,Educación
Pista de hielo,Ocio
PREMIUM,Transporte
medicamento,Salud
Cuota mantenimiento,Vivienda
Clases de inglés,Educación
Seguro médico,Salud
RECIBO CFE,Servicios
Medicina,Salud
Transporte publico,Transporte
Francés,Educación
Gas Natural,Servicios
Gas,Servicios
Agua embotellada,Alimentacion
Refrescos,Alimentacion
Farmacia del Ahorro,Salud
Reparacion hogar,Vivienda
Seguro casa,Vivienda
Taller idiomas,Educación
Compra farmacia,Salud
Consulta médica,Salud
Compra libro escolar,Educación
Servicio agua,Servicios
Pago electricidad,Servicios
Examen medico,Salud
Panadería,Alimentacion
Compra libro,Ocio
gimnasio,Servicios
Mochila,Ocio
Cablebús,Transporte
Pantalón,Ocio
Televisión por cable,Servicios
Comida rapida restaurante,Alimentacion
Mueble para sala,Vivienda
Carga gas LP,Servicios
Curso idiomas,Educación
Consulta especialista,Salud
Estacionamiento,Transporte
Pasaje autobus,Transporte
Consulta médica,Salud
Reparacion caldera,Servicios
Gasolina premium,Transporte
Paseo turístico,Ocio
Estacionamiento vehículo,Transporte
farmacia,Salud
Medicina,Salud
Recibo de luz,Servicios
Inscripción escuela,Educación
Analgesico,Salud
dentista,Salud
Cita médica,Salud
gas natural,Servicios
Tutorias,Educación
FERRETERIA,Vivienda
Comida para llevar,Alimentacion
Mensualidad escolar,Educación
Cafe espresso,Alimentacion
Boleto cablebus,Transporte
Viaje en taxi,Transporte
tren suburbano,Transporte
Reparacion hogar,Vivienda
CAMISETA,Ocio
Transporte publico,Transporte
Pago gas natural,Servicios
Recibo de luz,Servicios
Herramientas hogar,Vivienda
Pago gimnasio,Servicios
Gym,Servicios
Compra ropa,Ocio
vegetales,Alimentacion
Parque de diversiones,Ocio
GYM,Servicios
Caseta,Transporte
Suscripción Paramount,Ocio
Reparacion casa,Vivienda
Pintura hogar,Vivienda
Cable,Servicios
Sombrero,Ocio
Tanque gasolina,Transporte
Pago telefonia,Servicios
Alimentos,Alimentacion
Pulsera,Ocio
Pago CFE,Servicios
MEDICO,Salud
Pantalón,Ocio
Compra combustible,Transporte
Cita medica,Salud
Comida para llevar restaurante,Alimentacion
Suscripcion netflix,Ocio
Factura agua,Servicios
Productos de limpieza,Vivienda
Consulta especialista,Salud
Compra electrodoméstico,Vivienda
Tutorias,Educación
Tarjeta movilidad,Transporte
RESTAURANTE,Alimentacion
Streaming,Servicios
Walmart,Alimentacion
Recibo de gas,Servicios
Servicio de cable,Servicios
Reparacion tuberia,Vivienda
Crema corporal,Ocio
Pago de hipoteca,Vivienda
Certificación,Educación
Material de estudio,Educación
servicio streaming,Servicios
Pago inscripción,Educación
Herramientas,Vivienda
Recarga tarjeta metro,Transporte
Médico,Salud
Antibióticos,Salud
Pago de universidad,Educación
Factura agua,Servicios
Compra farmacia,Salud
recarga telcel,Servicios
vegetales,Alimentacion
Inglés,Educación
metro,Transporte
Pago de gimnasio,Servicios
supermercado,Alimentacion
Compra limpieza hogar,Vivienda
Pago servicio,Servicios
Taxi de Sitio,Transporte
LABORATORIO,Salud
Servicio de internet,Servicios
natacion,Ocio
Factura agua,Servicios
Servicio Didi,Transporte
Mantenimiento caldera,Servicios
Crema facial,Ocio
Cursos,Educación
Análisis de laboratorio,Salud
Tutor,Educación
Cursos,Educación
Certificación,Educación
Servicio mantenimiento,Servicios
Compra farmacia,Salud
Adornos para casa,Vivienda
vegetales,Alimentacion
Tour por ciudad,Ocio
pago agua,Servicios
Telefonia celular,Servicios
Herramientas hogar,Vivienda
Transporte público,Transporte
Curso idiomas,Educación
Festival musica,Ocio
Telcel,Servicios
medicamento,Salud
Cita medica,Salud
Clase de baile,Ocio
Reparación casa,Vivienda
Analisis de laboratorio,Salud
Pan dulce,Alimentacion
disney,Ocio
Despensa mensual,Alimentacion
Productos limpieza,Vivienda
Cita medica,Salud
Boletos cine,Ocio
Seminario,Educación
camiseta,Ocio
Patinaje,Ocio
suscripcion netflix,Ocio
Decoración hogar,Vivienda
Taxi de Sitio,Transporte
Compra de ropa,Ocio
Gasolina,Transporte
cfe,Servicios
PEMEX,Transporte
Analisis de laboratorio,Salud
Carga gasolina,Transporte
Análisis de laboratorio,Salud
Seminario académico,Educación
WALMART,Alimentacion
Gasolina Premium,Transporte
cartera,Ocio
Servicio limpieza,Servicios
Pintura para casa,Vivienda
metro,Transporte
Mueble para sala,Vivienda
Baile,Ocio
MAGNA,Transporte
GYM,Servicios
Yogur,Alimentacion
Paramount Plus,Ocio
SACMEX,Servicios
Tutorías,Educación
Reparación plomería,Vivienda
Camión,Transporte
Material ferreteria,Vivienda
Comida en restaurante,Alimentacion
Mensualidad universidad,Educación
Utensilios cocina,Vivienda
Receta médica,Salud
Fisioterapia,Salud
Teatro,Ocio
Carga gas LP,Servicios
Cablebus,Transporte
Pago seguro medico,Salud
ciclismo,Ocio
Cocina,Vivienda
Entrada teatro,Ocio
Pedido comida,Alimentacion
restaurante,Alimentacion
Decoración hogar,Vivienda
Inscripcion curso,Educación
Inscripcion escuela,Educación
Decoracion hogar,Vivienda
Cine,Ocio
Curso de idiomas,Educación
examen medico,Salud
FERRETERIA,Vivienda
UBER,Transporte
Dentista,Salud
Ciclismo,Ocio
Seguro medico,Salud
Inscripción escolar,Educación
Curso en linea,Educación
Gasolina Magna,Transporte
Ciclismo,Ocio
escuela,Educación
Seminario,Educación
Frances,Educación
Cuota autopista,Transporte
Receta médica,Salud
Nutriologo,Salud
uber,Transporte
Recibo de agua,Servicios
Despensa,Alimentacion
Gas LP,Servicios
Taller de idiomas,Educación
Pantalón,Ocio
Pastillas,Salud
Pintura,Vivienda
Examen certificacion,Educación
Adornos hogar,Vivienda
Mantenimiento departamento,Vivienda
Accesorios,Ocio
Cafeteria local,Alimentacion
Pago caseta,Transporte
Panaderia,Alimentacion
Compra ferreteria,Vivienda
walmart,Alimentacion
Compra en farmacia,Salud
Reparacion electrodomestico,Vivienda
Inglés,Educación
supermercadoDESPENSA,Alimentacion
Material ferreteria,Vivienda
Dentista,Salud
Mantenimiento del edificio,Vivienda
Pago inscripcion,Educación
Analisis de laboratorio,Salud
Clases particulares,Educación
Crema,Ocio
CFE pago,Servicios
Té,Alimentacion
Congreso academico,Educación
renta,Vivienda
Carnicería,Alimentacion
Gym,Servicios
Estacionamiento,Transporte
Servicio telefonico,Servicios
Juego,Ocio
Utensilios de cocina,Vivienda
Pastillas,Salud
Compra de despensa,Alimentacion
Combustible,Transporte
Parking,Transporte
Suscripcion Paramount,Ocio
cartera,Ocio
Superercado,Alimentacion
Farmacia similares,Salud
Autobus,Transporte
Estacionamiento vehiculo,Transporte
Cafeteria local,Alimentacion
Viaje en taxi,Transporte
Netflix,Ocio
Pago celular,Servicios
Té,Alimentacion
Recarga gas,Servicios
Inglés,Educación
Consulta nutricional,Salud
Viaje en taxi,Transporte
Tanque gas,Servicios
Hospital,Salud
Surf,Ocio
Boleto cablebus,Transporte
Recibo de luz,Servicios
Parking,Transporte
Terapia fisica,Salud
Decoracion casa,Vivienda
Pago universidad,Educación
Decoracion casa,Vivienda
Material didáctico,Educación
Certificación,Educación
Curso de internet,Educación
gas natural,Servicios
combustible,Transporte
mantenimiento edificio,Vivienda
Disney plus,Ocio
Suscripcion de streaming,Servicios
Pago de electricidad,Servicios
Tanque gas,Servicios
Entrada evento,Ocio
Lentes para sol,Ocio
Estacionamiento,Transporte
Certificación,Educación
Crema facial,Ocio
Ropa,Ocio
Universidad,Educación
Pago de celular,Servicios
Curso en linea,Educación
Laboratorio,Salud
Adornos hogar,Vivienda
Pago credito hipotecario,Vivienda
Abono hipoteca,Vivienda
Articulos para hogar,Vivienda
Autopista,Transporte
Cartera,Ocio
mantenimiento edificio,Vivienda
Hamburguesa,Alimentacion
Seminario academico,Educación
Pasaje tren,Transporte
Compra farmacia,Salud
Seminario,Educación
universidad,Educación
pastilla,Salud
Muebles para sala,Vivienda
Uber,Transporte
Analgesico,Salud
Examen medico,Salud
Ropa bazar,Ocio
Libros escolares,Educación
Comida rápida,Alimentacion
Camiseta,Ocio
Estacionamiento vehículo,Transporte
restaurante,Alimentacion
Té,Alimentacion
recibo de luz,Servicios
Hospitalización,Salud
Compra comida,Alimentacion
Material ferreteria,Vivienda
Consulta médica,Salud
Boleto de autobus,Transporte
Electrodomestico,Vivienda
Compra de tortillas,Alimentacion
Terapia física,Salud
Disney+,Ocio
Alimentos,Alimentacion
Material didáctico,Educación
Matcha latte,Alimentacion
pantalon,Ocio
vegetales,Alimentacion
Limpieza casa,Servicios
Pasatiempo,Ocio
restaurante,Alimentacion
Recibo CFE,Servicios
Pan,Alimentacion
spa,Ocio
Comisión Federal de Electricidad,Servicios
Mensualidad universidad,Educación
renta,Vivienda
Boleto tren,Transporte
Sombrero,Ocio
Consulta medica,Salud
gas lp,Servicios
pemex,Transporte
Reparación casa,Vivienda
Psicólogo,Salud
stream,Ocio
Crédito hipotecario,Vivienda
Seminario académico,Educación
Limpieza,Servicios
disney,Ocio
Receta médica,Salud
Renta mensual,Vivienda
Clases de matemáticas,Educación
Decoracion casa,Vivienda
Viaje transporte,Transporte
Crédito hipotecario,Vivienda
Sombrero,Ocio
Carnicería,Alimentacion
Mensualidad hipoteca,Vivienda
Nutriologo,Salud
uber,Transporte
Clases de matematicas,Educación
Útiles escuela,Educación
Productos de limpieza,Vivienda
Cafeteria local,Alimentacion
Taxi de sitio,Transporte
Material escolar,Educación
Viaje en taxi,Transporte
Farmacia Similares,Salud
Taxi de sitio,Transporte
Tutorias,Educación
Cafeteria,Alimentacion
Compra combustible,Transporte
Alimentos,Alimentacion
Comida en restaurante,Alimentacion
Boleto parque,Ocio
Comida en restaurante,Alimentacion
Carga gasolina,Transporte
Utiles escuela,Educación
Tacos,Alimentacion
Gimnasio,Servicios
Pescado,Alimentacion
Pago alquiler,Vivienda
Pago de hipoteca,Vivienda
Libros escolares,Educación
Taller de idiomas,Educación
Pago agua,Servicios
Compra de despensa,Alimentacion
Boleto parque,Ocio
Artículos de limpieza,Vivienda
Conferencia académica,Educación
Museo,Ocio
Inscripción escolar,Educación
Curso de internet,Educación
Pintura interiores,Vivienda
internet,Servicios
Taller de idiomas,Educación
Psicologo,Salud
Estacionamiento vehículo,Transporte
Teatro,Ocio
Servicio de agua,Servicios
Paseo turistico,Ocio
Recibo gas,Servicios
Leche,Alimentacion
Terapia fisica,Salud
Carga gasolina,Transporte
colegiatura,Educación
Festival,Ocio
Farmacia del Ahorro,Salud
Abarrotes tienda,Alimentacion
fruta,Alimentacion
Bolso,Ocio
Clases de matemáticas,Educación
antibiotico,Salud
delivery comida,Alimentacion
Clases de idiomas,Educación
Mochila,Ocio
Pago seguro medico,Salud
Inscripcion curso,Educación
medicamento,Salud
Clases de matematicas,Educación
Servicio de cable,Servicios
despensa,Alimentacion
Patinaje,Ocio
Boleto de autobús,Transporte
Almuerzo,Alimentacion
Disney Plus,Ocio
Consulta medica,Salud
Pago mensual renta,Vivienda
Collar,Ocio
Tarjeta Metro,Transporte
Comida rapida,Alimentacion
Reparacion plomeria,Vivienda
TELCEL,Servicios
Gas LP,Servicios
Pago Paramount,Ocio
escuela,Educación
Té,Alimentacion
Alquiler vivienda,Vivienda
Decoracion casa,Vivienda
Análisis Laboratorio,Salud
Consola videojuego,Ocio
Disney Plus,Ocio
Libros escolares,Educación
Didi,Transporte
Pescado,Alimentacion
Alimentos,Alimentacion
Analisis de laboratorio,Salud
Libro,Ocio
Fibra óptica,Servicios
Matcha,Alimentacion
Walmart,Alimentacion
Gas Natural,Servicios
Mercado,Alimentacion
Cafeteria local,Alimentacion
Inscripción escolar,Educación
Gasolina Premium,Transporte
Pasaje de autobus,Transporte
Superercado,Alimentacion
Laboratorio,Salud
Televisión por cable,Servicios
CAFÉ,Alimentacion
streaming,Ocio
Laboratorio,Salud
Servicio agua,Servicios
Gimnasio,Servicios
Televisión por cable,Servicios
Tortillería,Alimentacion
Taxi,Transporte
Mensualidad Netflix,Ocio
Pago seguro vivienda,Vivienda
Mensualidad del gimnasio,Servicios
Despensa Walmart,Alimentacion
pantalon,Ocio
Limpieza del hogar,Vivienda
Museo,Ocio
Conferencia academica,Educación
Telefonia celular,Servicios
Curso inglés,Educación
Seminario academico,Educación
Antibióticos,Salud
Zapatos,Ocio
Servicio de plomería,Vivienda
laboratorio medico,Salud
restaurante,Alimentacion
Sombrero,Ocio
Curso ingles,Educación
Cita doctor,Salud
Suscripcion Disney,Ocio
Pago gas,Servicios
Recarga gas,Servicios
RENTA,Vivienda
Pago de hipoteca,Vivienda
Diplomado,Educación
PEMEX,Transporte
Cafe espresso,Alimentacion
gorra,Ocio
Pago servicio,Servicios
Medico,Salud
medicina,Salud
Análisis de laboratorio,Salud
Clase de baile,Ocio
Tren suburbano,Transporte
Camiseta,Ocio
Pago de luz,Servicios
CAMISETA,Ocio
tren suburbano,Transporte
RECIBO CFE,Servicios
Pago telefonía,Servicios
Medicamento,Salud
Compra alimentos,Alimentacion
Internet hogar,Servicios
Material escolar,Educación
Utensilios de cocina,Vivienda
Tour turistico,Ocio
Autobús,Transporte
Rappi comida,Alimentacion
Paseo turístico,Ocio
Fibra óptica,Servicios
Certificación profesional,Educación
transporte publico,Transporte
examen medico,Salud
Consulta médica,Salud
Pago Disney,Ocio
MEDICO,Salud
Colegiatura,Educación
Joyería,Ocio
Antibiótico,Salud
Medico,Salud
UBER,Transporte
Camión,Transporte
Autopista,Transporte
Pago gas natural,Servicios
Seguro médico,Salud
Abarrotes,Alimentacion
Servicio mantenimiento,Servicios
Fibra óptica,Servicios
disney,Ocio
Entrada evento,Ocio
Examen de laboratorio,Salud
recibo CFE,Servicios
Paseo,Ocio
Superercado,Alimentacion
Articulos limpieza,Vivienda
Museo,Ocio
Clases de inglés,Educación
Seminario académico,Educación
Hospitalización,Salud
gasolina premium,Transporte
RESTAURANTE,Alimentacion
Paramount,Ocio
Cómic,Ocio
Antibiotico,Salud
Pollo,Alimentacion
Gorra,Ocio
Electrodoméstico,Vivienda
Pago television por cable,Servicios
Mantenimiento departamento,Vivienda
gasolina premium,Transporte
COLEGIATURA,Educación
Curso idiomas,Educación
recarga telcel,Servicios
Tenis,Ocio
Servicio de plomería,Vivienda
galleta,Alimentacion
Reparacion casa,Vivienda
Viaje transporte,Transporte
Sombrero,Ocio
Examen médico,Salud
Material educativo,Educación
Autobús,Transporte
Inscripcion universidad,Educación
Credito hipotecario,Vivienda
Mantenimiento hogar,Vivienda
Clases de inglés,Educación
Estudio medico,Salud
gimnasio,Servicios
Yogur,Alimentacion
Mensualidad renta,Vivienda
Lentes,Ocio
Tarjeta Metro,Transporte
Cafetería local,Alimentacion
Clase de baile,Ocio
Reparacion hogar,Vivienda
Pago electricidad,Servicios
Pago de renta,Vivienda
Servicio medico,Salud
Conferencia académica,Educación
Set de ducha,Ocio
Servicio de limpieza,Servicios
Laboratorio médico,Salud
Surf,Ocio
Colegio,Educación
Pago electricidad,Servicios
Seguro medico,Salud
Material didactico,Educación
Concierto,Ocio
Gasolina,Transporte
Pescado,Alimentacion
Café espresso,Alimentacion
Carne,Alimentacion
Colegiatura,Educación
Muebles para sala,Vivienda
Mantenimiento casa,Vivienda
Clases de ingles,Educación
Seguro casa,Vivienda
Caseta,Transporte
Compra supermercado,Alimentacion
Boleto autobus,Transporte
Pago de colegiatura,Educación
Pago seguro medico,Salud
Pizza,Alimentacion
panaderia,Alimentacion
Reparacion plomeria,Vivienda
Reparación electrodoméstico,Vivienda
Carne,Alimentacion
Tour turistico,Ocio
Carga Gas LP,Servicios
Viaje Didi,Transporte
Herramientas,Vivienda
Uber,Transporte
Seguro casa,Vivienda
Carniceria,Alimentacion
Gimnasio,Servicios
Clases idiomas,Educación
Clases privadas,Educación
Cartera,Ocio
Tienda de abarrotes,Alimentacion
Reparacion electrodomestico,Vivienda
Viaje,Ocio
Lentes de sol,Ocio
Yogur,Alimentacion
Pasaje tren,Transporte
Pago universidad,Educación
Pago de Agua,Servicios
TIANGUIS,Alimentacion
Medicinas,Salud
recarga telcel,Servicios
Congreso academico,Educación
Tacos restaurante,Alimentacion
Pago de electricidad,Servicios
medicamento,Salud
Delivery de comida,Alimentacion
Pastilla,Salud
Compra muebles,Vivienda
Botanas,Alimentacion
Pago gimnasio,Servicios
Pago SACMEX,Servicios
Tianguis,Alimentacion
Boleto teatro,Ocio
Utiles escuela,Educación
Ferretería,Vivienda
Cablebus CDMX,Transporte
Pago agua,Servicios
Cita médica,Salud
Parking,Transporte
Pago seguro vivienda,Vivienda
Nutriólogo,Salud
Reparacion plomeria,Vivienda
Seminario,Educación
Cablebus CDMX,Transporte
Cuota autopista,Transporte
Certificación,Educación
UBER,Transporte
Almuerzo,Alimentacion
Servicio médico,Salud
gorra,Ocio
Mensualidad Netflix,Ocio
Mantenimiento hogar,Vivienda
Mensualidad universidad,Educación
autobus,Transporte
Entrada museo,Ocio
Decoracion del hogar,Vivienda
Cursos,Educación
Mensualidad del gimnasio,Servicios
natacion,Ocio
HIPOTECA,Vivienda
Gorra,Ocio
Comida rapida restaurante,Alimentacion
Didi,Transporte
Muebles,Vivienda
Comida restaurante,Alimentacion
Hospitalizacion,Salud
DOCTOR,Salud
Clases de matematicas,Educación
Mantenimiento servicio,Servicios
Laboratorio médico,Salud
Pago alquiler,Vivienda
Recibo servicio,Servicios
Artículos de limpieza,Vivienda
Pago de escuela,Educación
pago cfe,Servicios
Tortillas,Alimentacion
Medicinas,Salud
Estudios de laboratorio,Salud
gimnasio,Servicios
reloj,Ocio
Cuota escolar,Educación
Reparacion hogar,Vivienda
Vestido,Ocio
Telefonia celular,Servicios
Karaoke,Ocio
farmacia similares,Salud
Servicio de plomeria,Vivienda
Verduras,Alimentacion
taxi sitio,Transporte
Servicios de reparacion hogar,Vivienda
Servicio gasolinera,Transporte
Pago servicio,Servicios
Compra videojuego,Ocio
Inglés,Educación
Playera,Ocio
Clases de idiomas,Educación
Restaurante,Alimentacion
Seguro de gastos médicos,Salud
Te,Alimentacion
Servicio Uber,Transporte
recarga telcel,Servicios
Curso de internet,Educación
Servicio de cable,Servicios
Cable,Servicios
Reparacion hogar,Vivienda
Decoracion casa,Vivienda
Fotografia,Ocio
Recarga tarjeta metro,Transporte
Tacos,Alimentacion
Libro de texto,Educación
MEDICINA,Salud
Útiles escolares,Educación
alimentos,Alimentacion
Compra de comida,Alimentacion
Despensa Walmart,Alimentacion
Abono hipoteca,Vivienda
fruta,Alimentacion
Decoración del hogar,Vivienda
curso en linea,Educación
GASOLINA,Transporte
Tanque de gas,Servicios
Consulta dental,Salud
Recarga tarjeta metro,Transporte
ferreteria,Vivienda
Gimnasio,Servicios
Desayuno,Alimentacion
Mensualidad escolar,Educación
medico,Salud
Servicio de limpieza,Servicios
Pago de colegiatura,Educación
Pago gas,Servicios
Electrodoméstico,Vivienda
Mantenimiento caldera,Servicios
Taxi de sitio,Transporte
Inglés,Educación
ciclismo,Ocio
Pintura hogar,Vivienda
Pasaje autobus,Transporte
tortillas,Alimentacion
Pago internet,Servicios
Odontologo,Salud
Reparacion plomeria,Vivienda
LIBRO,Ocio
Renta,Vivienda
Clases particulares,Educación
Juego,Ocio
Pastillas,Salud
pantalon,Ocio
Productos de cuidado personal,Ocio
Decoración casa,Vivienda
Antibióticos,Salud
Urgencias médicas,Salud
Taller idiomas,Educación
Comida para llevar,Alimentacion
Accesorios de moda,Ocio
Mensualidad universidad,Educación
Café espresso,Alimentacion
SACMEX,Servicios
Compra ferreteria,Vivienda
Té y galletas,Alimentacion
ciclismo,Ocio
Combustible,Transporte
Servicio de limpieza,Servicios
Fibra optica,Servicios
Tren Suburbano,Transporte
Consulta especialista,Salud
tortillas,Alimentacion
articulos de limpieza,Vivienda
Paramount+,Ocio
Carga Gas LP,Servicios
camiseta,Ocio
Servicio de plomeria,Vivienda
Camión,Transporte
Pago seguro medico,Salud
Transporte público,Transporte
ESCUELA,Educación
Collar,Ocio
Pago television por cable,Servicios
curso,Educación
Odontologo,Salud
DIDI,Transporte
Pago de television por cable,Servicios
Material educativo,Educación
Utensilios de cocina,Vivienda
Tour ciudad,Ocio
Caseta,Transporte
Compra en farmacia,Salud
supermercado,Alimentacion
Comida rápida,Alimentacion
Mantenimiento casa,Vivienda
recibo de luz,Servicios
Pago colegiatura,Educación
Mensualidad del gimnasio,Servicios
CAFÉ,Alimentacion
Alquiler,Vivienda
Almuerzo,Alimentacion
Didi,Transporte
Museo,Ocio
Gasolina magna,Transporte
Farmacia Guadalajara,Salud
combustible,Transporte
Visita guiada,Ocio
Servicio gas,Servicios
Electrodomésticos,Vivienda
Laboratorio médico,Salud
Servicio gas,Servicios
Mensualidad universidad,Educación
Examen certificacion,Educación
Plan internet,Servicios
recarga telcel,Servicios
Servicios de reparación hogar,Vivienda
Didi Food,Alimentacion
Walmart,Alimentacion
Pasaje autobus,Transporte
supermercadoDESPENSA,Alimentacion
Tour turístico,Ocio
verdura,Alimentacion
Panaderia,Alimentacion
Doctor,Salud
Te y galletas,Alimentacion
curso,Educación
verdura,Alimentacion
Analisis de laboratorio,Salud
Examen certificación,Educación
Curso ingles,Educación
Crema corporal,Ocio
TIANGUIS,Alimentacion
netflix,Ocio
Comic,Ocio
Odontólogo,Salud
Examen medico,Salud
gasolina,Transporte
delivery comida,Alimentacion
Suscripción Disney,Ocio
Reparación plomería,Vivienda
Farmacias Guadalajara,Salud
Pago inscripcion,Educación
Muebles,Vivienda
Limpieza,Servicios
camiseta,Ocio
MAGNA,Transporte
Pasaje tren,Transporte
Tanque de gasolina,Transporte
Servicio telefónico,Servicios
Viaje Uber,Transporte
Compra de comida,Alimentacion
Reparación electrodoméstico,Vivienda
Seguro médico,Salud
Fotografia,Ocio
Recarga Telcel,Servicios
Caseta,Transporte
Festival música,Ocio
Suscripcion netflix,Ocio
Cita medica,Salud
Recibo gas,Servicios
Disney,Ocio
doctor,Salud
Suscripcion Disney,Ocio
Compra de tortillas,Alimentacion
Tutorías,Educación
Estudios de laboratorio,Salud
Taxi de sitio,Transporte
Colonia,Ocio
Compra medicamento,Salud
articulos de limpieza,Vivienda
Antibiótico,Salud
Recibo gas,Servicios
Servicio de cable,Servicios
Lentes,Ocio
Compra de tortillas,Alimentacion
Hospitalizacion,Salud
Combustible,Transporte
Tianguis,Alimentacion
Utiles escuela,Educación
Supermercado,Alimentacion
Tanque gasolina,Transporte
Recarga de gas,Servicios
Boleto de autobús,Transporte
Sombrero,Ocio
Tortillas,Alimentacion
Gas natural,Servicios
Cartera,Ocio
Clases privadas,Educación
Pista de hielo,Ocio
Cable,Servicios
Antibióticos,Salud
Clases de ingles,Educación
Tortilleria,Alimentacion
Curso en linea,Educación
Cafeteria,Alimentacion
Ingles,Educación
Disney+,Ocio
Electrodomésticos,Vivienda
Taxi de Sitio,Transporte
Servicio mantenimiento,Servicios
Visita turística,Ocio
Didi,Transporte
RENTA,Vivienda
MEDICINA,Salud
Parque diversiones,Ocio
Inscripcion escuela,Educación
Pintura para casa,Vivienda
Parking,Transporte
Rappi comida,Alimentacion
Ciclismo,Ocio
gasolina,Transporte
Urgencias médicas,Salud
Seminario académico,Educación
Libro,Ocio
tortilleria,Alimentacion
Fotografia,Ocio
MEDICO,Salud
Libros de texto,Educación
Servicio de cable,Servicios
Surf,Ocio
Muebles,Vivienda
Televisión por cable,Servicios
Limpieza casa,Servicios
Mensualidad universidad,Educación
Combustible,Transporte
Pastilla,Salud
doctor,Salud
PREMIUM,Transporte
Agua potable,Servicios
MEDICO,Salud
Comic,Ocio
Pago mensual renta,Vivienda
Pago de universidad,Educación
hipoteca,Vivienda
Taller idiomas,Educación
Pantalon,Ocio
Mantenimiento edificio,Vivienda
servicio streaming,Servicios
Pago telefonia,Servicios
Seguro de gastos médicos,Salud
Baile,Ocio
Taller idiomas,Educación
recibo CFE,Servicios
Limpieza del hogar,Vivienda
Comida rápida,Alimentacion
Taxi sitio,Transporte
Pago colegiatura,Educación
Accesorios,Ocio
Examen de laboratorio,Salud
Inscripcion escolar,Educación
CFE,Servicios
Pasaje tren,Transporte
Mantenimiento departamento,Vivienda
Autobus,Transporte
Medicinas,Salud
Pulsera,Ocio
Estacionamiento,Transporte
Compra supermercado,Alimentacion
Pago telefonia,Servicios
farmacia,Salud
pago cfe,Servicios
Comida rápida,Alimentacion
delivery comida,Alimentacion
Uber eats,Alimentacion
Comida rápida,Alimentacion
FERRETERIA,Vivienda
Carniceria,Alimentacion
Reparacion plomeria,Vivienda
Adornos hogar,Vivienda
Viaje Uber,Transporte
Ropa,Ocio
Servicio limpieza hogar,Servicios
Compra utiles escolares,Educación
Taxi,Transporte
Tour turístico,Ocio
gasolina premium,Transporte
camiseta,Ocio
Decoracion casa,Vivienda
Pago electricidad,Servicios
Boleto de autobus,Transporte
Didi,Transporte
Universidad,Educación
Curso de idiomas,Educación
autobus,Transporte
Walmart,Alimentacion
Curso de idiomas,Educación
Curso virtual,Educación
Ciclismo,Ocio
Curso online,Educación
MAGNA,Transporte
Servicio de limpieza,Servicios
Inglés,Educación
Seguro de gastos medicos,Salud
Taxi sitio,Transporte
Recarga Telcel,Servicios
medico,Salud
farmacia similares,Salud
Vitaminas,Salud
Electrodomésticos,Vivienda
Walmart,Alimentacion
Cartera,Ocio
Antibioticos,Salud
Clases de matemáticas,Educación
taxi,Transporte
Medicamentos,Salud
Tanque de gas,Servicios
Pago renta,Vivienda
Seguro casa,Vivienda
Cafeteria local,Alimentacion
Seguro de gastos médicos,Salud
cablebus,Transporte
Leche,Alimentacion
Transporte por aplicación,Transporte
Factura de agua,Servicios
Limpieza casa,Servicios
Clases particulares,Educación
Compra en tianguis,Alimentacion
Gasolinera,Transporte
cablebus,Transporte
Muebles para sala,Vivienda
Te,Alimentacion
certificacion,Educación
Videojuegos,Ocio
Peaje,Transporte
Pasaje tren,Transporte
Abono hipoteca ,Vivienda
Fisioterapia,Salud
Pintura hogar,Vivienda
laboratorio,Salud
Servicio limpieza hogar,Servicios
vegetal,Alimentacion
Cablebús,Transporte
Conferencia académica,Educación
Compra ropa,Ocio
Combustible,Transporte
Consulta medica,Salud
Pago telefonia,Servicios
Cafeteria local,Alimentacion
RECIBO CFE,Servicios
Fotografía,Ocio
Abono Hipoteca,Vivienda
Laboratorio médico,Salud
Mantenimiento casa,Vivienda
Plan internet,Servicios
CAFÉ,Alimentacion
Mantenimiento departamento,Vivienda
stream,Ocio
Matcha,Alimentacion
Pago de escuela,Educación
Electrodomestico,Vivienda
Recibo de gas,Servicios
Telefonia movil,Servicios
Materiales escolares,Educación
Material escolar,Educación
Transporte público,Transporte
Tortillas,Alimentacion
Agua embotellada,Alimentacion
Decoración casa,Vivienda
Analgésico,Salud
Frutas,Alimentacion
Reloj,Ocio
Tienda de ropa,Ocio
MAGNA,Transporte
Superercado,Alimentacion
Suscripción de streaming,Servicios
Certificación,Educación
Pasaje,Transporte
Cita doctor,Salud
Consulta nutricional,Salud
Suscripcion de streaming,Servicios
Seminario académico,Educación
Electrodoméstico,Vivienda
Factura de agua,Servicios
UNIVERSIDAD,Educación
Boleto autobus,Transporte
Pago de servicio,Servicios
Despensa quincenal,Alimentacion
Cuota autopista,Transporte
Cafe,Alimentacion
Concierto,Ocio
Articulos limpieza,Vivienda
Botanas,Alimentacion
Pintura interiores,Vivienda
Servicio mantenimiento,Servicios
WALMART,Alimentacion
Mercado,Alimentacion
Pago credito hipotecario,Vivienda
metro,Transporte
Uber,Transporte
Tour por ciudad,Ocio
Suscripción Disney,Ocio
Estudio medico,Salud
restaurante,Alimentacion
Pintura casa,Vivienda
DIDI,Transporte
Estacionamiento vehículo,Transporte
Telcel,Servicios
Pago inscripcion,Educación
Pago alquiler,Vivienda
Refrescos,Alimentacion
Uber eats,Alimentacion
gas natural,Servicios
Pago renta,Vivienda
recibo de luz,Servicios
Cablebús,Transporte
cablebus,Transporte
Consulta medica,Salud
Examen médico,Salud
HIPOTECA,Vivienda
Doctor,Salud
Articulos limpieza,Vivienda
renta,Vivienda
sacmex,Servicios
perfume,Ocio
Pago colegiatura,Educación
Pantalón,Ocio
doctor,Salud
CAFÉ,Alimentacion
Pago servicio,Servicios
Videojuego,Ocio
Reparación hogar,Vivienda
Farmacias Guadalajara,Salud
Estacionamiento,Transporte
Reparacion electrodomestico,Vivienda
gasolina premium,Transporte
Didi,Transporte
Television por cable,Servicios
pastillas,Salud
Recibo de servicio,Servicios
Pasaje urbano,Transporte
Cablebús,Transporte
Compra medicamentos,Salud
walmart,Alimentacion
Servicio agua,Servicios
Compra en supermercado,Alimentacion
Pago universidad,Educación
Cartera,Ocio
Antibiotico,Salud
FERRETERIA,Vivienda
Autopista,Transporte
Clases de matemáticas,Educación
Recibo CFE,Servicios
Plan internet,Servicios
Recarga Telcel,Servicios
Servicio de plomeria,Vivienda
Yogurt,Alimentacion
Cita medica,Salud
Rappi comida,Alimentacion
Camión,Transporte
Pago de television por cable,Servicios
Terapia física,Salud
Comida rapida,Alimentacion
Productos de limpieza,Vivienda
Accesorios de moda,Ocio
Pago de Agua,Servicios
Examen certificacion,Educación
Pago de escuela,Educación
Pago de celular,Servicios
Pago seguro medico,Salud
Latte,Alimentacion
Compra de comida,Alimentacion
Adornos para casa,Vivienda
Inglés,Educación
Libro escolar,Educación
examen medico,Salud
Gas natural,Servicios
Analgesico,Salud
combustible,Transporte
Clases privadas,Educación
Productos de cuidado personal,Ocio
Pago renta,Vivienda
pastilla,Salud
Curso de internet,Educación
Productos de cuidado personal,Ocio
Libros escolares,Educación
Artículos limpieza,Vivienda
Panaderia,Alimentacion
UBER,Transporte
Congreso académico,Educación
Taller de idiomas,Educación
recibo CFE,Servicios
Pago inscripción,Educación
Tortillería,Alimentacion
laboratorio medico,Salud
Clase particular,Educación
MEDICINA,Salud
ciclismo,Ocio
Tanque de gasolina,Transporte
Reparación electrodoméstico,Vivienda
Reparacion electrodomestico,Vivienda
Gasolina,Transporte
Zapatos,Ocio
Carniceria,Alimentacion
Mensualidad universidad,Educación
Telefonía móvil,Servicios
Mensualidad universidad,Educación
HIPOTECA,Vivienda
Recibo servicio,Servicios
Productos para hogar,Vivienda
Análisis de laboratorio,Salud
Viaje Didi,Transporte
Abarrotes tienda,Alimentacion
Mantenimiento caldera,Servicios
Suscripción de streaming,Servicios
Tanque de gasolina,Transporte
Clases de idiomas,Educación
Videojuegos,Ocio
Mensualidad renta,Vivienda
Credito hipotecario,Vivienda
Frutas y verduras,Alimentacion
Entrada cine,Ocio
recarga telcel,Servicios
Frutas,Alimentacion
gorra,Ocio
Dentista,Salud
pantalon,Ocio
Tutorias,Educación
Medicinas,Salud
Útiles escuela,Educación
Pago de universidad,Educación
Receta medica,Salud
Bolso,Ocio
pastillas,Salud
Medico,Salud
Hipoteca,Vivienda
Medico,Salud
Adornos hogar,Vivienda
UBER,Transporte
Laboratorio médico,Salud
Gasolina Magna,Transporte
senderismo,Ocio
Parque de diversiones,Ocio
Examen medico,Salud
Cine,Ocio
Recarga Telcel,Servicios
Pago gimnasio,Servicios
Reparación de plomería,Vivienda
Mensualidad escuela,Educación
Gasolina magna,Transporte
Estudio médico,Salud
Examen certificación,Educación
TAXI,Transporte
Despensa,Alimentacion
Odontologo,Salud
Compra medicamento,Salud
Telefonia celular,Servicios
Receta medica,Salud
recibo CFE,Servicios
Pasaje tren,Transporte
Telefonía móvil,Servicios
Tienda de ropa,Ocio
Televisión por cable,Servicios
pemex,Transporte
Pago combustible,Transporte
Material de estudio,Educación
Crema,Ocio
Servicio Didi,Transporte
Cita médica,Salud
Pago Netflix,Ocio
Suscripcion Disney,Ocio
Reparacion tuberia,Vivienda
Uber eats,Alimentacion
MEDICINA,Salud
Farmacia similares,Salud
Clases de matemáticas,Educación
TIANGUIS,Alimentacion
Baile,Ocio
Tienda de abarrotes,Alimentacion
Hobby,Ocio
Curso inglés,Educación
Materiales escolares,Educación
Tarjeta Metro,Transporte
Pago servicio,Servicios
Televisión por cable,Servicios
Curso en línea,Educación
Mantenimiento edificio,Vivienda
Muebles para sala,Vivienda
Parking,Transporte
plomeria,Vivienda
Kit de ducha,Ocio
Inscripcion universidad,Educación
Pintura hogar,Vivienda
Pago de servicio,Servicios
Telefonía celular,Servicios
Servicio spa,Ocio
Farmacia,Salud
Farmacias Guadalajara,Salud
Curso de internet,Educación
transporte publico,Transporte
Mensualidad gimnasio,Servicios
Mensualidad escolar,Educación
Seguro de casa,Vivienda
Seguro vivienda,Vivienda
Suscripcion Netflix,Ocio
Tarjeta movilidad,Transporte
Leche,Alimentacion
Tren Suburbano,Transporte
CFE,Servicios
Nutriologo,Salud
Pago mensual renta,Vivienda
Examen certificacion,Educación
HIPOTECA,Vivienda
Farmacia,Salud
laboratorio,Salud
Boletos cine,Ocio
laboratorio,Salud
senderismo,Ocio
Terapia física,Salud
Mantenimiento de caldera,Servicios
Seminario academico,Educación
Clases de inglés,Educación
Pasaje urbano,Transporte
Examen médico,Salud
Servicio Uber,Transporte
Transporte por aplicación,Transporte
Curso en linea,Educación
Pastilla,Salud
Peaje,Transporte
Pago gas natural,Servicios
recibo de luz,Servicios
gimnasio,Servicios
Boleto evento,Ocio
Consulta doctor,Salud
PREMIUM,Transporte
Telcel,Servicios
Electrodomesticos,Vivienda
Comisión Federal de Electricidad,Servicios
Didi,Transporte
Transporte urbano,Transporte
Pintura casa,Vivienda
Bolso,Ocio
Compra de muebles,Vivienda
Nutriólogo,Salud
Análisis Laboratorio,Salud
Alquiler,Vivienda
Pago seguro medico,Salud
MEDICO,Salud
curso,Educación
Festival,Ocio
combustible,Transporte
Clases de matemáticas,Educación
Pastilla,Salud
Galletas,Alimentacion
Compra de muebles,Vivienda
Festival música,Ocio
pago agua,Servicios
Carga gas LP,Servicios
Abono hipoteca,Vivienda
Didi,Transporte
Servicio médico,Salud
Antibioticos,Salud
Ropa,Ocio
Pago mensual renta,Vivienda
Combustible,Transporte
Boleto teatro,Ocio
Articulos limpieza,Vivienda
playera,Ocio
Material escolar,Educación
doctor,Salud
Compra útiles escolares,Educación
Recarga tarjeta metro,Transporte
plomeria,Vivienda
Reparación caldera,Servicios
Camión,Transporte
Uber viaje,Transporte
Patinaje,Ocio
Inscripcion escuela,Educación
comida rapida,Alimentacion
PREMIUM,Transporte
Comic,Ocio
Seminario academico,Educación
autobus,Transporte
articulos de limpieza,Vivienda
gasolina,Transporte
Suscripcion Paramount,Ocio
Visita turística,Ocio
gasolina premium,Transporte
Crédito hipotecario,Vivienda
Pago agua,Servicios
Escuela,Educación
patinaje,Ocio
Estudios de laboratorio,Salud
Queso,Alimentacion
panaderia,Alimentacion
Psicologo,Salud
Terapia fisica,Salud
Limpieza del hogar,Vivienda
Pago de gimnasio,Servicios
Clases de idiomas,Educación
Análisis Laboratorio,Salud
Vitaminas,Salud
Pago agua,Servicios
gasolina magna,Transporte
Streaming,Servicios
Inscripción escolar,Educación
Farmacia del Ahorro,Salud
Walmart,Alimentacion
Comida en restaurante,Alimentacion
TAXI,Transporte
Internet,Servicios
vegetales,Alimentacion
Muebles para sala,Vivienda
Pago de celular,Servicios
Recarga tarjeta transporte,Transporte
Natacion,Ocio
Carga gasolina,Transporte
Seminario académico,Educación
cfe,Servicios
Pedido comida,Alimentacion
Bolso,Ocio
Café espresso,Alimentacion
Tutorias,Educación
gasolina magna,Transporte
Consulta con doctor,Salud
Inscripcion universidad,Educación
Nutriólogo,Salud
Carga gas LP,Servicios
combustible,Transporte
UBER,Transporte
Compra en supermercado,Alimentacion
Seguro medico,Salud
Servicio limpieza,Servicios
uber,Transporte
Mensualidad escuela,Educación
renta,Vivienda
comida,Alimentacion
Reparacion hogar,Vivienda
Productos de limpieza,Vivienda
Yogur,Alimentacion
ESCUELA,Educación
Seguro de gastos médicos,Salud
analisis laboratorio,Salud
Servicio cable,Servicios
Metro,Transporte
Pastillas,Salud
Adornos hogar,Vivienda
HIPOTECA,Vivienda
Mantenimiento caldera,Servicios
Telefonia celular,Servicios
Servicio gasolinera,Transporte
Pago CFE,Servicios
Lentes para sol,Ocio
Jarabe,Salud
Natación,Ocio
Cocina,Vivienda
Curso online,Educación
Servicios de reparacion hogar,Vivienda
Autobus,Transporte
Compra de alimentos,Alimentacion
Pago de universidad,Educación
Pago servicio,Servicios
Delivery de comida,Alimentacion
Ropa,Ocio
Ingles,Educación
Metró,Transporte
Obra de teatro,Ocio
Abarrotes,Alimentacion
Compra de comida,Alimentacion
Carnicería,Alimentacion
vegetales,Alimentacion
Colegiatura,Educación
Mantenimiento casa,Vivienda
Consulta médica,Salud
Pago de luz,Servicios
Pago renta,Vivienda
Reparacion tuberia,Vivienda
Clases particulares,Educación
Cuota autopista,Transporte
Pago agua,Servicios
Transporte publico,Transporte
Cocina,Vivienda
concierto,Ocio
Boleto autobus,Transporte
Gym,Servicios
farmacia similares,Salud
Pan,Alimentacion
Telefonía móvil,Servicios
combustible,Transporte
Huevos,Alimentacion
DIDI,Transporte
Medicinas,Salud
analisis laboratorio,Salud
Servicio de agua,Servicios
Pintura para casa,Vivienda
Clases de ingles,Educación
patinaje,Ocio
Agua potable,Servicios
Psicologo,Salud
ropa,Ocio
Universidad,Educación
Hamburguesa,Alimentacion
Pintura casa,Vivienda
Renta,Vivienda
dentista,Salud
CAFÉ,Alimentacion
paramount,Ocio
Paseo,Ocio
MEDICINA,Salud
Autopista,Transporte
Médico,Salud
Pasaje tren,Transporte
Farmacia Guadalajara,Salud
Recarga tarjeta metro,Transporte
Renta,Vivienda
taxi sitio,Transporte
Hipoteca,Vivienda
Servicio streaming,Servicios
Despensa,Alimentacion
tianguis,Alimentacion
Comisión Federal de Electricidad,Servicios
Medicina,Salud
Decoración casa,Vivienda
Cablebús,Transporte
farmacia,Salud
Estacionamiento vehículo,Transporte
Electricidad,Servicios
Karaoke,Ocio
Cafeteria,Alimentacion
Camión,Transporte
Pago combustible,Transporte
recarga telcel,Servicios
Visita guiada,Ocio
Pago mensualidad escolar,Educación
Utiles escolares,Educación
Medicamentos,Salud
Cafe espresso,Alimentacion
Festival música,Ocio
Agua potable,Servicios
Frances,Educación
Consulta con doctor,Salud
Colegiatura,Educación
Clases de ingles,Educación
Tutorias,Educación
Compra de alimentos,Alimentacion
Curso inglés,Educación
Compra electrodomestico,Vivienda
Taxi de sitio,Transporte
recarga telcel,Servicios
Combustible,Transporte
Libros de texto,Educación
Medicamento farmacia,Salud
comida,Alimentacion
uber,Transporte
Tren suburbano,Transporte
Disney Plus,Ocio
gimnasio,Servicios
Boleto evento,Ocio
Hobby,Ocio
Recibo de agua,Servicios
Examen certificacion,Educación
vegetales,Alimentacion
Gas natural,Servicios
UBER,Transporte
Artículos limpieza,Vivienda
galleta,Alimentacion
Medicina,Salud
Analisis de laboratorio,Salud
tortillas,Alimentacion
Pintura interiores,Vivienda
Servicio Didi,Transporte
Teatro,Ocio
Pasaje,Transporte
Fibra óptica,Servicios
Seguro médico,Salud
Cafetería local,Alimentacion
Pago crédito hipotecario,Vivienda
Pago mensual renta,Vivienda
Tenis,Ocio
Festival musica,Ocio
Compra de despensa,Alimentacion
Mensualidad escuela,Educación
combustible,Transporte
Gasolinera PEMEX,Transporte
Internet,Servicios
Decoración casa,Vivienda
Festival música,Ocio
Autopista,Transporte
escuela,Educación
Recarga Metro,Transporte
Medico,Salud
didi,Transporte
Almuerzo,Alimentacion
Pasaje tren,Transporte
gasolina premium,Transporte
Supermercado,Alimentacion
Reparación de plomería,Vivienda
Cita doctor,Salud
Mensualidad del gimnasio,Servicios
galleta,Alimentacion
Compra videojuego,Ocio
Metro,Transporte
Gas Natural,Servicios
Carga de gasolina,Transporte
Novela,Ocio
Compra limpieza hogar,Vivienda
Pintura para interiores,Vivienda
Ferreteria,Vivienda
Superercado,Alimentacion
Decoracion casa,Vivienda
Examen laboratorio,Salud
Panadería,Alimentacion
Clases de ingles,Educación
Pago caseta,Transporte
gasolina,Transporte
Hamburguesa,Alimentacion
Pintura casa,Vivienda
Decoración del hogar,Vivienda
Mensualidad universidad,Educación
Carga gas LP,Servicios
Clases privadas,Educación
Cuota de mantenimiento,Vivienda
muebles,Vivienda
GYM,Servicios
Examen laboratorio,Salud
Curso idiomas,Educación
Transporte publico,Transporte
WALMART,Alimentacion
Servicio internet,Servicios
Laboratorio,Salud
Festival música,Ocio
Pantalon,Ocio
Decoración casa,Vivienda
Pago celular,Servicios
Útiles escuela,Educación
Recarga Metro,Transporte
Certificacion,Educación
Pantalón,Ocio
Examen certificacion,Educación
Servicio caldera,Servicios
Fragancia,Ocio
cablebus,Transporte
Medicamentos,Salud
Taller de idiomas,Educación
Accesorios,Ocio
comida,Alimentacion
Pago electricidad,Servicios
pintura,Vivienda
Latte,Alimentacion
Compra despensa,Alimentacion
recibo de luz,Servicios
MAGNA,Transporte
Análisis Laboratorio,Salud
Pago de universidad,Educación
Transporte público,Transporte
Colegio,Educación
Clase de baile,Ocio
Odontólogo,Salud
Recibo CFE,Servicios
Electricidad,Servicios
Libro,Ocio
Taxi de sitio,Transporte
Laboratorio médico,Salud
Antibióticos,Salud
Estudio médico,Salud
Análisis de laboratorio,Salud
Mensualidad Netflix,Ocio
Gasolina,Transporte
Cena en restaurante,Alimentacion
Tour por ciudad,Ocio
Netflix,Ocio
Taxi de Sitio,Transporte
Servicio telefonico,Servicios
Taller idiomas,Educación
Vestido,Ocio
Leche,Alimentacion
Juego,Ocio
Pago agua,Servicios
TAXI,Transporte
Cuota de mantenimiento,Vivienda
Entrada evento,Ocio
Fotografía,Ocio
Suscripcion de streaming,Servicios
Factura agua,Servicios
Compra en mercado,Alimentacion
Alquiler,Vivienda
Cuota escolar,Educación
Conferencia académica,Educación
Decoracion del hogar,Vivienda
PEMEX,Transporte
Consulta dental,Salud
Laboratorio,Salud
Libro de texto,Educación
Galletas,Alimentacion
Carga gasolina,Transporte
ESCUELA,Educación
Pago cable,Servicios
Compra medicamentos,Salud
Mueble para sala,Vivienda
Pago SACMEX,Servicios
Taxi sitio,Transporte
Evento,Ocio
Comisión Federal de Electricidad,Servicios
Parking,Transporte
Doctor,Salud
Compra farmacia,Salud
Curso idiomas,Educación
Vitaminas,Salud
Analgésico,Salud
restaurante,Alimentacion
Diplomado profesional,Educación
Cafe de cafeteria,Alimentacion
Compra de muebles,Vivienda
Suscripcion netflix,Ocio
Gasolina magna,Transporte
Pago cable,Servicios
Pago de hipoteca,Vivienda
Servicio Didi,Transporte
Hospital,Salud
Clases idiomas,Educación
PEMEX,Transporte
Gym,Servicios
Té,Alimentacion
taxi sitio,Transporte
Tienda de abarrotes,Alimentacion
Comida rápida,Alimentacion
Tanque gas,Servicios
Servicio limpieza hogar,Servicios
limpieza,Servicios
Farmacia Similares,Salud
Pollo,Alimentacion
Disney,Ocio
Seguro de vivienda,Vivienda
Pan dulce,Alimentacion
Té,Alimentacion
Comisión Federal de Electricidad,Servicios
Tour turistico,Ocio
Mensualidad universidad,Educación
Té,Alimentacion
Transporte publico,Transporte
Internet,Servicios
Pedido comida,Alimentacion
Pago mensualidad escolar,Educación
Reparacion plomeria,Vivienda
Autobus,Transporte
Parque de diversiones,Ocio
Reparación plomería,Vivienda
Streaming,Servicios
Seguro de gastos medicos,Salud
Nutriologo,Salud
articulos de limpieza,Vivienda
combustible,Transporte
Pago de universidad,Educación
Decoracion hogar,Vivienda
Cita médica,Salud
combustible,Transporte
Articulos limpieza,Vivienda
dentista,Salud
cartera,Ocio
Cómic,Ocio
gas natural,Servicios
Tarjeta movilidad,Transporte
Artículos de limpieza,Vivienda
Estudio médico,Salud
TAXI,Transporte
Clases de matemáticas,Educación
Pago de universidad,Educación
Pago luz,Servicios
Compra medicamento,Salud
netflix,Ocio
Gas LP,Servicios
Libro de texto,Educación
Compra medicamentos,Salud
Seguro vivienda,Vivienda
Combustible,Transporte
Mueble para sala,Vivienda
Transporte urbano,Transporte
supermercado,Alimentacion
Clases privadas,Educación
Autobus,Transporte
MAGNA,Transporte
certificacion,Educación
surf,Ocio
Compra en mercado,Alimentacion
Crédito hipotecario,Vivienda
Clases de matematicas,Educación
Carnicería,Alimentacion
Pago inscripción,Educación
Lacteos,Alimentacion
Entrada cine,Ocio
Cablebús,Transporte
Panadería,Alimentacion
Entrada concierto,Ocio
Servicio de limpieza,Servicios
Decoracion casa,Vivienda
Pasaje de autobus,Transporte
Servicio cable,Servicios
colegiatura,Educación
Colegiatura,Educación
Compra medicamento,Salud
Boleto de autobús,Transporte
tortilleria,Alimentacion
Servicio limpieza hogar,Servicios
Paseo,Ocio
Seguro vivienda,Vivienda
Recibo CFE,Servicios
Cita doctor,Salud
HIPOTECA,Vivienda
Farmacia,Salud
Suscripcion de streaming,Servicios
Pago mensualidad escolar,Educación
Viaje en taxi,Transporte
Uber Eats,Alimentacion
Examen certificacion,Educación
Plomeria,Vivienda
Pantalon,Ocio
Compra electrodoméstico,Vivienda
Cursos,Educación
Natacion,Ocio
electricidad,Servicios
Pago de colegiatura,Educación
Material educativo,Educación
laboratorio medico,Salud
Estudios de laboratorio,Salud
Consulta doctor,Salud
Walmart,Alimentacion
combustible,Transporte
Renta,Vivienda
Superercado,Alimentacion
Servicio Didi,Transporte
CFE pago,Servicios
Pago limpieza,Servicios
Antibiotico,Salud
Telcel,Servicios
tortillas,Alimentacion
Delivery de comida,Alimentacion
Ferreteria,Vivienda
Estudio médico,Salud
panaderia,Alimentacion
MEDICINA,Salud
Conferencia academica,Educación
Comida en restaurante,Alimentacion
Compra videojuego,Ocio
Suscripción Paramount,Ocio
Pago celular mensual,Servicios
Plomeria,Vivienda
Recarga Telcel,Servicios
Productos para hogar,Vivienda
Pantalon,Ocio
Pintura casa,Vivienda
Pollo,Alimentacion
Despensa Walmart,Alimentacion
Examen de laboratorio,Salud
Servicio agua,Servicios
medicamento,Salud
Pescado,Alimentacion
TAXI,Transporte
Compra libro escolar,Educación
Telcel,Servicios
Plomería,Vivienda
Botanas,Alimentacion
Servicio telefonico,Servicios
Pago combustible,Transporte
Metró,Transporte
Gym,Servicios
Compra útiles escolares,Educación
Medicina,Salud
Viaje en taxi,Transporte
Compra de comida,Alimentacion
Conferencia académica,Educación
Pago escuela,Educación
Transporte urbano,Transporte
Entrada cine,Ocio
Servicio internet,Servicios
Tacos,Alimentacion
Hipoteca,Vivienda
Pago gimnasio,Servicios
Suscripción Disney,Ocio
Medicamento farmacia,Salud
Curso en línea,Educación
Electricidad,Servicios
Servicio mantenimiento,Servicios
Estacionamiento,Transporte
Disney+,Ocio
Doctor,Salud
Comida rápida,Alimentacion
Compra en supermercado,Alimentacion
Ingles,Educación
Pago caseta,Transporte
pago cfe,Servicios
combustible,Transporte
DOCTOR,Salud
Mantenimiento del edificio,Vivienda
Terapia física,Salud
Tortillería,Alimentacion
Seguro de casa,Vivienda
Compra de ropa,Ocio
Compra electrodomestico,Vivienda
Servicio telefónico,Servicios
Reparación plomería,Vivienda
Suscripción Disney,Ocio
combustible,Transporte
Material de estudio,Educación
WALMART,Alimentacion
Reparación casa,Vivienda
Compra libro,Ocio
Artículos limpieza,Vivienda
Reparacion plomeria,Vivienda
Electrodomésticos,Vivienda
Television por cable,Servicios
Reparación hogar,Vivienda
Vestido,Ocio
Cafeteria,Alimentacion
Carga gas LP,Servicios
Galletas,Alimentacion
farmacia,Salud
Jarabe,Salud
Clases particulares,Educación
electricidad,Servicios
universidad,Educación
MEDICINA,Salud
Factura de agua,Servicios
Disney Plus,Ocio
playera,Ocio
Cómic,Ocio
panaderia,Alimentacion
Agua potable,Servicios
Ingles,Educación
Medicamento farmacia,Salud
Panadería,Alimentacion
PERFUME,Ocio
Recarga Telcel,Servicios
Examen certificación,Educación
consulta medica,Salud
Material didactico,Educación
Recarga tarjeta movilidad,Transporte
Ferretería,Vivienda
Articulos de limpieza,Vivienda
Pago Telcel,Servicios
Libros de texto,Educación
Pintura hogar,Vivienda
Carniceria,Alimentacion
RECIBO CFE,Servicios
Cómic,Ocio
Inscripcion escolar,Educación
Urgencias medicas,Salud
Pago Telcel,Servicios
Consulta doctor,Salud
Boleto cablebus,Transporte
Pasaje autobus,Transporte
Libros de texto,Educación
Certificacion,Educación
Compra en tianguis,Alimentacion
Consulta medica,Salud
Gasolinera PEMEX,Transporte
playera,Ocio
Pizza,Alimentacion
UberEats,Alimentacion
fruta,Alimentacion
Consulta especialista,Salud
Ropa,Ocio
Juego,Ocio
Mantenimiento servicio,Servicios
combustible,Transporte
Servicio medico,Salud
Antibiótico,Salud
Compra medicamentos,Salud
Escuela,Educación
Cuota de mantenimiento,Vivienda
Ropa,Ocio
Cita doctor,Salud
Compra supermercado,Alimentacion
farmacia similares,Salud
Decoracion hogar,Vivienda
vegetales,Alimentacion
autobus,Transporte
Compra en mercado,Alimentacion
Estacionamiento vehículo,Transporte
Compra medicamentos,Salud
Inscripción curso,Educación
Utensilios de cocina,Vivienda
Estudios de laboratorio,Salud
GAS LP,Servicios
Curso de idiomas,Educación
Pintura interiores,Vivienda
Reparación hogar,Vivienda
Comida,Alimentacion
Comision Federal de Electricidad,Servicios
Viaje Uber,Transporte
Despensa quincenal,Alimentacion
Viaje transporte,Transporte
Material escolar,Educación
medico,Salud
Certificación,Educación
netflix,Ocio
CAMISETA,Ocio
tortilleria,Alimentacion
Muebles para sala,Vivienda
Pago seguro vivienda,Vivienda
dentista,Salud
Decoracion casa,Vivienda
Decoracion hogar,Vivienda
medicamento,Salud
Servicio de plomeria,Vivienda
Universidad,Educación
Análisis Laboratorio,Salud
Taxi Didi,Transporte
Viaje Uber,Transporte
Ferreteria,Vivienda
Tour por ciudad,Ocio
Despensa mensual,Alimentacion
Comida,Alimentacion
Pasaje,Transporte
Pago servicio,Servicios
cafe,Alimentacion
Comida en restaurante,Alimentacion
Pago celular,Servicios
Pago SACMEX,Servicios
Antibióticos,Salud
pastilla,Salud
servicio streaming,Servicios
Pago gas natural,Servicios
Natacion,Ocio
Estudio medico,Salud
Tarjeta Metro,Transporte
Autopista,Transporte
Pan dulce,Alimentacion
UberEats,Alimentacion
Compra en supermercado,Alimentacion
laboratorio,Salud
Compra libro,Ocio
Limpieza del hogar,Vivienda
Clases de matematicas,Educación
Transporte publico,Transporte
stream,Ocio
Pastilla,Salud
Mensualidad renta,Vivienda
muebles,Vivienda
Boleto de autobús,Transporte
Jugo,Alimentacion
Mochila,Ocio
